"熟語","読み","出題級","種類","ほかの読み","よく使う順位","出典","校正状態"
"日本","にほん","6級から","","にほん / にっぽん","102","国語辞典(JMdict)｜よく使う二字熟語","校正不要"
"自分","じぶん","6級から","","","114","常用漢字表","校正不要"
"問題","もんだい","6級から","","","122","常用漢字表","校正不要"
"時間","じかん","6級から","","","163","常用漢字表","校正不要"
"場合","ばあい","6級から","","","167","国語辞典(JMdict)｜よく使う二字熟語","校正不要"
"必要","ひつよう","6級から","","","168","常用漢字表","校正不要"
"情報","じょうほう","6級から","","","170","常用漢字表","校正不要"
"今日","きょう","6級から","熟字訓","きょう / こんにち / こんち / こんじつ","201","常用漢字表（付表・熟字訓）","校正不要"
"関係","かんけい","6級から","","","203","常用漢字表","校正不要"
"委員","いいん","6級から","","","205","常用漢字表","校正不要"
"世界","せかい","6級から","","","211","常用漢字表","校正不要"
"社会","しゃかい","6級から","","","220","常用漢字表","校正不要"
"仕事","しごと","6級から","","","226","常用漢字表","校正不要"
"記事","きじ","6級から","","","229","国語辞典(JMdict)｜よく使う二字熟語","校正不要"
"意味","いみ","6級から","","","244","常用漢字表","校正不要"
"以上","いじょう","6級から","","","247","常用漢字表","校正不要"
"会社","かいしゃ","6級から","","","250","常用漢字表","校正不要"
"人間","にんげん","6級から","","にんげん / じんかん","258","常用漢字表","校正不要"
"現在","げんざい","6級から","","","264","常用漢字表","校正不要"
"可能","かのう","6級から","","","271","常用漢字表","校正不要"
"研究","けんきゅう","6級から","","","272","常用漢字表","校正不要"
"今回","こんかい","6級から","","","279","国語辞典(JMdict)｜よく使う二字熟語","校正不要"
"言葉","ことば","6級から","","","283","常用漢字表","校正不要"
"経済","けいざい","5級から","","","291","常用漢字表","校正不要"
"最近","さいきん","6級から","","","297","常用漢字表","校正不要"
"結果","けっか","6級から","","","298","常用漢字表","校正不要"
"映画","えいが","5級から","","","302","常用漢字表","校正不要"
"先生","せんせい","6級から","","せんせい / せんじょう / せんしょう","304","常用漢字表","校正不要"
"生活","せいかつ","6級から","","","305","常用漢字表","校正不要"
"時代","じだい","6級から","","","309","国語辞典(JMdict)｜よく使う二字熟語","校正不要"
"政府","せいふ","6級から","","","310","常用漢字表","校正不要"
"非常","ひじょう","6級から","","","311","常用漢字表","校正不要"
"内容","ないよう","6級から","","","318","常用漢字表","校正不要"
"説明","せつめい","6級から","","","324","常用漢字表","校正不要"
"写真","しゃしん","6級から","","","326","常用漢字表","校正不要"
"教育","きょういく","6級から","","","329","常用漢字表","校正不要"
"女性","じょせい","6級から","","じょせい / にょしょう","330","国語辞典(JMdict)｜よく使う二字熟語","校正不要"
"子供","こども","5級から","","","331","常用漢字表","校正不要"
"方法","ほうほう","6級から","","","332","常用漢字表","校正不要"
"利用","りよう","6級から","","","337","国語辞典(JMdict)｜よく使う二字熟語","校正不要"
"技術","ぎじゅつ","6級から","","","342","常用漢字表","校正不要"
"名前","なまえ","6級から","","","345","常用漢字表","校正不要"
"参加","さんか","6級から","","","346","常用漢字表","校正不要"
"活動","かつどう","6級から","","","357","常用漢字表","校正不要"
"東京","とうきょう","6級から","","とうきょう / とうけい","358","国語辞典(JMdict)｜よく使う二字熟語","校正不要"
"管理","かんり","6級から","","","365","常用漢字表","校正不要"
"地域","ちいき","5級から","","","371","常用漢字表","校正不要"
"実際","じっさい","6級から","","","375","国語辞典(JMdict)｜よく使う二字熟語","校正不要"
"中国","ちゅうごく","6級から","","ちゅうごく / ちゅうこく","376","国語辞典(JMdict)｜よく使う二字熟語","校正不要"
"個人","こじん","6級から","","","381","常用漢字表","校正不要"
"意見","いけん","6級から","","","382","常用漢字表","校正不要"
"状態","じょうたい","6級から","","","383","常用漢字表","校正不要"
"大学","だいがく","6級から","","","385","常用漢字表","校正不要"
"存在","そんざい","5級から","","","387","常用漢字表","校正不要"
"最後","さいご","6級から","","","388","国語辞典(JMdict)｜対義語・熟語の構成で使う語","校正不要"
"理解","りかい","6級から","","","394","常用漢字表","校正不要"
"学校","がっこう","6級から","","","395","常用漢字表","校正不要"
"部分","ぶぶん","6級から","","","396","常用漢字表","校正不要"
"電話","でんわ","6級から","","","400","国語辞典(JMdict)｜よく使う二字熟語","校正不要"
"日記","にっき","6級から","","","407","国語辞典(JMdict)｜よく使う二字熟語","校正不要"
"制度","せいど","6級から","","","410","常用漢字表","校正不要"
"使用","しよう","6級から","","","411","常用漢字表","校正不要"
"事業","じぎょう","6級から","","","412","国語辞典(JMdict)｜よく使う二字熟語","校正不要"
"固定","こてい","6級から","","","416","常用漢字表","校正不要"
"調査","ちょうさ","6級から","","","417","常用漢字表","校正不要"
"基本","きほん","6級から","","","418","国語辞典(JMdict)｜よく使う二字熟語","校正不要"
"関連","かんれん","6級から","","","420","常用漢字表","校正不要"
"開発","かいはつ","6級から","","かいはつ / かいほつ","424","国語辞典(JMdict)｜よく使う二字熟語","校正不要"
"音楽","おんがく","6級から","","","426","常用漢字表","校正不要"
"一番","いちばん","6級から","","いちばん / ひとつがい","427","国語辞典(JMdict)｜よく使う二字熟語","校正不要"
"作品","さくひん","6級から","","","429","常用漢字表","校正不要"
"重要","じゅうよう","6級から","","","431","常用漢字表","校正不要"
"出来","しゅったい","6級から","","しゅったい / しゅつらい / でき","433","国語辞典(JMdict)｜よく使う二字熟語","校正不要"
"最初","さいしょ","6級から","","","435","常用漢字表","校正不要"
"国民","こくみん","6級から","","こくみん / くにたみ","438","常用漢字表","校正不要"
"事件","じけん","6級から","","","449","常用漢字表","校正不要"
"英語","えいご","6級から","","","450","国語辞典(JMdict)｜よく使う二字熟語","校正不要"
"質問","しつもん","6級から","","","452","常用漢字表","校正不要"
"主義","しゅぎ","6級から","","","460","国語辞典(JMdict)｜よく使う二字熟語","校正不要"
"理由","りゆう","6級から","","りゆう / わけ","465","常用漢字表","校正不要"
"場所","ばしょ","6級から","","","475","常用漢字表","校正不要"
"機能","きのう","6級から","","","476","国語辞典(JMdict)｜よく使う二字熟語","校正不要"
"労働","ろうどう","6級から","","","479","常用漢字表","校正不要"
"相手","あいて","6級から","","","484","常用漢字表","校正不要"
"国際","こくさい","6級から","","","485","常用漢字表","校正不要"
"自身","じしん","6級から","","","486","国語辞典(JMdict)｜よく使う二字熟語","校正不要"
"計画","けいかく","6級から","","","489","常用漢字表","校正不要"
"政治","せいじ","6級から","","","491","常用漢字表","校正不要"
"今後","こんご","6級から","","","503","常用漢字表","校正不要"
"文化","ぶんか","6級から","","","507","常用漢字表","校正不要"
"大変","たいへん","6級から","","","511","常用漢字表","校正不要"
"評価","ひょうか","6級から","","","514","常用漢字表","校正不要"
"対応","たいおう","6級から","","","516","国語辞典(JMdict)｜よく使う二字熟語","校正不要"
"自由","じゆう","6級から","","","522","常用漢字表","校正不要"
"昨日","きのう","6級から","熟字訓","きのう / さくじつ","525","常用漢字表（付表・熟字訓）","校正不要"
"歴史","れきし","6級から","","","530","常用漢字表","校正不要"
"全体","ぜんたい","6級から","","","531","国語辞典(JMdict)｜対義語・熟語の構成で使う語","校正不要"
"報告","ほうこく","6級から","","","533","常用漢字表","校正不要"
"程度","ていど","6級から","","","534","常用漢字表","校正不要"
"予定","よてい","6級から","","","541","常用漢字表","校正不要"
"代表","だいひょう","6級から","","","542","常用漢字表","校正不要"
"経験","けいけん","6級から","","","545","常用漢字表","校正不要"
"以外","いがい","6級から","","","549","国語辞典(JMdict)｜よく使う二字熟語","校正不要"
"今年","ことし","6級から","熟字訓","ことし / こんねん","552","常用漢字表（付表・熟字訓）","校正不要"
"価格","かかく","6級から","","","553","常用漢字表","校正不要"
"投資","とうし","6級から","","","554","常用漢字表","校正不要"
"経営","けいえい","6級から","","","555","常用漢字表","校正不要"
"自然","しぜん","6級から","","しぜん / じねん","560","常用漢字表","校正不要"
"商品","しょうひん","6級から","","","561","国語辞典(JMdict)｜よく使う二字熟語","校正不要"
"発表","はっぴょう","6級から","","","563","常用漢字表","校正不要"
"目的","もくてき","6級から","","","564","常用漢字表","校正不要"
"地方","ちほう","6級から","","ちほう / じかた","566","常用漢字表","校正不要"
"選手","せんしゅ","6級から","","","572","常用漢字表","校正不要"
"確認","かくにん","5級から","","","582","常用漢字表","校正不要"
"中心","ちゅうしん","6級から","","","587","常用漢字表","校正不要"
"市場","いちば","6級から","","いちば / しじょう","589","国語辞典(JMdict)｜よく使う二字熟語","校正不要"
"提供","ていきょう","5級から","","","591","常用漢字表","校正不要"
"事実","じじつ","6級から","","","594","国語辞典(JMdict)｜よく使う二字熟語","校正不要"
"簡単","かんたん","5級から","","","596","常用漢字表","校正不要"
"当然","とうぜん","6級から","","","600","常用漢字表","校正不要"
"以下","いか","6級から","","いか / いげ","601","国語辞典(JMdict)｜よく使う二字熟語","校正不要"
"責任","せきにん","6級から","","","602","常用漢字表","校正不要"
"議論","ぎろん","5級から","","","607","常用漢字表","校正不要"
"以前","いぜん","6級から","","","610","常用漢字表","校正不要"
"判断","はんだん","6級から","","","614","常用漢字表","校正不要"
"専門","せんもん","5級から","","","617","常用漢字表","校正不要"
"家族","かぞく","6級から","","","618","常用漢字表","校正不要"
"勉強","べんきょう","6級から","","","624","常用漢字表","校正不要"
"期待","きたい","6級から","","","626","常用漢字表","校正不要"
"効果","こうか","6級から","","","633","常用漢字表","校正不要"
"検討","けんとう","5級から","","","634","常用漢字表","校正不要"
"組織","そしき","6級から","","そしき / そしょく","638","常用漢字表","校正不要"
"政策","せいさく","5級から","","","639","常用漢字表","校正不要"
"行動","こうどう","6級から","","","642","国語辞典(JMdict)｜よく使う二字熟語","校正不要"
"年間","ねんかん","6級から","","","644","国語辞典(JMdict)｜よく使う二字熟語","校正不要"
"当時","とうじ","6級から","","","647","常用漢字表","校正不要"
"学生","がくせい","6級から","","がくせい / がくしょう","648","国語辞典(JMdict)｜よく使う二字熟語","校正不要"
"科学","かがく","6級から","","","656","常用漢字表","校正不要"
"意識","いしき","6級から","","","659","常用漢字表","校正不要"
"生産","せいさん","6級から","","せいさん / せいざん","666","常用漢字表","校正不要"
"表現","ひょうげん","6級から","","","667","常用漢字表","校正不要"
"戦争","せんそう","6級から","","","668","常用漢字表","校正不要"
"参考","さんこう","6級から","","","669","常用漢字表","校正不要"
"決定","けってい","6級から","","","672","常用漢字表","校正不要"
"法律","ほうりつ","5級から","","","680","常用漢字表","校正不要"
"機関","からくり","6級から","","からくり / きかん","682","国語辞典(JMdict)｜よく使う二字熟語","校正不要"
"対象","たいしょう","6級から","","","690","常用漢字表","校正不要"
"現実","げんじつ","6級から","","","692","国語辞典(JMdict)｜対義語・熟語の構成で使う語","校正不要"
"対策","たいさく","5級から","","","694","常用漢字表","校正不要"
"作業","さぎょう","6級から","","","695","常用漢字表","校正不要"
"価値","かち","5級から","","","696","常用漢字表","校正不要"
"十分","じっぷん","6級から","","じっぷん / じゅっぷん / じゅうぶん","698","国語辞典(JMdict)｜よく使う二字熟語","校正不要"
"一部","いちぶ","6級から","","","699","国語辞典(JMdict)｜よく使う二字熟語","校正不要"
"新聞","しんぶん","6級から","","","702","常用漢字表","校正不要"
"一方","いっぽう","6級から","","いっぽう / ひとかた","703","国語辞典(JMdict)｜よく使う二字熟語","校正不要"
"大臣","だいじん","6級から","","だいじん / おとど","710","常用漢字表","校正不要"
"国家","こっか","6級から","","","713","常用漢字表","校正不要"
"毎日","まいにち","6級から","","","715","常用漢字表","校正不要"
"試合","しあい","6級から","","","717","常用漢字表","校正不要"
"会議","かいぎ","6級から","","","721","常用漢字表","校正不要"
"製品","せいひん","6級から","","","727","国語辞典(JMdict)｜よく使う二字熟語","校正不要"
"変化","へんか","6級から","","へんか / へんげ","728","常用漢字表","校正不要"
"結局","けっきょく","6級から","","","729","常用漢字表","校正不要"
"消費","しょうひ","6級から","","","730","常用漢字表","校正不要"
"保険","ほけん","6級から","","","731","常用漢字表","校正不要"
"具体","ぐたい","6級から","","","733","国語辞典(JMdict)｜よく使う二字熟語","校正不要"
"人生","じんせい","6級から","","","734","国語辞典(JMdict)｜よく使う二字熟語","校正不要"
"米国","べいこく","6級から","","","736","国語辞典(JMdict)｜よく使う二字熟語","校正不要"
"表示","ひょうじ","6級から","","","737","国語辞典(JMdict)｜よく使う二字熟語","校正不要"
"精神","せいしん","6級から","","","739","常用漢字表","校正不要"
"過去","かこ","6級から","","","741","常用漢字表","校正不要"
"能力","のうりょく","6級から","","のうりょく / のうりき","747","常用漢字表","校正不要"
"指導","しどう","6級から","","","748","常用漢字表","校正不要"
"公開","こうかい","6級から","","","753","国語辞典(JMdict)｜対義語・熟語の構成で使う語","校正不要"
"担当","たんとう","5級から","","","761","常用漢字表","校正不要"
"明日","あす","6級から","熟字訓","あした / あす / みょうにち","764","常用漢字表（付表・熟字訓）","校正不要"
"旅行","りょこう","6級から","","","765","常用漢字表","校正不要"
"大切","たいせつ","6級から","","たいせつ / おおぎり","772","国語辞典(JMdict)｜よく使う二字熟語","校正不要"
"行政","ぎょうせい","6級から","","","775","常用漢字表","校正不要"
"安全","あんぜん","6級から","","あんぜん / あんせん","776","常用漢字表","校正不要"
"外国","がいこく","6級から","","がいこく / そとぐに","777","常用漢字表","校正不要"
"資料","しりょう","6級から","","","779","国語辞典(JMdict)｜よく使う二字熟語","校正不要"
"部屋","へや","6級から","熟字訓","","780","常用漢字表（付表・熟字訓）","校正不要"
"平成","へいせい","6級から","","","782","国語辞典(JMdict)｜よく使う二字熟語","校正不要"
"登録","とうろく","6級から","","","786","国語辞典(JMdict)｜よく使う二字熟語","校正不要"
"設定","せってい","6級から","","","788","国語辞典(JMdict)｜よく使う二字熟語","校正不要"
"成功","せいこう","6級から","","","790","常用漢字表","校正不要"
"努力","どりょく","6級から","","","792","常用漢字表","校正不要"
"団体","だんたい","6級から","","","796","国語辞典(JMdict)｜よく使う二字熟語","校正不要"
"自己","じこ","5級から","","","800","常用漢字表","校正不要"
"年度","ねんど","6級から","","","802","国語辞典(JMdict)｜よく使う二字熟語","校正不要"
"運動","うんどう","6級から","","","803","常用漢字表","校正不要"
"構造","こうぞう","6級から","","","804","常用漢字表","校正不要"
"特別","とくべつ","6級から","","","805","常用漢字表","校正不要"
"解決","かいけつ","6級から","","","807","常用漢字表","校正不要"
"完全","かんぜん","6級から","","","809","常用漢字表","校正不要"
"男性","だんせい","6級から","","","817","常用漢字表","校正不要"
"結構","けっこう","6級から","","","818","常用漢字表","校正不要"
"産業","さんぎょう","6級から","","","820","常用漢字表","校正不要"
"人気","にんき","6級から","","にんき / ひとけ / ひとげ / じんき","826","国語辞典(JMdict)｜よく使う二字熟語","校正不要"
"最終","さいしゅう","6級から","","","830","常用漢字表","校正不要"
"保護","ほご","6級から","","","833","常用漢字表","校正不要"
"方向","ほうこう","6級から","","","841","国語辞典(JMdict)｜対義語・熟語の構成で使う語","校正不要"
"改革","かいかく","5級から","","","842","常用漢字表","校正不要"
"健康","けんこう","6級から","","","848","常用漢字表","校正不要"
"障害","しょうがい","5級から","","","849","常用漢字表","校正不要"
"協力","きょうりょく","6級から","","","852","常用漢字表","校正不要"
"時期","じき","6級から","","","853","国語辞典(JMdict)｜よく使う二字熟語","校正不要"
"料理","りょうり","6級から","","","854","常用漢字表","校正不要"
"試験","しけん","6級から","","","859","常用漢字表","校正不要"
"立場","たちば","6級から","","たちば / たてば","862","常用漢字表","校正不要"
"条件","じょうけん","6級から","","","866","常用漢字表","校正不要"
"放送","ほうそう","6級から","","","867","常用漢字表","校正不要"
"全国","ぜんこく","6級から","","","869","常用漢字表","校正不要"
"作成","さくせい","6級から","","","874","国語辞典(JMdict)｜よく使う二字熟語","校正不要"
"成長","せいちょう","6級から","","","876","常用漢字表","校正不要"
"登場","とうじょう","6級から","","","880","国語辞典(JMdict)｜よく使う二字熟語","校正不要"
"知識","ちしき","6級から","","","881","常用漢字表","校正不要"
"実現","じつげん","6級から","","","884","国語辞典(JMdict)｜よく使う二字熟語","校正不要"
"友人","ゆうじん","6級から","","","885","国語辞典(JMdict)｜よく使う二字熟語","校正不要"
"海外","かいがい","6級から","","","889","常用漢字表","校正不要"
"原因","げんいん","6級から","","","890","常用漢字表","校正不要"
"昨年","さくねん","6級から","","","892","常用漢字表","校正不要"
"病院","びょういん","6級から","","","894","常用漢字表","校正不要"
"認識","にんしき","5級から","","","896","常用漢字表","校正不要"
"段階","だんかい","5級から","","","899","国語辞典(JMdict)｜よく使う二字熟語","校正不要"
"発生","はっせい","6級から","","","900","常用漢字表","校正不要"
"反対","はんたい","6級から","","","901","常用漢字表","校正不要"
"期間","きかん","6級から","","","902","常用漢字表","校正不要"
"午後","ごご","6級から","","","906","常用漢字表","校正不要"
"主張","しゅちょう","6級から","","","908","常用漢字表","校正不要"
"番組","ばんぐみ","6級から","","","914","常用漢字表","校正不要"
"今度","こんど","6級から","","","916","国語辞典(JMdict)｜よく使う二字熟語","校正不要"
"準備","じゅんび","6級から","","","922","常用漢字表","校正不要"
"処理","しょり","5級から","","","924","国語辞典(JMdict)｜よく使う二字熟語","校正不要"
"絶対","ぜったい","6級から","","","930","常用漢字表","校正不要"
"社長","しゃちょう","6級から","","","933","国語辞典(JMdict)｜よく使う二字熟語","校正不要"
"体験","たいけん","6級から","","","935","国語辞典(JMdict)｜よく使う二字熟語","校正不要"
"基準","きじゅん","6級から","","","937","常用漢字表","校正不要"
"発言","はつげん","6級から","","","938","国語辞典(JMdict)｜よく使う二字熟語","校正不要"
"都市","とし","6級から","","","940","常用漢字表","校正不要"
"機会","きかい","6級から","","","943","常用漢字表","校正不要"
"展開","てんかい","5級から","","","944","常用漢字表","校正不要"
"授業","じゅぎょう","6級から","","","945","国語辞典(JMdict)｜よく使う二字熟語","校正不要"
"自体","じたい","6級から","","","948","国語辞典(JMdict)｜よく使う二字熟語","校正不要"
"興味","きょうみ","6級から","","","949","常用漢字表","校正不要"
"編集","へんしゅう","6級から","","","952","常用漢字表","校正不要"
"週間","しゅうかん","6級から","","","957","国語辞典(JMdict)｜よく使う二字熟語","校正不要"
"負担","ふたん","5級から","","","958","常用漢字表","校正不要"
"文字","もじ","6級から","","もじ / もんじ","959","常用漢字表","校正不要"
"最大","さいだい","6級から","","","961","常用漢字表","校正不要"
"無料","むりょう","6級から","","","962","国語辞典(JMdict)｜よく使う二字熟語","校正不要"
"相談","そうだん","6級から","","","963","常用漢字表","校正不要"
"注意","ちゅうい","6級から","","","964","常用漢字表","校正不要"
"全部","ぜんぶ","6級から","","","970","常用漢字表","校正不要"
"開始","かいし","6級から","","","972","常用漢字表","校正不要"
"将来","しょうらい","5級から","","","986","常用漢字表","校正不要"
"予算","よさん","6級から","","","987","常用漢字表","校正不要"
"目標","めじるし","6級から","","めじるし / もくひょう","989","常用漢字表","校正不要"
"通信","つうしん","6級から","","","991","常用漢字表","校正不要"
"分野","ぶんや","6級から","","","995","常用漢字表","校正不要"
"国内","こくない","6級から","","","1000","国語辞典(JMdict)｜対義語・熟語の構成で使う語","校正不要"
"時刻","じこく","5級から","","","1004","常用漢字表","校正不要"
"発見","はっけん","6級から","","","1007","国語辞典(JMdict)｜よく使う二字熟語","校正不要"
"最高","さいこう","6級から","","","1009","常用漢字表","校正不要"
"利益","りえき","6級から","","りえき / りやく","1012","常用漢字表","校正不要"
"銀行","ぎんこう","6級から","","","1015","常用漢字表","校正不要"
"事務","じむ","6級から","","","1017","常用漢字表","校正不要"
"出版","しゅっぱん","6級から","","","1018","常用漢字表","校正不要"
"大会","たいかい","6級から","","","1021","国語辞典(JMdict)｜よく使う二字熟語","校正不要"
"練習","れんしゅう","6級から","","","1022","常用漢字表","校正不要"
"同様","どうよう","6級から","","","1031","国語辞典(JMdict)｜よく使う二字熟語","校正不要"
"大阪","おおさか","6級から","","","1034","常用漢字表（都道府県）","校正不要"
"共通","きょうつう","6級から","","","1035","常用漢字表","校正不要"
"現代","げんだい","6級から","","","1037","常用漢字表","校正不要"
"住宅","じゅうたく","5級から","","","1039","国語辞典(JMdict)｜対義語・熟語の構成で使う語","校正不要"
"選挙","せんきょ","6級から","","","1040","常用漢字表","校正不要"
"大事","だいじ","6級から","","だいじ / おおごと","1044","国語辞典(JMdict)｜よく使う二字熟語","校正不要"
"批判","ひはん","5級から","","","1047","常用漢字表","校正不要"
"報道","ほうどう","6級から","","","1048","常用漢字表","校正不要"
"心配","しんぱい","6級から","","","1051","常用漢字表","校正不要"
"本日","ほんじつ","6級から","","","1052","国語辞典(JMdict)｜よく使う二字熟語","校正不要"
"残念","ざんねん","6級から","","","1053","常用漢字表","校正不要"
"業界","ぎょうかい","6級から","","","1057","国語辞典(JMdict)｜よく使う二字熟語","校正不要"
"相当","そうとう","6級から","","","1058","常用漢字表","校正不要"
"議員","ぎいん","6級から","","","1060","国語辞典(JMdict)｜よく使う二字熟語","校正不要"
"業務","ぎょうむ","6級から","","","1061","国語辞典(JMdict)｜よく使う二字熟語","校正不要"
"世紀","せいき","6級から","","","1069","常用漢字表","校正不要"
"演奏","えんそう","5級から","","","1070","常用漢字表","校正不要"
"家庭","かてい","6級から","","","1071","常用漢字表","校正不要"
"直接","ちょくせつ","6級から","","","1073","常用漢字表","校正不要"
"構成","こうせい","6級から","","","1077","国語辞典(JMdict)｜よく使う二字熟語","校正不要"
"文章","ぶんしょう","6級から","","ぶんしょう / もんじょう","1079","常用漢字表","校正不要"
"希望","きぼう","6級から","","","1082","常用漢字表","校正不要"
"取引","とりひき","6級から","","","1089","国語辞典(JMdict)｜よく使う二字熟語","校正不要"
"市民","しみん","6級から","","","1095","常用漢字表","校正不要"
"資金","しきん","6級から","","","1098","国語辞典(JMdict)｜よく使う二字熟語","校正不要"
"友達","ともだち","6級から","熟字訓","","1100","常用漢字表（付表・熟字訓）","校正不要"
"危険","きけん","5級から","","","1101","常用漢字表","校正不要"
"運営","うんえい","6級から","","","1102","国語辞典(JMdict)｜よく使う二字熟語","校正不要"
"導入","どうにゅう","6級から","","","1103","常用漢字表","校正不要"
"予想","よそう","6級から","","","1104","常用漢字表","校正不要"
"発売","はつばい","6級から","","","1112","国語辞典(JMdict)｜よく使う二字熟語","校正不要"
"話題","わだい","6級から","","","1116","常用漢字表","校正不要"
"建築","けんちく","6級から","","","1117","常用漢字表","校正不要"
"印象","いんしょう","6級から","","","1118","常用漢字表","校正不要"
"課題","かだい","6級から","","","1120","国語辞典(JMdict)｜よく使う二字熟語","校正不要"
"事故","じこ","6級から","","じこ / ことゆえ","1122","常用漢字表","校正不要"
"学習","がくしゅう","6級から","","","1135","常用漢字表","校正不要"
"権利","けんり","5級から","","","1140","常用漢字表","校正不要"
"発展","はってん","5級から","","","1141","常用漢字表","校正不要"
"記録","きろく","6級から","","","1142","常用漢字表","校正不要"
"計算","けいさん","6級から","","","1145","常用漢字表","校正不要"
"種類","しゅるい","6級から","","","1147","常用漢字表","校正不要"
"設計","せっけい","6級から","","","1148","国語辞典(JMdict)｜よく使う二字熟語","校正不要"
"現場","げんば","6級から","","げんば / げんじょう","1150","国語辞典(JMdict)｜よく使う二字熟語","校正不要"
"気分","きぶん","6級から","","","1152","国語辞典(JMdict)｜よく使う二字熟語","校正不要"
"昭和","しょうわ","6級から","","","1153","常用漢字表","校正不要"
"地球","ちきゅう","6級から","","","1154","常用漢字表","校正不要"
"移動","いどう","6級から","","","1155","国語辞典(JMdict)｜よく使う二字熟語","校正不要"
"発行","はっこう","6級から","","","1160","国語辞典(JMdict)｜よく使う二字熟語","校正不要"
"宗教","しゅうきょう","5級から","","","1162","常用漢字表","校正不要"
"改正","かいせい","6級から","","","1163","国語辞典(JMdict)｜よく使う二字熟語","校正不要"
"数字","すうじ","6級から","","","1165","常用漢字表","校正不要"
"不安","ふあん","6級から","","","1172","常用漢字表","校正不要"
"広告","こうこく","6級から","","","1175","国語辞典(JMdict)｜よく使う二字熟語","校正不要"
"土地","とち","6級から","","とち / どじ / どち","1176","常用漢字表","校正不要"
"有名","ゆうめい","6級から","","","1178","常用漢字表","校正不要"
"言語","げんご","6級から","","げんご / ごんご / げんきょ","1179","国語辞典(JMdict)｜よく使う二字熟語","校正不要"
"共同","きょうどう","6級から","","","1180","常用漢字表","校正不要"
"年代","ねんだい","6級から","","","1181","常用漢字表","校正不要"
"要求","ようきゅう","6級から","","","1184","常用漢字表","校正不要"
"教授","きょうじゅ","6級から","","","1186","常用漢字表","校正不要"
"戦略","せんりゃく","6級から","","","1188","国語辞典(JMdict)｜よく使う二字熟語","校正不要"
"営業","えいぎょう","6級から","","","1189","常用漢字表","校正不要"
"無理","むり","6級から","","","1191","常用漢字表","校正不要"
"役割","やくわり","5級から","","","1192","国語辞典(JMdict)｜よく使う二字熟語","校正不要"
"改善","かいぜん","5級から","","","1194","国語辞典(JMdict)｜対義語・熟語の構成で使う語","校正不要"
"拡大","かくだい","5級から","","","1204","常用漢字表","校正不要"
"道路","どうろ","6級から","","","1208","常用漢字表","校正不要"
"憲法","けんぽう","5級から","","けんぽう / けんぼう","1211","常用漢字表","校正不要"
"感謝","かんしゃ","6級から","","","1213","常用漢字表","校正不要"
"感覚","かんかく","6級から","","","1214","常用漢字表","校正不要"
"高校","こうこう","6級から","","","1217","国語辞典(JMdict)｜よく使う二字熟語","校正不要"
"仕方","しかた","6級から","","","1221","国語辞典(JMdict)｜よく使う二字熟語","校正不要"
"実行","じっこう","6級から","","","1223","国語辞典(JMdict)｜よく使う二字熟語","校正不要"
"記者","きしゃ","6級から","","","1226","国語辞典(JMdict)｜よく使う二字熟語","校正不要"
"通常","つうじょう","6級から","","","1227","国語辞典(JMdict)｜よく使う二字熟語","校正不要"
"現状","げんじょう","6級から","","","1229","国語辞典(JMdict)｜よく使う二字熟語","校正不要"
"建設","けんせつ","6級から","","","1230","常用漢字表","校正不要"
"先日","せんじつ","6級から","","","1235","国語辞典(JMdict)｜よく使う二字熟語","校正不要"
"最新","さいしん","6級から","","","1236","国語辞典(JMdict)｜よく使う二字熟語","校正不要"
"中央","ちゅうおう","6級から","","","1237","常用漢字表","校正不要"
"平均","へいきん","6級から","","へいきん / へいぎん","1240","常用漢字表","校正不要"
"物語","ものがたり","6級から","","","1242","常用漢字表","校正不要"
"財政","ざいせい","6級から","","","1247","国語辞典(JMdict)｜よく使う二字熟語","校正不要"
"追加","ついか","6級から","","","1250","常用漢字表","校正不要"
"警察","けいさつ","5級から","","","1254","常用漢字表","校正不要"
"雑誌","ざっし","5級から","","","1256","常用漢字表","校正不要"
"提案","ていあん","6級から","","","1257","常用漢字表","校正不要"
"大人","おとな","6級から","熟字訓","おとな / たいじん / だいにん / うし / おおびと","1260","常用漢字表（付表・熟字訓）","校正不要"
"様子","ようす","6級から","","","1262","常用漢字表","校正不要"
"生徒","せいと","6級から","","","1265","国語辞典(JMdict)｜よく使う二字熟語","校正不要"
"総合","そうごう","6級から","","","1268","常用漢字表","校正不要"
"活用","かつよう","6級から","","","1271","国語辞典(JMdict)｜よく使う二字熟語","校正不要"
"身体","からだ","6級から","","からだ / しんたい / しんだい / しんてい","1274","常用漢字表","校正不要"
"整備","せいび","6級から","","","1275","国語辞典(JMdict)｜よく使う二字熟語","校正不要"
"規定","きてい","6級から","","","1277","国語辞典(JMdict)｜よく使う二字熟語","校正不要"
"想像","そうぞう","6級から","","","1278","常用漢字表","校正不要"
"満足","まんぞく","6級から","","","1285","常用漢字表","校正不要"
"規模","きぼ","5級から","","","1286","常用漢字表","校正不要"
"本当","ほんとう","6級から","","ほんとう / ほんと","1288","国語辞典(JMdict)｜よく使う二字熟語","校正不要"
"以降","いこう","5級から","","","1289","国語辞典(JMdict)｜よく使う二字熟語","校正不要"
"法人","ほうじん","6級から","","","1291","国語辞典(JMdict)｜よく使う二字熟語","校正不要"
"犯罪","はんざい","6級から","","","1293","常用漢字表","校正不要"
"午前","ごぜん","6級から","","","1294","常用漢字表","校正不要"
"会長","かいちょう","6級から","","","1295","国語辞典(JMdict)｜よく使う二字熟語","校正不要"
"平和","へいわ","6級から","","","1298","常用漢字表","校正不要"
"特定","とくてい","6級から","","","1300","国語辞典(JMdict)｜よく使う二字熟語","校正不要"
"画像","がぞう","6級から","","","1305","国語辞典(JMdict)｜よく使う二字熟語","校正不要"
"少年","しょうねん","6級から","","","1307","常用漢字表","校正不要"
"安定","あんてい","6級から","","","1308","常用漢字表","校正不要"
"実験","じっけん","6級から","","","1309","常用漢字表","校正不要"
"本人","ほんにん","6級から","","","1312","国語辞典(JMdict)｜よく使う二字熟語","校正不要"
"国会","こっかい","6級から","","","1314","国語辞典(JMdict)｜よく使う二字熟語","校正不要"
"会場","かいじょう","6級から","","","1319","常用漢字表","校正不要"
"電子","でんし","6級から","","","1326","国語辞典(JMdict)｜よく使う二字熟語","校正不要"
"小説","しょうせつ","6級から","","","1327","常用漢字表","校正不要"
"注目","ちゅうもく","6級から","","","1331","国語辞典(JMdict)｜よく使う二字熟語","校正不要"
"食事","しょくじ","6級から","","","1332","常用漢字表","校正不要"
"著作","ちょさく","5級から","","","1343","常用漢字表","校正不要"
"理論","りろん","5級から","","","1350","国語辞典(JMdict)｜よく使う二字熟語","校正不要"
"日常","にちじょう","6級から","","","1352","常用漢字表","校正不要"
"業者","ぎょうしゃ","6級から","","","1354","国語辞典(JMdict)｜よく使う二字熟語","校正不要"
"回答","かいとう","6級から","","","1355","常用漢字表","校正不要"
"体制","たいせい","6級から","","","1356","国語辞典(JMdict)｜よく使う二字熟語","校正不要"
"調整","ちょうせい","6級から","","","1358","常用漢字表","校正不要"
"住民","じゅうみん","6級から","","","1362","国語辞典(JMdict)｜よく使う二字熟語","校正不要"
"疑問","ぎもん","5級から","","","1364","常用漢字表","校正不要"
"失敗","しっぱい","6級から","","","1366","常用漢字表","校正不要"
"息子","むすこ","6級から","熟字訓","","1369","常用漢字表（付表・熟字訓）","校正不要"
"資本","しほん","6級から","","","1370","常用漢字表","校正不要"
"事情","じじょう","6級から","","","1371","国語辞典(JMdict)｜よく使う二字熟語","校正不要"
"感想","かんそう","6級から","","","1376","常用漢字表","校正不要"
"解説","かいせつ","6級から","","","1377","国語辞典(JMdict)｜よく使う二字熟語","校正不要"
"公共","こうきょう","6級から","","","1382","常用漢字表","校正不要"
"民間","みんかん","6級から","","","1383","国語辞典(JMdict)｜よく使う二字熟語","校正不要"
"裁判","さいばん","5級から","","","1387","常用漢字表","校正不要"
"建物","たてもの","6級から","","","1389","常用漢字表","校正不要"
"組合","くみあい","6級から","","","1394","国語辞典(JMdict)｜よく使う二字熟語","校正不要"
"本来","ほんらい","6級から","","","1397","常用漢字表","校正不要"
"元気","げんき","6級から","","","1398","常用漢字表","校正不要"
"一体","いったい","6級から","","","1399","国語辞典(JMdict)｜よく使う二字熟語","校正不要"
"宇宙","うちゅう","5級から","","","1400","常用漢字表","校正不要"
"採用","さいよう","6級から","","","1412","常用漢字表","校正不要"
"観光","かんこう","6級から","","","1416","常用漢字表","校正不要"
"提出","ていしゅつ","6級から","","","1417","常用漢字表","校正不要"
"以来","いらい","6級から","","","1418","国語辞典(JMdict)｜よく使う二字熟語","校正不要"
"首相","しゅしょう","6級から","","","1419","常用漢字表","校正不要"
"推進","すいしん","5級から","","","1420","常用漢字表","校正不要"
"確保","かくほ","6級から","","","1422","国語辞典(JMdict)｜よく使う二字熟語","校正不要"
"動物","どうぶつ","6級から","","","1423","常用漢字表","校正不要"
"検査","けんさ","6級から","","","1425","常用漢字表","校正不要"
"映像","えいぞう","5級から","","","1426","国語辞典(JMdict)｜よく使う二字熟語","校正不要"
"要素","ようそ","6級から","","","1430","国語辞典(JMdict)｜よく使う二字熟語","校正不要"
"人物","じんぶつ","6級から","","","1435","常用漢字表","校正不要"
"規制","きせい","6級から","","","1436","国語辞典(JMdict)｜よく使う二字熟語","校正不要"
"空間","くうかん","6級から","","くうかん / あきま","1437","国語辞典(JMdict)｜よく使う二字熟語","校正不要"
"記念","きねん","6級から","","","1439","国語辞典(JMdict)｜よく使う二字熟語","校正不要"
"方針","ほうしん","5級から","","","1440","国語辞典(JMdict)｜よく使う二字熟語","校正不要"
"競争","きょうそう","6級から","","","1446","常用漢字表","校正不要"
"設置","せっち","6級から","","","1448","国語辞典(JMdict)｜よく使う二字熟語","校正不要"
"位置","いち","6級から","","","1450","常用漢字表","校正不要"
"全然","ぜんぜん","6級から","","ぜんぜん / ぜんっぜん","1453","国語辞典(JMdict)｜よく使う二字熟語","校正不要"
"費用","ひよう","6級から","","","1454","常用漢字表","校正不要"
"大統領","だいとうりょう","6級から","","","1457","常用漢字表","校正不要"
"指定","してい","6級から","","","1460","国語辞典(JMdict)｜よく使う二字熟語","校正不要"
"事務所","じむしょ","6級から","","","1461","国語辞典(JMdict)｜三字熟語","校正不要"
"感情","かんじょう","6級から","","","1462","国語辞典(JMdict)｜よく使う二字熟語","校正不要"
"京都","きょうと","6級から","","","1465","国語辞典(JMdict)｜よく使う二字熟語","校正不要"
"仲間","ちゅうげん","6級から","","ちゅうげん / なかま","1472","常用漢字表","校正不要"
"整理","せいり","6級から","","","1476","常用漢字表","校正不要"
"協会","きょうかい","6級から","","","1477","常用漢字表","校正不要"
"多数","たすう","6級から","","","1482","常用漢字表","校正不要"
"積極","せっきょく","6級から","","","1485","国語辞典(JMdict)｜よく使う二字熟語","校正不要"
"安心","あんしん","6級から","","あんしん / あんじん","1487","国語辞典(JMdict)｜よく使う二字熟語","校正不要"
"独立","どくりつ","6級から","","","1490","常用漢字表","校正不要"
"読者","どくしゃ","6級から","","","1492","国語辞典(JMdict)｜よく使う二字熟語","校正不要"
"誕生","たんじょう","5級から","","","1502","常用漢字表","校正不要"
"全員","ぜんいん","6級から","","","1508","国語辞典(JMdict)｜よく使う二字熟語","校正不要"
"参照","さんしょう","6級から","","","1513","国語辞典(JMdict)｜よく使う二字熟語","校正不要"
"地元","じもと","6級から","","","1516","常用漢字表","校正不要"
"明確","めいかく","6級から","","","1520","国語辞典(JMdict)｜よく使う二字熟語","校正不要"
"人口","じんこう","6級から","","","1531","常用漢字表","校正不要"
"反応","はんのう","6級から","","はんのう / はんおう","1532","国語辞典(JMdict)｜よく使う二字熟語","校正不要"
"手段","しゅだん","5級から","","","1538","常用漢字表","校正不要"
"有効","ゆうこう","6級から","","","1539","国語辞典(JMdict)｜よく使う二字熟語","校正不要"
"工場","こうじょう","6級から","","こうじょう / こうば","1541","常用漢字表","校正不要"
"入力","にゅうりょく","6級から","","","1542","国語辞典(JMdict)｜よく使う二字熟語","校正不要"
"注文","ちゅうもん","6級から","","ちゅうもん / ちゅうぶん","1544","国語辞典(JMdict)｜よく使う二字熟語","校正不要"
"集中","しゅうちゅう","6級から","","","1545","国語辞典(JMdict)｜よく使う二字熟語","校正不要"
"一度","いちど","6級から","","いちど / ひとたび","1548","常用漢字表","校正不要"
"現象","げんしょう","6級から","","","1552","常用漢字表","校正不要"
"感動","かんどう","6級から","","","1555","国語辞典(JMdict)｜よく使う二字熟語","校正不要"
"禁止","きんし","6級から","","","1559","常用漢字表","校正不要"
"職員","しょくいん","6級から","","","1566","国語辞典(JMdict)｜よく使う二字熟語","校正不要"
"理事","りじ","6級から","","","1567","国語辞典(JMdict)｜よく使う二字熟語","校正不要"
"会員","かいいん","6級から","","","1568","国語辞典(JMdict)｜よく使う二字熟語","校正不要"
"案内","あんない","6級から","","","1569","常用漢字表","校正不要"
"従来","じゅうらい","5級から","","","1572","国語辞典(JMdict)｜よく使う二字熟語","校正不要"
"農業","のうぎょう","6級から","","","1575","常用漢字表","校正不要"
"用意","ようい","6級から","","","1576","常用漢字表","校正不要"
"運用","うんよう","6級から","","","1577","国語辞典(JMdict)｜よく使う二字熟語","校正不要"
"世代","せだい","6級から","","","1578","常用漢字表","校正不要"
"強化","きょうか","6級から","","","1580","国語辞典(JMdict)｜よく使う二字熟語","校正不要"
"納得","なっとく","5級から","","","1581","常用漢字表","校正不要"
"収入","しゅうにゅう","5級から","","","1583","常用漢字表","校正不要"
"増加","ぞうか","6級から","","","1584","常用漢字表","校正不要"
"未来","みらい","6級から","","","1588","常用漢字表","校正不要"
"社員","しゃいん","6級から","","","1589","常用漢字表","校正不要"
"教会","きょうかい","6級から","","","1593","国語辞典(JMdict)｜よく使う二字熟語","校正不要"
"前回","ぜんかい","6級から","","","1595","国語辞典(JMdict)｜対義語・熟語の構成で使う語","校正不要"
"年金","ねんきん","6級から","","","1596","国語辞典(JMdict)｜よく使う二字熟語","校正不要"
"交通","こうつう","6級から","","","1599","常用漢字表","校正不要"
"教師","きょうし","6級から","","","1601","常用漢字表","校正不要"
"料金","りょうきん","6級から","","","1602","常用漢字表","校正不要"
"他人","たにん","6級から","","たにん / ひと","1606","国語辞典(JMdict)｜よく使う二字熟語","校正不要"
"株式","かぶしき","5級から","","","1610","常用漢字表","校正不要"
"否定","ひてい","5級から","","","1613","常用漢字表","校正不要"
"機械","きかい","6級から","","","1614","常用漢字表","校正不要"
"完成","かんせい","6級から","","","1615","常用漢字表","校正不要"
"修正","しゅうせい","6級から","","","1618","国語辞典(JMdict)｜よく使う二字熟語","校正不要"
"電車","でんしゃ","6級から","","","1619","常用漢字表","校正不要"
"一応","いちおう","6級から","","","1620","国語辞典(JMdict)｜よく使う二字熟語","校正不要"
"向上","こうじょう","6級から","","","1623","常用漢字表","校正不要"
"野球","やきゅう","6級から","","","1625","国語辞典(JMdict)｜よく使う二字熟語","校正不要"
"姿勢","しせい","5級から","","","1627","常用漢字表","校正不要"
"訪問","ほうもん","5級から","","","1629","常用漢字表","校正不要"
"引用","いんよう","6級から","","","1630","国語辞典(JMdict)｜よく使う二字熟語","校正不要"
"視点","してん","5級から","","","1632","国語辞典(JMdict)｜よく使う二字熟語","校正不要"
"小学校","しょうがっこう","6級から","","","1633","国語辞典(JMdict)｜三字熟語","校正不要"
"電気","でんき","6級から","","","1634","常用漢字表","校正不要"
"効率","こうりつ","6級から","","","1637","国語辞典(JMdict)｜よく使う二字熟語","校正不要"
"芸術","げいじゅつ","6級から","","","1638","常用漢字表","校正不要"
"会話","かいわ","6級から","","","1641","常用漢字表","校正不要"
"資産","しさん","6級から","","","1650","国語辞典(JMdict)｜よく使う二字熟語","校正不要"
"結論","けつろん","5級から","","","1653","常用漢字表","校正不要"
"製造","せいぞう","6級から","","","1659","常用漢字表","校正不要"
"困難","こんなん","5級から","","","1661","常用漢字表","校正不要"
"回復","かいふく","6級から","","","1663","国語辞典(JMdict)｜よく使う二字熟語","校正不要"
"適用","てきよう","6級から","","","1665","国語辞典(JMdict)｜よく使う二字熟語","校正不要"
"母親","ははおや","6級から","","","1666","常用漢字表","校正不要"
"取材","しゅざい","6級から","","","1668","常用漢字表","校正不要"
"保障","ほしょう","5級から","","","1670","国語辞典(JMdict)｜よく使う二字熟語","校正不要"
"集団","しゅうだん","6級から","","","1671","常用漢字表","校正不要"
"卒業","そつぎょう","6級から","","","1673","常用漢字表","校正不要"
"事態","じたい","6級から","","","1674","国語辞典(JMdict)｜よく使う二字熟語","校正不要"
"画面","がめん","6級から","","","1676","国語辞典(JMdict)｜よく使う二字熟語","校正不要"
"資格","しかく","6級から","","","1678","常用漢字表","校正不要"
"時点","じてん","6級から","","","1679","国語辞典(JMdict)｜よく使う二字熟語","校正不要"
"病気","びょうき","6級から","","びょうき / やまいけ","1680","常用漢字表","校正不要"
"限定","げんてい","6級から","","","1694","国語辞典(JMdict)｜よく使う二字熟語","校正不要"
"医師","いし","6級から","","","1696","常用漢字表","校正不要"
"工事","こうじ","6級から","","","1698","国語辞典(JMdict)｜よく使う二字熟語","校正不要"
"正直","しょうじき","6級から","","","1704","常用漢字表","校正不要"
"原則","げんそく","6級から","","","1705","国語辞典(JMdict)｜対義語・熟語の構成で使う語","校正不要"
"自動車","じどうしゃ","6級から","","","1706","国語辞典(JMdict)｜三字熟語","校正不要"
"部門","ぶもん","6級から","","","1709","国語辞典(JMdict)｜よく使う二字熟語","校正不要"
"出演","しゅつえん","6級から","","","1711","国語辞典(JMdict)｜よく使う二字熟語","校正不要"
"民族","みんぞく","6級から","","","1712","常用漢字表","校正不要"
"講演","こうえん","6級から","","","1715","常用漢字表","校正不要"
"交流","こうりゅう","6級から","","","1719","国語辞典(JMdict)｜よく使う二字熟語","校正不要"
"大量","たいりょう","6級から","","","1720","国語辞典(JMdict)｜よく使う二字熟語","校正不要"
"革命","かくめい","5級から","","","1724","国語辞典(JMdict)｜よく使う二字熟語","校正不要"
"成果","せいか","6級から","","","1725","国語辞典(JMdict)｜よく使う二字熟語","校正不要"
"標準","ひょうじゅん","6級から","","","1730","常用漢字表","校正不要"
"輸入","ゆにゅう","6級から","","ゆにゅう / しゅにゅう","1733","国語辞典(JMdict)｜よく使う二字熟語","校正不要"
"背景","はいけい","5級から","","","1736","常用漢字表","校正不要"
"政権","せいけん","5級から","","","1737","国語辞典(JMdict)｜よく使う二字熟語","校正不要"
"協議","きょうぎ","6級から","","","1740","国語辞典(JMdict)｜よく使う二字熟語","校正不要"
"関心","かんしん","6級から","","","1742","国語辞典(JMdict)｜よく使う二字熟語","校正不要"
"勝手","かって","6級から","","","1743","常用漢字表","校正不要"
"一覧","いちらん","5級から","","","1744","常用漢字表","校正不要"
"伝統","でんとう","6級から","","","1747","常用漢字表","校正不要"
"民主","みんしゅ","6級から","","","1749","国語辞典(JMdict)｜よく使う二字熟語","校正不要"
"制限","せいげん","6級から","","","1750","常用漢字表","校正不要"
"投票","とうひょう","6級から","","","1751","常用漢字表","校正不要"
"値段","ねだん","5級から","","","1753","常用漢字表","校正不要"
"沖縄","おきなわ","6級から","","","1754","国語辞典(JMdict)｜よく使う二字熟語","校正不要"
"若者","わかもの","5級から","","","1757","常用漢字表","校正不要"
"心理","しんり","6級から","","","1758","国語辞典(JMdict)｜よく使う二字熟語","校正不要"
"大体","だいたい","6級から","","","1759","国語辞典(JMdict)｜よく使う二字熟語","校正不要"
"番号","ばんごう","6級から","","","1763","常用漢字表","校正不要"
"前提","ぜんてい","6級から","","","1765","常用漢字表","校正不要"
"半分","はんぶん","6級から","","はんぶん / はんぷん","1774","常用漢字表","校正不要"
"思想","しそう","6級から","","","1775","常用漢字表","校正不要"
"正確","せいかく","6級から","","","1780","常用漢字表","校正不要"
"教室","きょうしつ","6級から","","","1781","国語辞典(JMdict)｜よく使う二字熟語","校正不要"
"周辺","しゅうへん","6級から","","","1783","常用漢字表","校正不要"
"不足","ふそく","6級から","","","1788","国語辞典(JMdict)｜対義語・熟語の構成で使う語","校正不要"
"法案","ほうあん","6級から","","","1791","国語辞典(JMdict)｜よく使う二字熟語","校正不要"
"取得","とりえ","6級から","","とりえ / しゅとく","1804","国語辞典(JMdict)｜よく使う二字熟語","校正不要"
"性格","せいかく","6級から","","","1808","常用漢字表","校正不要"
"次第","しだい","6級から","","","1810","常用漢字表","校正不要"
"多分","たぶん","6級から","","","1813","国語辞典(JMdict)｜よく使う二字熟語","校正不要"
"地区","ちく","6級から","","","1814","常用漢字表","校正不要"
"長期","ちょうき","6級から","","","1817","国語辞典(JMdict)｜よく使う二字熟語","校正不要"
"達成","たっせい","6級から","","","1819","国語辞典(JMdict)｜よく使う二字熟語","校正不要"
"著者","ちょしゃ","5級から","","","1820","国語辞典(JMdict)｜よく使う二字熟語","校正不要"
"展示","てんじ","5級から","","","1824","常用漢字表","校正不要"
"後半","こうはん","6級から","","","1827","国語辞典(JMdict)｜よく使う二字熟語","校正不要"
"操作","そうさ","5級から","","","1834","常用漢字表","校正不要"
"便利","べんり","6級から","","","1836","常用漢字表","校正不要"
"支配","しはい","6級から","","","1837","国語辞典(JMdict)｜よく使う二字熟語","校正不要"
"講座","こうざ","5級から","","","1840","国語辞典(JMdict)｜よく使う二字熟語","校正不要"
"現地","げんち","6級から","","","1841","国語辞典(JMdict)｜よく使う二字熟語","校正不要"
"態度","たいど","6級から","","","1842","国語辞典(JMdict)｜よく使う二字熟語","校正不要"
"公園","こうえん","6級から","","","1847","常用漢字表","校正不要"
"過程","かてい","6級から","","","1848","常用漢字表","校正不要"
"研修","けんしゅう","6級から","","","1849","常用漢字表","校正不要"
"長官","ちょうかん","6級から","","ちょうかん / かみ / かん / こう","1851","国語辞典(JMdict)｜よく使う二字熟語","校正不要"
"連続","れんぞく","6級から","","","1855","常用漢字表","校正不要"
"空気","くうき","6級から","","","1857","国語辞典(JMdict)｜よく使う二字熟語","校正不要"
"単純","たんじゅん","5級から","","","1863","国語辞典(JMdict)｜対義語・熟語の構成で使う語","校正不要"
"予約","よやく","6級から","","","1866","国語辞典(JMdict)｜よく使う二字熟語","校正不要"
"構築","こうちく","6級から","","","1867","国語辞典(JMdict)｜よく使う二字熟語","校正不要"
"論文","ろんぶん","5級から","","","1869","国語辞典(JMdict)｜よく使う二字熟語","校正不要"
"一言","ひとこと","6級から","","ひとこと / いちげん / いちごん","1874","国語辞典(JMdict)｜よく使う二字熟語","校正不要"
"内部","ないぶ","6級から","","","1876","国語辞典(JMdict)｜よく使う二字熟語","校正不要"
"生命","せいめい","6級から","","","1878","常用漢字表","校正不要"
"所得","しょとく","6級から","","","1879","常用漢字表","校正不要"
"制作","せいさく","6級から","","","1880","国語辞典(JMdict)｜よく使う二字熟語","校正不要"
"単位","たんい","6級から","","","1882","常用漢字表","校正不要"
"自信","じしん","6級から","","","1883","国語辞典(JMdict)｜よく使う二字熟語","校正不要"
"毎年","まいとし","6級から","","まいとし / まいねん","1894","国語辞典(JMdict)｜よく使う二字熟語","校正不要"
"複数","ふくすう","6級から","","","1896","常用漢字表","校正不要"
"運転","うんてん","6級から","","","1900","常用漢字表","校正不要"
"支持","しじ","6級から","","","1901","常用漢字表","校正不要"
"確実","かくじつ","6級から","","","1902","国語辞典(JMdict)｜よく使う二字熟語","校正不要"
"一定","いってい","6級から","","いってい / いちじょう","1905","国語辞典(JMdict)｜よく使う二字熟語","校正不要"
"司法","しほう","6級から","","","1909","国語辞典(JMdict)｜よく使う二字熟語","校正不要"
"方式","ほうしき","6級から","","","1914","国語辞典(JMdict)｜よく使う二字熟語","校正不要"
"出席","しゅっせき","6級から","","","1915","常用漢字表","校正不要"
"金利","きんり","6級から","","","1916","国語辞典(JMdict)｜よく使う二字熟語","校正不要"
"危機","きき","5級から","","","1925","常用漢字表","校正不要"
"自宅","じたく","5級から","","","1930","常用漢字表","校正不要"
"上記","じょうき","6級から","","","1932","国語辞典(JMdict)｜よく使う二字熟語","校正不要"
"人権","じんけん","5級から","","","1934","常用漢字表","校正不要"
"複雑","ふくざつ","6級から","","","1936","常用漢字表","校正不要"
"証明","しょうめい","6級から","","","1946","常用漢字表","校正不要"
"今週","こんしゅう","6級から","","","1953","国語辞典(JMdict)｜よく使う二字熟語","校正不要"
"空港","くうこう","6級から","","","1954","常用漢字表","校正不要"
"適切","てきせつ","6級から","","","1955","常用漢字表","校正不要"
"財産","ざいさん","6級から","","","1956","常用漢字表","校正不要"
"判決","はんけつ","6級から","","","1957","国語辞典(JMdict)｜よく使う二字熟語","校正不要"
"作家","さっか","6級から","","","1958","常用漢字表","校正不要"
"思考","しこう","6級から","","","1963","常用漢字表","校正不要"
"接続","せつぞく","6級から","","","1964","国語辞典(JMdict)｜よく使う二字熟語","校正不要"
"形式","けいしき","6級から","","","1967","常用漢字表","校正不要"
"義務","ぎむ","6級から","","","1969","常用漢字表","校正不要"
"再生","さいせい","6級から","","","1971","国語辞典(JMdict)｜よく使う二字熟語","校正不要"
"研究所","けんきゅうじょ","6級から","","けんきゅうじょ / けんきゅうしょ","1973","国語辞典(JMdict)｜三字熟語","校正不要"
"公式","こうしき","6級から","","","1981","国語辞典(JMdict)｜よく使う二字熟語","校正不要"
"場面","ばめん","6級から","","","1982","国語辞典(JMdict)｜よく使う二字熟語","校正不要"
"英国","えいこく","6級から","","","1983","国語辞典(JMdict)｜よく使う二字熟語","校正不要"
"年生","ねんせい","6級から","","","1985","国語辞典(JMdict)｜よく使う二字熟語","校正不要"
"就職","しゅうしょく","5級から","","","1990","常用漢字表","校正不要"
"文書","ぶんしょ","6級から","","ぶんしょ / もんじょ / ぶんじょ","1991","国語辞典(JMdict)｜よく使う二字熟語","校正不要"
"定義","ていぎ","6級から","","","2000","国語辞典(JMdict)｜よく使う二字熟語","校正不要"
"素敵","すてき","5級から","","","2001","国語辞典(JMdict)｜よく使う二字熟語","校正不要"
"約束","やくそく","6級から","","","2005","常用漢字表","校正不要"
"出身","しゅっしん","6級から","","","2010","国語辞典(JMdict)｜よく使う二字熟語","校正不要"
"局長","きょくちょう","6級から","","","2011","国語辞典(JMdict)｜よく使う二字熟語","校正不要"
"観点","かんてん","6級から","","","2015","国語辞典(JMdict)｜よく使う二字熟語","校正不要"
"出発","しゅっぱつ","6級から","","","2022","国語辞典(JMdict)｜よく使う二字熟語","校正不要"
"会計","かいけい","6級から","","","2025","常用漢字表","校正不要"
"記述","きじゅつ","6級から","","","2028","国語辞典(JMdict)｜よく使う二字熟語","校正不要"
"形成","けいせい","6級から","","","2029","常用漢字表","校正不要"
"資源","しげん","5級から","","","2030","常用漢字表","校正不要"
"事例","じれい","6級から","","","2033","国語辞典(JMdict)｜よく使う二字熟語","校正不要"
"金額","きんがく","6級から","","","2034","常用漢字表","校正不要"
"証券","しょうけん","5級から","","","2040","国語辞典(JMdict)｜よく使う二字熟語","校正不要"
"成立","せいりつ","6級から","","","2043","国語辞典(JMdict)｜よく使う二字熟語","校正不要"
"軍事","ぐんじ","6級から","","","2046","国語辞典(JMdict)｜よく使う二字熟語","校正不要"
"訓練","くんれん","6級から","","","2047","常用漢字表","校正不要"
"来年","らいねん","6級から","","","2048","常用漢字表","校正不要"
"食品","しょくひん","6級から","","","2049","国語辞典(JMdict)｜よく使う二字熟語","校正不要"
"不明","ふめい","6級から","","","2056","国語辞典(JMdict)｜よく使う二字熟語","校正不要"
"内閣","ないかく","5級から","","","2058","常用漢字表","校正不要"
"裁判所","さいばんしょ","5級から","","","2063","国語辞典(JMdict)｜三字熟語","校正不要"
"物質","ぶっしつ","6級から","","ぶっしつ / ものしち","2071","常用漢字表","校正不要"
"手法","しゅほう","6級から","","","2074","国語辞典(JMdict)｜よく使う二字熟語","校正不要"
"保存","ほぞん","5級から","","","2075","常用漢字表","校正不要"
"差別","さべつ","6級から","","","2079","常用漢字表","校正不要"
"特集","とくしゅう","6級から","","","2080","国語辞典(JMdict)｜よく使う二字熟語","校正不要"
"設備","せつび","6級から","","","2082","常用漢字表","校正不要"
"国連","こくれん","6級から","","","2087","国語辞典(JMdict)｜よく使う二字熟語","校正不要"
"季節","きせつ","6級から","","","2089","常用漢字表","校正不要"
"答弁","とうべん","6級から","","","2090","常用漢字表","校正不要"
"意思","いし","6級から","","","2093","常用漢字表","校正不要"
"保証","ほしょう","6級から","","","2094","国語辞典(JMdict)｜よく使う二字熟語","校正不要"
"実態","じったい","6級から","","","2095","国語辞典(JMdict)｜よく使う二字熟語","校正不要"
"当初","とうしょ","6級から","","","2096","国語辞典(JMdict)｜よく使う二字熟語","校正不要"
"装置","そうち","5級から","","","2100","常用漢字表","校正不要"
"図書館","としょかん","6級から","","としょかん / ずしょかん","2102","常用漢字表","校正不要"
"所有","しょゆう","6級から","","","2104","常用漢字表","校正不要"
"防止","ぼうし","6級から","","","2105","国語辞典(JMdict)｜よく使う二字熟語","校正不要"
"日時","にちじ","6級から","","","2106","常用漢字表","校正不要"
"無視","むし","5級から","","","2115","国語辞典(JMdict)｜対義語・熟語の構成で使う語","校正不要"
"設立","せつりつ","6級から","","","2116","常用漢字表","校正不要"
"総理","そうり","6級から","","","2117","国語辞典(JMdict)｜よく使う二字熟語","校正不要"
"自転車","じてんしゃ","6級から","","じてんしゃ / じでんしゃ","2122","国語辞典(JMdict)｜三字熟語","校正不要"
"生物","せいぶつ","6級から","","せいぶつ / なまもの","2124","国語辞典(JMdict)｜よく使う二字熟語","校正不要"
"優勝","ゆうしょう","5級から","","","2129","常用漢字表","校正不要"
"多様","たよう","6級から","","","2130","国語辞典(JMdict)｜よく使う二字熟語","校正不要"
"特許","とっきょ","6級から","","","2131","常用漢字表","校正不要"
"補助","ほじょ","5級から","","","2133","国語辞典(JMdict)｜よく使う二字熟語","校正不要"
"不動産","ふどうさん","6級から","","","2137","国語辞典(JMdict)｜三字熟語","校正不要"
"野菜","やさい","6級から","","","2138","常用漢字表","校正不要"
"承知","しょうち","5級から","","","2143","常用漢字表","校正不要"
"父親","ちちおや","6級から","","","2144","常用漢字表","校正不要"
"供給","きょうきゅう","5級から","","","2145","常用漢字表","校正不要"
"秘密","ひみつ","5級から","","","2146","常用漢字表","校正不要"
"独自","どくじ","6級から","","","2148","国語辞典(JMdict)｜よく使う二字熟語","校正不要"
"許可","きょか","6級から","","","2150","常用漢字表","校正不要"
"外交","がいこう","6級から","","","2153","国語辞典(JMdict)｜よく使う二字熟語","校正不要"
"論理","ろんり","5級から","","","2156","常用漢字表","校正不要"
"本質","ほんしつ","6級から","","","2163","常用漢字表","校正不要"
"多少","たしょう","6級から","","","2164","常用漢字表","校正不要"
"出来事","できごと","6級から","","","2165","常用漢字表","校正不要"
"手紙","てがみ","6級から","","","2167","国語辞典(JMdict)｜よく使う二字熟語","校正不要"
"去年","きょねん","6級から","","きょねん / こぞ","2170","常用漢字表","校正不要"
"強制","きょうせい","6級から","","","2179","国語辞典(JMdict)｜よく使う二字熟語","校正不要"
"宣言","せんげん","5級から","","","2180","常用漢字表","校正不要"
"優先","ゆうせん","5級から","","","2184","国語辞典(JMdict)｜よく使う二字熟語","校正不要"
"人材","じんざい","6級から","","","2189","常用漢字表","校正不要"
"職業","しょくぎょう","6級から","","","2190","常用漢字表","校正不要"
"高速","こうそく","6級から","","","2202","国語辞典(JMdict)｜よく使う二字熟語","校正不要"
"次回","じかい","6級から","","","2208","常用漢字表","校正不要"
"文学","ぶんがく","6級から","","","2209","常用漢字表","校正不要"
"議会","ぎかい","6級から","","","2211","国語辞典(JMdict)｜よく使う二字熟語","校正不要"
"両方","りょうほう","6級から","","","2218","国語辞典(JMdict)｜よく使う二字熟語","校正不要"
"本部","ほんぶ","6級から","","","2221","常用漢字表","校正不要"
"処分","しょぶん","5級から","","","2226","国語辞典(JMdict)｜よく使う二字熟語","校正不要"
"共有","きょうゆう","6級から","","","2230","国語辞典(JMdict)｜よく使う二字熟語","校正不要"
"学者","がくしゃ","6級から","","","2232","国語辞典(JMdict)｜よく使う二字熟語","校正不要"
"夫婦","ふうふ","6級から","","ふうふ / めおと","2234","常用漢字表","校正不要"
"風景","ふうけい","6級から","","","2237","常用漢字表","校正不要"
"中小","ちゅうしょう","6級から","","","2239","国語辞典(JMdict)｜よく使う二字熟語","校正不要"
"夕方","ゆうがた","6級から","","","2249","常用漢字表","校正不要"
"少女","しょうじょ","6級から","","しょうじょ / おとめ","2250","常用漢字表","校正不要"
"勝利","しょうり","6級から","","","2251","常用漢字表","校正不要"
"職場","しょくば","6級から","","","2253","国語辞典(JMdict)｜よく使う二字熟語","校正不要"
"材料","ざいりょう","6級から","","","2255","常用漢字表","校正不要"
"実感","じっかん","6級から","","","2260","国語辞典(JMdict)｜よく使う二字熟語","校正不要"
"近代","きんだい","6級から","","","2263","常用漢字表","校正不要"
"航空","こうくう","6級から","","","2266","常用漢字表","校正不要"
"一時","ひととき","6級から","","ひととき / いっとき / いちじ","2267","国語辞典(JMdict)｜よく使う二字熟語","校正不要"
"分類","ぶんるい","6級から","","","2269","常用漢字表","校正不要"
"戦後","せんご","6級から","","","2270","国語辞典(JMdict)｜よく使う二字熟語","校正不要"
"減少","げんしょう","6級から","","","2274","常用漢字表","校正不要"
"同士","どうし","6級から","","どうし / どし","2284","国語辞典(JMdict)｜よく使う二字熟語","校正不要"
"条約","じょうやく","6級から","","","2287","常用漢字表","校正不要"
"人類","じんるい","6級から","","","2289","国語辞典(JMdict)｜よく使う二字熟語","校正不要"
"個別","こべつ","6級から","","","2295","国語辞典(JMdict)｜よく使う二字熟語","校正不要"
"低下","ていか","6級から","","","2304","国語辞典(JMdict)｜よく使う二字熟語","校正不要"
"機器","きき","6級から","","","2305","国語辞典(JMdict)｜よく使う二字熟語","校正不要"
"死亡","しぼう","5級から","","","2308","常用漢字表","校正不要"
"理想","りそう","6級から","","","2318","国語辞典(JMdict)｜対義語・熟語の構成で使う語","校正不要"
"天気","てんき","6級から","","","2319","国語辞典(JMdict)｜よく使う二字熟語","校正不要"
"当局","とうきょく","6級から","","","2320","国語辞典(JMdict)｜よく使う二字熟語","校正不要"
"受験","じゅけん","6級から","","","2325","常用漢字表","校正不要"
"観察","かんさつ","6級から","","","2327","常用漢字表","校正不要"
"要因","よういん","6級から","","","2329","常用漢字表","校正不要"
"税金","ぜいきん","6級から","","","2334","常用漢字表","校正不要"
"異常","いじょう","5級から","","","2336","国語辞典(JMdict)｜よく使う二字熟語","校正不要"
"無事","ぶじ","6級から","","","2338","常用漢字表","校正不要"
"合意","ごうい","6級から","","","2339","国語辞典(JMdict)｜よく使う二字熟語","校正不要"
"統計","とうけい","6級から","","","2340","常用漢字表","校正不要"
"不可能","ふかのう","6級から","","","2344","国語辞典(JMdict)｜三字熟語","校正不要"
"領域","りょういき","5級から","","","2345","国語辞典(JMdict)｜よく使う二字熟語","校正不要"
"周囲","しゅうい","6級から","","","2349","常用漢字表","校正不要"
"見事","みごと","6級から","","","2351","国語辞典(JMdict)｜よく使う二字熟語","校正不要"
"一切","いっさい","6級から","","","2352","常用漢字表","校正不要"
"素材","そざい","6級から","","","2353","常用漢字表","校正不要"
"新規","しんき","6級から","","","2354","国語辞典(JMdict)｜よく使う二字熟語","校正不要"
"児童","じどう","6級から","","","2355","常用漢字表","校正不要"
"前後","ぜんご","6級から","","","2359","常用漢字表","校正不要"
"権力","けんりょく","5級から","","","2364","常用漢字表","校正不要"
"女子","じょし","6級から","","じょし / めこ","2370","常用漢字表","校正不要"
"予測","よそく","6級から","","","2375","国語辞典(JMdict)｜よく使う二字熟語","校正不要"
"常識","じょうしき","6級から","","","2380","国語辞典(JMdict)｜よく使う二字熟語","校正不要"
"博士","はかせ","6級から","熟字訓","はかせ / はくし","2391","常用漢字表（付表・熟字訓）","校正不要"
"教科書","きょうかしょ","6級から","","","2393","国語辞典(JMdict)｜三字熟語","校正不要"
"先週","せんしゅう","6級から","","","2394","国語辞典(JMdict)｜よく使う二字熟語","校正不要"
"品質","ひんしつ","6級から","","","2399","国語辞典(JMdict)｜よく使う二字熟語","校正不要"
"太陽","たいよう","6級から","","","2400","常用漢字表","校正不要"
"勤務","きんむ","5級から","","","2401","常用漢字表","校正不要"
"水準","すいじゅん","6級から","","","2402","国語辞典(JMdict)｜よく使う二字熟語","校正不要"
"公務員","こうむいん","6級から","","","2404","国語辞典(JMdict)｜三字熟語","校正不要"
"意図","いと","6級から","","","2405","常用漢字表","校正不要"
"復活","ふっかつ","6級から","","","2406","常用漢字表","校正不要"
"用語","ようご","6級から","","","2407","国語辞典(JMdict)｜よく使う二字熟語","校正不要"
"進行","しんこう","6級から","","","2408","国語辞典(JMdict)｜よく使う二字熟語","校正不要"
"近所","きんじょ","6級から","","","2409","常用漢字表","校正不要"
"講師","こうし","6級から","","","2414","国語辞典(JMdict)｜よく使う二字熟語","校正不要"
"郵便","ゆうびん","5級から","","","2416","常用漢字表","校正不要"
"候補","こうほ","5級から","","","2418","常用漢字表","校正不要"
"指示","しじ","6級から","","しじ / しし","2420","常用漢字表","校正不要"
"留学","りゅうがく","6級から","","","2421","常用漢字表","校正不要"
"返事","へんじ","6級から","","","2425","常用漢字表","校正不要"
"創造","そうぞう","5級から","","","2428","常用漢字表","校正不要"
"物価","ぶっか","6級から","","","2429","国語辞典(JMdict)｜よく使う二字熟語","校正不要"
"統一","とういつ","6級から","","","2431","常用漢字表","校正不要"
"苦労","くろう","6級から","","","2438","常用漢字表","校正不要"
"飛行機","ひこうき","6級から","","","2442","国語辞典(JMdict)｜三字熟語","校正不要"
"進化","しんか","6級から","","","2443","国語辞典(JMdict)｜よく使う二字熟語","校正不要"
"手術","しゅじゅつ","6級から","","","2445","国語辞典(JMdict)｜よく使う二字熟語","校正不要"
"見解","けんかい","6級から","","","2450","国語辞典(JMdict)｜よく使う二字熟語","校正不要"
"連合","れんごう","6級から","","","2452","常用漢字表","校正不要"
"貿易","ぼうえき","6級から","","","2454","常用漢字表","校正不要"
"発想","はっそう","6級から","","","2455","国語辞典(JMdict)｜よく使う二字熟語","校正不要"
"経過","けいか","6級から","","","2460","国語辞典(JMdict)｜よく使う二字熟語","校正不要"
"専用","せんよう","5級から","","","2461","常用漢字表","校正不要"
"停止","ていし","6級から","","","2462","常用漢字表","校正不要"
"化学","かがく","6級から","","かがく / ばけがく","2467","常用漢字表","校正不要"
"番目","ばんめ","6級から","","ばんめ / つがいめ","2469","国語辞典(JMdict)｜よく使う二字熟語","校正不要"
"事前","じぜん","6級から","","","2470","国語辞典(JMdict)｜よく使う二字熟語","校正不要"
"災害","さいがい","6級から","","","2473","常用漢字表","校正不要"
"信用","しんよう","6級から","","","2476","常用漢字表","校正不要"
"両親","りょうしん","6級から","","","2479","常用漢字表","校正不要"
"高度","こうど","6級から","","","2482","国語辞典(JMdict)｜よく使う二字熟語","校正不要"
"宣伝","せんでん","5級から","","","2487","常用漢字表","校正不要"
"主要","しゅよう","6級から","","","2494","国語辞典(JMdict)｜よく使う二字熟語","校正不要"
"配信","はいしん","6級から","","","2497","国語辞典(JMdict)｜よく使う二字熟語","校正不要"
"確立","かくりつ","6級から","","","2498","国語辞典(JMdict)｜よく使う二字熟語","校正不要"
"統合","とうごう","6級から","","","2499","国語辞典(JMdict)｜よく使う二字熟語","校正不要"
"時半","じはん","6級から","","じはん / ときなか","2503","国語辞典(JMdict)｜よく使う二字熟語","校正不要"
"何故","なぜ","6級から","","なぜ / なにゆえ","2504","国語辞典(JMdict)｜よく使う二字熟語","校正不要"
"物理","ぶつり","6級から","","","2511","国語辞典(JMdict)｜よく使う二字熟語","校正不要"
"笑顔","えがお","6級から","熟字訓","","2516","常用漢字表（付表・熟字訓）","校正不要"
"自動","じどう","6級から","","","2519","国語辞典(JMdict)｜よく使う二字熟語","校正不要"
"知的","ちてき","6級から","","","2523","国語辞典(JMdict)｜よく使う二字熟語","校正不要"
"男女","だんじょ","6級から","","だんじょ / なんにょ / おとこおんな","2525","常用漢字表","校正不要"
"動作","どうさ","6級から","","","2528","常用漢字表","校正不要"
"輸出","ゆしゅつ","6級から","","ゆしゅつ / しゅしゅつ","2530","常用漢字表","校正不要"
"本格","ほんかく","6級から","","","2535","国語辞典(JMdict)｜よく使う二字熟語","校正不要"
"反省","はんせい","6級から","","","2537","常用漢字表","校正不要"
"中身","なかみ","6級から","","","2540","国語辞典(JMdict)｜よく使う二字熟語","校正不要"
"製作","せいさく","6級から","","","2541","国語辞典(JMdict)｜よく使う二字熟語","校正不要"
"要望","ようぼう","6級から","","","2547","国語辞典(JMdict)｜よく使う二字熟語","校正不要"
"工業","こうぎょう","6級から","","","2549","国語辞典(JMdict)｜よく使う二字熟語","校正不要"
"真実","しんじつ","6級から","","","2556","国語辞典(JMdict)｜よく使う二字熟語","校正不要"
"適当","てきとう","6級から","","","2558","国語辞典(JMdict)｜よく使う二字熟語","校正不要"
"国立","こくりつ","6級から","","","2559","国語辞典(JMdict)｜よく使う二字熟語","校正不要"
"石油","せきゆ","6級から","","","2561","常用漢字表","校正不要"
"若干","じゃっかん","5級から","","じゃっかん / そこばく / そくばく","2574","常用漢字表","校正不要"
"書類","しょるい","6級から","","","2576","国語辞典(JMdict)｜よく使う二字熟語","校正不要"
"調子","ちょうし","6級から","","","2581","国語辞典(JMdict)｜よく使う二字熟語","校正不要"
"単語","たんご","6級から","","","2582","国語辞典(JMdict)｜よく使う二字熟語","校正不要"
"表情","ひょうじょう","6級から","","","2584","国語辞典(JMdict)｜よく使う二字熟語","校正不要"
"基地","きち","6級から","","","2587","常用漢字表","校正不要"
"景気","けいき","6級から","","","2593","常用漢字表","校正不要"
"世間","せけん","6級から","","","2594","常用漢字表","校正不要"
"植物","しょくぶつ","6級から","","","2597","常用漢字表","校正不要"
"自治","じち","6級から","","","2602","常用漢字表","校正不要"
"限界","げんかい","6級から","","","2603","常用漢字表","校正不要"
"反映","はんえい","5級から","","","2607","常用漢字表","校正不要"
"形態","けいたい","6級から","","","2612","常用漢字表","校正不要"
"感染","かんせん","5級から","","","2616","国語辞典(JMdict)｜よく使う二字熟語","校正不要"
"相場","そうば","6級から","","","2624","国語辞典(JMdict)｜よく使う二字熟語","校正不要"
"合格","ごうかく","6級から","","","2625","国語辞典(JMdict)｜よく使う二字熟語","校正不要"
"人達","ひとたち","6級から","","","2632","国語辞典(JMdict)｜よく使う二字熟語","校正不要"
"地図","ちず","6級から","","","2634","常用漢字表","校正不要"
"大学院","だいがくいん","6級から","","","2635","国語辞典(JMdict)｜三字熟語","校正不要"
"最低","さいてい","6級から","","","2641","国語辞典(JMdict)｜よく使う二字熟語","校正不要"
"見方","みかた","6級から","","","2643","国語辞典(JMdict)｜よく使う二字熟語","校正不要"
"青年","せいねん","6級から","","","2653","常用漢字表","校正不要"
"劇場","げきじょう","5級から","","","2659","常用漢字表","校正不要"
"強調","きょうちょう","6級から","","","2660","国語辞典(JMdict)｜よく使う二字熟語","校正不要"
"防衛","ぼうえい","6級から","","","2663","国語辞典(JMdict)｜よく使う二字熟語","校正不要"
"初期","しょき","6級から","","","2666","常用漢字表","校正不要"
"機構","きこう","6級から","","","2668","国語辞典(JMdict)｜よく使う二字熟語","校正不要"
"講義","こうぎ","6級から","","","2674","常用漢字表","校正不要"
"対処","たいしょ","5級から","","","2678","国語辞典(JMdict)｜よく使う二字熟語","校正不要"
"実質","じっしつ","6級から","","","2679","国語辞典(JMdict)｜よく使う二字熟語","校正不要"
"貴重","きちょう","5級から","","","2680","常用漢字表","校正不要"
"収集","しゅうしゅう","5級から","","","2683","国語辞典(JMdict)｜よく使う二字熟語","校正不要"
"大手","おおて","6級から","","おおて / おおで","2685","国語辞典(JMdict)｜よく使う二字熟語","校正不要"
"工夫","くふう","6級から","","くふう / こうふ","2686","常用漢字表","校正不要"
"諸国","しょこく","5級から","","","2688","常用漢字表","校正不要"
"認定","にんてい","5級から","","","2694","国語辞典(JMdict)｜よく使う二字熟語","校正不要"
"文庫","ぶんこ","6級から","","","2696","常用漢字表","校正不要"
"各種","かくしゅ","6級から","","","2700","常用漢字表","校正不要"
"福岡","ふくおか","6級から","","","2702","常用漢字表（都道府県）","校正不要"
"意外","いがい","6級から","","","2708","国語辞典(JMdict)｜よく使う二字熟語","校正不要"
"容疑","ようぎ","5級から","","","2709","常用漢字表","校正不要"
"明治","めいじ","6級から","","","2710","国語辞典(JMdict)｜よく使う二字熟語","校正不要"
"命令","めいれい","6級から","","","2711","常用漢字表","校正不要"
"根本","ねほん","6級から","","ねほん / ねもと / こんぽん / こんぼん","2713","国語辞典(JMdict)｜よく使う二字熟語","校正不要"
"重視","じゅうし","5級から","","","2714","国語辞典(JMdict)｜よく使う二字熟語","校正不要"
"医学","いがく","6級から","","","2721","常用漢字表","校正不要"
"手続","てつづき","6級から","","","2722","国語辞典(JMdict)｜よく使う二字熟語","校正不要"
"株主","かぶぬし","5級から","","","2724","国語辞典(JMdict)｜よく使う二字熟語","校正不要"
"合理","ごうり","6級から","","","2727","国語辞典(JMdict)｜よく使う二字熟語","校正不要"
"中間","ちゅうかん","6級から","","ちゅうかん / ちゅうげん","2730","常用漢字表","校正不要"
"鉄道","てつどう","6級から","","","2731","常用漢字表","校正不要"
"入手","にゅうしゅ","6級から","","","2733","国語辞典(JMdict)｜よく使う二字熟語","校正不要"
"印刷","いんさつ","6級から","","","2745","常用漢字表","校正不要"
"帰国","きこく","6級から","","","2746","国語辞典(JMdict)｜対義語・熟語の構成で使う語","校正不要"
"発揮","はっき","5級から","","","2747","常用漢字表","校正不要"
"市町村","しちょうそん","6級から","","","2749","常用漢字表","校正不要"
"規則","きそく","6級から","","","2751","常用漢字表","校正不要"
"賃金","ちんぎん","5級から","","ちんぎん / ちんきん","2752","常用漢字表","校正不要"
"主体","しゅたい","6級から","","","2757","常用漢字表","校正不要"
"原告","げんこく","6級から","","","2759","国語辞典(JMdict)｜よく使う二字熟語","校正不要"
"部長","ぶちょう","6級から","","","2763","国語辞典(JMdict)｜よく使う二字熟語","校正不要"
"習慣","しゅうかん","6級から","","","2764","常用漢字表","校正不要"
"筆者","ひっしゃ","6級から","","","2765","国語辞典(JMdict)｜よく使う二字熟語","校正不要"
"以内","いない","6級から","","","2766","常用漢字表","校正不要"
"模様","もよう","5級から","","","2771","常用漢字表","校正不要"
"速度","そくど","6級から","","","2774","常用漢字表","校正不要"
"外部","がいぶ","6級から","","","2775","国語辞典(JMdict)｜よく使う二字熟語","校正不要"
"各国","かっこく","6級から","","かっこく / かくこく","2777","国語辞典(JMdict)｜よく使う二字熟語","校正不要"
"会見","かいけん","6級から","","","2780","国語辞典(JMdict)｜よく使う二字熟語","校正不要"
"定期","ていき","6級から","","","2781","国語辞典(JMdict)｜よく使う二字熟語","校正不要"
"市内","しない","6級から","","","2782","国語辞典(JMdict)｜よく使う二字熟語","校正不要"
"混乱","こんらん","5級から","","","2783","常用漢字表","校正不要"
"医者","いしゃ","6級から","","","2784","常用漢字表","校正不要"
"自殺","じさつ","6級から","","","2786","国語辞典(JMdict)｜よく使う二字熟語","校正不要"
"都合","つごう","6級から","","","2788","常用漢字表","校正不要"
"検証","けんしょう","6級から","","","2790","国語辞典(JMdict)｜よく使う二字熟語","校正不要"
"温泉","おんせん","5級から","","","2792","常用漢字表","校正不要"
"神様","かみさま","6級から","","","2794","常用漢字表","校正不要"
"漢字","かんじ","6級から","","","2795","常用漢字表","校正不要"
"賛成","さんせい","6級から","","","2802","常用漢字表","校正不要"
"帰宅","きたく","5級から","","","2811","常用漢字表","校正不要"
"天皇","てんのう","5級から","","てんのう / すめらみこと / すめらぎ / すべらぎ","2815","国語辞典(JMdict)｜よく使う二字熟語","校正不要"
"前半","ぜんはん","6級から","","ぜんはん / ぜんぱん","2816","国語辞典(JMdict)｜よく使う二字熟語","校正不要"
"重大","じゅうだい","6級から","","","2819","常用漢字表","校正不要"
"容易","ようい","6級から","","","2821","常用漢字表","校正不要"
"録音","ろくおん","6級から","","","2826","常用漢字表","校正不要"
"不満","ふまん","6級から","","","2833","国語辞典(JMdict)｜よく使う二字熟語","校正不要"
"流通","りゅうつう","6級から","","","2835","国語辞典(JMdict)｜よく使う二字熟語","校正不要"
"原理","げんり","6級から","","","2838","常用漢字表","校正不要"
"株価","かぶか","5級から","","","2841","国語辞典(JMdict)｜よく使う二字熟語","校正不要"
"想定","そうてい","6級から","","","2842","国語辞典(JMdict)｜よく使う二字熟語","校正不要"
"楽器","がっき","6級から","","","2847","常用漢字表","校正不要"
"今月","こんげつ","6級から","","","2856","国語辞典(JMdict)｜よく使う二字熟語","校正不要"
"各地","かくち","6級から","","","2860","国語辞典(JMdict)｜よく使う二字熟語","校正不要"
"従業","じゅうぎょう","5級から","","","2861","国語辞典(JMdict)｜よく使う二字熟語","校正不要"
"読書","どくしょ","6級から","","どくしょ / とくしょ","2863","常用漢字表","校正不要"
"確定","かくてい","6級から","","","2865","常用漢字表","校正不要"
"合計","ごうけい","6級から","","","2866","常用漢字表","校正不要"
"発信","はっしん","6級から","","","2874","国語辞典(JMdict)｜よく使う二字熟語","校正不要"
"日経","にっけい","6級から","","","2882","国語辞典(JMdict)｜よく使う二字熟語","校正不要"
"主人","しゅじん","6級から","","しゅじん / あるじ","2883","常用漢字表","校正不要"
"老人","ろうじん","6級から","","","2886","常用漢字表","校正不要"
"当日","とうじつ","6級から","","","2888","国語辞典(JMdict)｜よく使う二字熟語","校正不要"
"早速","さっそく","6級から","","","2889","常用漢字表","校正不要"
"関西","かんさい","6級から","","かんさい / かんせい","2890","国語辞典(JMdict)｜よく使う二字熟語","校正不要"
"時計","とけい","6級から","熟字訓","","2894","常用漢字表（付表・熟字訓）","校正不要"
"割合","わりあい","5級から","","","2896","常用漢字表","校正不要"
"正式","せいしき","6級から","","","2898","国語辞典(JMdict)｜よく使う二字熟語","校正不要"
"出場","しゅつじょう","6級から","","しゅつじょう / でば","2901","国語辞典(JMdict)｜よく使う二字熟語","校正不要"
"収録","しゅうろく","5級から","","","2903","国語辞典(JMdict)｜よく使う二字熟語","校正不要"
"退職","たいしょく","5級から","","","2906","国語辞典(JMdict)｜対義語・熟語の構成で使う語","校正不要"
"入学","にゅうがく","6級から","","","2908","常用漢字表","校正不要"
"週末","しゅうまつ","6級から","","","2909","常用漢字表","校正不要"
"殺人","さつじん","6級から","","","2910","常用漢字表","校正不要"
"代理","だいり","6級から","","","2911","常用漢字表","校正不要"
"演出","えんしゅつ","6級から","","","2912","国語辞典(JMdict)｜よく使う二字熟語","校正不要"
"公表","こうひょう","6級から","","","2917","国語辞典(JMdict)｜よく使う二字熟語","校正不要"
"育成","いくせい","6級から","","","2921","国語辞典(JMdict)｜よく使う二字熟語","校正不要"
"実績","じっせき","6級から","","","2922","国語辞典(JMdict)｜よく使う二字熟語","校正不要"
"大型","おおがた","6級から","","","2935","常用漢字表","校正不要"
"回転","かいてん","6級から","","","2942","常用漢字表","校正不要"
"暴力","ぼうりょく","6級から","","","2947","国語辞典(JMdict)｜よく使う二字熟語","校正不要"
"知事","ちじ","6級から","","","2955","国語辞典(JMdict)｜よく使う二字熟語","校正不要"
"起業","きぎょう","6級から","","","2958","国語辞典(JMdict)｜よく使う二字熟語","校正不要"
"聖書","せいしょ","5級から","","","2965","常用漢字表","校正不要"
"移行","いこう","6級から","","","2969","国語辞典(JMdict)｜よく使う二字熟語","校正不要"
"成績","せいせき","6級から","","","2972","常用漢字表","校正不要"
"勝負","しょうぶ","6級から","","","2974","常用漢字表","校正不要"
"翌日","よくじつ","5級から","","","2976","国語辞典(JMdict)｜よく使う二字熟語","校正不要"
"直後","ちょくご","6級から","","","2980","国語辞典(JMdict)｜よく使う二字熟語","校正不要"
"左右","さゆう","6級から","","さゆう / そう","2981","常用漢字表","校正不要"
"決勝","けっしょう","6級から","","","2984","国語辞典(JMdict)｜よく使う二字熟語","校正不要"
"所属","しょぞく","6級から","","","2985","国語辞典(JMdict)｜よく使う二字熟語","校正不要"
"測定","そくてい","6級から","","","2988","国語辞典(JMdict)｜よく使う二字熟語","校正不要"
"千葉","ちば","6級から","","","2989","国語辞典(JMdict)｜よく使う二字熟語","校正不要"
"提示","ていじ","6級から","","","2992","国語辞典(JMdict)｜よく使う二字熟語","校正不要"
"見学","けんがく","6級から","","","3008","常用漢字表","校正不要"
"厚生","こうせい","6級から","","","3013","常用漢字表","校正不要"
"配置","はいち","6級から","","","3015","国語辞典(JMdict)｜よく使う二字熟語","校正不要"
"道具","どうぐ","6級から","","","3016","常用漢字表","校正不要"
"対立","たいりつ","6級から","","","3021","常用漢字表","校正不要"
"散歩","さんぽ","6級から","","","3022","常用漢字表","校正不要"
"入院","にゅういん","6級から","","","3025","国語辞典(JMdict)｜よく使う二字熟語","校正不要"
"教員","きょういん","6級から","","","3026","国語辞典(JMdict)｜よく使う二字熟語","校正不要"
"中学","ちゅうがく","6級から","","","3028","国語辞典(JMdict)｜よく使う二字熟語","校正不要"
"表面","ひょうめん","6級から","","ひょうめん / おもてめん","3031","常用漢字表","校正不要"
"広島","ひろしま","6級から","","","3033","国語辞典(JMdict)｜よく使う二字熟語","校正不要"
"情勢","じょうせい","6級から","","","3034","常用漢字表","校正不要"
"学会","がっかい","6級から","","","3042","国語辞典(JMdict)｜よく使う二字熟語","校正不要"
"総会","そうかい","6級から","","","3045","国語辞典(JMdict)｜よく使う二字熟語","校正不要"
"数学","すうがく","6級から","","","3049","国語辞典(JMdict)｜よく使う二字熟語","校正不要"
"承認","しょうにん","5級から","","","3053","常用漢字表","校正不要"
"下記","かき","6級から","","","3055","国語辞典(JMdict)｜よく使う二字熟語","校正不要"
"受賞","じゅしょう","6級から","","","3057","国語辞典(JMdict)｜よく使う二字熟語","校正不要"
"赤字","あかじ","6級から","","","3059","常用漢字表","校正不要"
"加工","かこう","6級から","","","3069","常用漢字表","校正不要"
"書店","しょてん","6級から","","","3071","国語辞典(JMdict)｜よく使う二字熟語","校正不要"
"個性","こせい","6級から","","","3081","常用漢字表","校正不要"
"作戦","さくせん","6級から","","","3082","国語辞典(JMdict)｜よく使う二字熟語","校正不要"
"指揮","しき","5級から","","","3084","常用漢字表","校正不要"
"誤解","ごかい","5級から","","","3088","常用漢字表","校正不要"
"確信","かくしん","6級から","","","3096","国語辞典(JMdict)｜よく使う二字熟語","校正不要"
"意志","いし","6級から","","","3097","国語辞典(JMdict)｜よく使う二字熟語","校正不要"
"高校生","こうこうせい","6級から","","","3102","国語辞典(JMdict)｜三字熟語","校正不要"
"勇気","ゆうき","6級から","","","3110","常用漢字表","校正不要"
"売買","ばいばい","6級から","","ばいばい / ばいかい","3115","常用漢字表","校正不要"
"公演","こうえん","6級から","","","3118","国語辞典(JMdict)｜よく使う二字熟語","校正不要"
"法則","ほうそく","6級から","","","3127","常用漢字表","校正不要"
"作者","さくしゃ","6級から","","","3129","国語辞典(JMdict)｜よく使う二字熟語","校正不要"
"上手","じょうず","6級から","熟字訓","じょうず / じょうて / じょうしゅ / うわて / かみて","3130","常用漢字表（付表・熟字訓）","校正不要"
"文句","もんく","6級から","","","3133","国語辞典(JMdict)｜よく使う二字熟語","校正不要"
"馬鹿","ばか","6級から","","","3134","国語辞典(JMdict)｜よく使う二字熟語","校正不要"
"失礼","しつれい","6級から","","しつれい / しつらい","3135","国語辞典(JMdict)｜対義語・熟語の構成で使う語","校正不要"
"神社","じんじゃ","6級から","","じんじゃ / じんしゃ","3138","常用漢字表","校正不要"
"予防","よぼう","6級から","","","3139","常用漢字表","校正不要"
"正当","せいとう","6級から","","","3140","国語辞典(JMdict)｜よく使う二字熟語","校正不要"
"実家","じっか","6級から","","","3143","国語辞典(JMdict)｜よく使う二字熟語","校正不要"
"活性","かっせい","6級から","","","3144","国語辞典(JMdict)｜よく使う二字熟語","校正不要"
"受信","じゅしん","6級から","","","3145","国語辞典(JMdict)｜よく使う二字熟語","校正不要"
"山本","やまもと","6級から","","","3146","国語辞典(JMdict)｜よく使う二字熟語","校正不要"
"自主","じしゅ","6級から","","","3147","国語辞典(JMdict)｜よく使う二字熟語","校正不要"
"確率","かくりつ","6級から","","","3148","国語辞典(JMdict)｜よく使う二字熟語","校正不要"
"表明","ひょうめい","6級から","","","3151","国語辞典(JMdict)｜よく使う二字熟語","校正不要"
"解消","かいしょう","6級から","","","3153","国語辞典(JMdict)｜よく使う二字熟語","校正不要"
"苦手","にがて","6級から","","","3156","国語辞典(JMdict)｜対義語・熟語の構成で使う語","校正不要"
"現行","げんこう","6級から","","","3162","国語辞典(JMdict)｜よく使う二字熟語","校正不要"
"解放","かいほう","6級から","","","3163","国語辞典(JMdict)｜よく使う二字熟語","校正不要"
"発電","はつでん","6級から","","","3170","常用漢字表","校正不要"
"損害","そんがい","6級から","","","3174","常用漢字表","校正不要"
"小学生","しょうがくせい","6級から","","","3175","国語辞典(JMdict)｜三字熟語","校正不要"
"競馬","けいば","6級から","","けいば / くらべうま","3181","常用漢字表","校正不要"
"運命","うんめい","6級から","","","3182","常用漢字表","校正不要"
"経費","けいひ","6級から","","","3188","常用漢字表","校正不要"
"週刊","しゅうかん","6級から","","","3190","常用漢字表","校正不要"
"本書","ほんしょ","6級から","","","3191","国語辞典(JMdict)｜よく使う二字熟語","校正不要"
"仕様","しよう","6級から","","","3194","国語辞典(JMdict)｜よく使う二字熟語","校正不要"
"電力","でんりょく","6級から","","","3195","国語辞典(JMdict)｜よく使う二字熟語","校正不要"
"発達","はったつ","6級から","","","3199","国語辞典(JMdict)｜対義語・熟語の構成で使う語","校正不要"
"性能","せいのう","6級から","","","3202","国語辞典(JMdict)｜よく使う二字熟語","校正不要"
"立派","りっぱ","5級から","","","3203","国語辞典(JMdict)｜よく使う二字熟語","校正不要"
"役員","やくいん","6級から","","","3206","国語辞典(JMdict)｜よく使う二字熟語","校正不要"
"性質","せいしつ","6級から","","","3213","常用漢字表","校正不要"
"送信","そうしん","6級から","","","3214","国語辞典(JMdict)｜よく使う二字熟語","校正不要"
"圧力","あつりょく","6級から","","","3218","常用漢字表","校正不要"
"得意","とくい","6級から","","","3230","常用漢字表","校正不要"
"温度","おんど","6級から","","","3231","国語辞典(JMdict)｜よく使う二字熟語","校正不要"
"初心者","しょしんしゃ","6級から","","","3232","常用漢字表","校正不要"
"必死","ひっし","6級から","","","3235","常用漢字表","校正不要"
"具合","ぐあい","6級から","","","3241","国語辞典(JMdict)｜よく使う二字熟語","校正不要"
"神経","しんけい","6級から","","","3243","常用漢字表","校正不要"
"作用","さよう","6級から","","","3244","常用漢字表","校正不要"
"本物","ほんもの","6級から","","","3248","国語辞典(JMdict)｜よく使う二字熟語","校正不要"
"意義","いぎ","6級から","","","3249","常用漢字表","校正不要"
"延長","えんちょう","5級から","","","3252","常用漢字表","校正不要"
"観客","かんきゃく","6級から","","かんきゃく / かんかく","3253","国語辞典(JMdict)｜よく使う二字熟語","校正不要"
"深刻","しんこく","5級から","","","3257","常用漢字表","校正不要"
"路線","ろせん","6級から","","","3261","国語辞典(JMdict)｜よく使う二字熟語","校正不要"
"武器","ぶき","6級から","","","3263","国語辞典(JMdict)｜よく使う二字熟語","校正不要"
"方面","ほうめん","6級から","","","3267","常用漢字表","校正不要"
"荷物","にもつ","6級から","","","3269","常用漢字表","校正不要"
"自立","じりつ","6級から","","","3271","国語辞典(JMdict)｜よく使う二字熟語","校正不要"
"直前","ちょくぜん","6級から","","","3274","国語辞典(JMdict)｜よく使う二字熟語","校正不要"
"部品","ぶひん","6級から","","","3278","国語辞典(JMdict)｜よく使う二字熟語","校正不要"
"幹部","かんぶ","6級から","","","3282","国語辞典(JMdict)｜よく使う二字熟語","校正不要"
"本気","ほんき","6級から","","","3284","国語辞典(JMdict)｜よく使う二字熟語","校正不要"
"最適","さいてき","6級から","","","3286","国語辞典(JMdict)｜よく使う二字熟語","校正不要"
"地下","ちか","6級から","","ちか / じげ","3288","常用漢字表","校正不要"
"学問","がくもん","6級から","","","3295","国語辞典(JMdict)｜よく使う二字熟語","校正不要"
"進出","しんしゅつ","6級から","","","3299","国語辞典(JMdict)｜よく使う二字熟語","校正不要"
"総裁","そうさい","5級から","","","3307","国語辞典(JMdict)｜よく使う二字熟語","校正不要"
"格差","かくさ","6級から","","","3317","国語辞典(JMdict)｜よく使う二字熟語","校正不要"
"区別","くべつ","6級から","","","3318","常用漢字表","校正不要"
"休日","きゅうじつ","6級から","","","3321","常用漢字表","校正不要"
"当社","とうしゃ","6級から","","","3322","国語辞典(JMdict)｜よく使う二字熟語","校正不要"
"上司","じょうし","6級から","","","3325","常用漢字表","校正不要"
"法的","ほうてき","6級から","","","3326","国語辞典(JMdict)｜よく使う二字熟語","校正不要"
"民営","みんえい","6級から","","","3327","国語辞典(JMdict)｜よく使う二字熟語","校正不要"
"周年","しゅうねん","6級から","","","3329","国語辞典(JMdict)｜よく使う二字熟語","校正不要"
"兄弟","きょうだい","6級から","","きょうだい / けいてい","3337","常用漢字表","校正不要"
"競技","きょうぎ","6級から","","","3338","常用漢字表","校正不要"
"当事者","とうじしゃ","6級から","","","3341","国語辞典(JMdict)｜三字熟語","校正不要"
"素直","すなお","6級から","","","3343","国語辞典(JMdict)｜よく使う二字熟語","校正不要"
"決算","けっさん","6級から","","","3344","国語辞典(JMdict)｜よく使う二字熟語","校正不要"
"大衆","たいしゅう","5級から","","","3349","常用漢字表","校正不要"
"人事","じんじ","6級から","","じんじ / ひとごと","3350","国語辞典(JMdict)｜よく使う二字熟語","校正不要"
"不正","ふせい","6級から","","","3351","国語辞典(JMdict)｜よく使う二字熟語","校正不要"
"勢力","せいりょく","6級から","","","3353","常用漢字表","校正不要"
"議長","ぎちょう","6級から","","","3355","国語辞典(JMdict)｜よく使う二字熟語","校正不要"
"応用","おうよう","6級から","","","3360","常用漢字表","校正不要"
"今朝","けさ","6級から","熟字訓","けさ / こんちょう","3368","常用漢字表（付表・熟字訓）","校正不要"
"権限","けんげん","5級から","","","3369","国語辞典(JMdict)｜よく使う二字熟語","校正不要"
"動向","どうこう","6級から","","","3372","国語辞典(JMdict)｜よく使う二字熟語","校正不要"
"収益","しゅうえき","5級から","","","3379","国語辞典(JMdict)｜よく使う二字熟語","校正不要"
"人数","にんずう","6級から","","にんずう / にんず / にんじゅ / ひとかず","3384","常用漢字表","校正不要"
"政党","せいとう","5級から","","","3386","常用漢字表","校正不要"
"来週","らいしゅう","6級から","","","3389","国語辞典(JMdict)｜よく使う二字熟語","校正不要"
"本体","ほんたい","6級から","","","3392","国語辞典(JMdict)｜よく使う二字熟語","校正不要"
"一生","いっしょう","6級から","","","3397","常用漢字表","校正不要"
"原作","げんさく","6級から","","","3398","国語辞典(JMdict)｜よく使う二字熟語","校正不要"
"強力","きょうりょく","6級から","","きょうりょく / ごうりき","3406","国語辞典(JMdict)｜よく使う二字熟語","校正不要"
"実力","じつりょく","6級から","","","3427","常用漢字表","校正不要"
"首都","しゅと","6級から","","","3430","常用漢字表","校正不要"
"質疑","しつぎ","5級から","","","3431","国語辞典(JMdict)｜よく使う二字熟語","校正不要"
"住所","じゅうしょ","6級から","","","3434","常用漢字表","校正不要"
"作曲","さっきょく","6級から","","","3444","国語辞典(JMdict)｜よく使う二字熟語","校正不要"
"失業","しつぎょう","6級から","","","3446","国語辞典(JMdict)｜よく使う二字熟語","校正不要"
"客観","きゃっかん","6級から","","きゃっかん / かっかん / かくかん","3448","常用漢字表","校正不要"
"田舎","いなか","6級から","熟字訓","いなか / でんしゃ / でんじゃ","3449","常用漢字表（付表・熟字訓）","校正不要"
"同社","どうしゃ","6級から","","","3457","国語辞典(JMdict)｜よく使う二字熟語","校正不要"
"売上","うりあげ","6級から","","","3461","国語辞典(JMdict)｜よく使う二字熟語","校正不要"
"中古","ちゅうこ","6級から","","ちゅうこ / ちゅうぶる","3464","国語辞典(JMdict)｜よく使う二字熟語","校正不要"
"朝日","あさひ","6級から","","","3467","常用漢字表","校正不要"
"高級","こうきゅう","6級から","","","3468","常用漢字表","校正不要"
"辞書","じしょ","6級から","","","3469","常用漢字表","校正不要"
"市長","しちょう","6級から","","","3470","国語辞典(JMdict)｜よく使う二字熟語","校正不要"
"一種","いっしゅ","6級から","","","3471","国語辞典(JMdict)｜よく使う二字熟語","校正不要"
"入門","にゅうもん","6級から","","","3472","国語辞典(JMdict)｜よく使う二字熟語","校正不要"
"出張","しゅっちょう","6級から","","","3475","国語辞典(JMdict)｜よく使う二字熟語","校正不要"
"夕食","ゆうしょく","6級から","","","3476","国語辞典(JMdict)｜対義語・熟語の構成で使う語","校正不要"
"協定","きょうてい","6級から","","","3480","国語辞典(JMdict)｜よく使う二字熟語","校正不要"
"深夜","しんや","6級から","","","3481","常用漢字表","校正不要"
"半年","はんとし","6級から","","はんとし / はんねん","3482","国語辞典(JMdict)｜よく使う二字熟語","校正不要"
"豊富","ほうふ","6級から","","","3484","常用漢字表","校正不要"
"身近","みぢか","6級から","","","3486","国語辞典(JMdict)｜よく使う二字熟語","校正不要"
"物件","ぶっけん","6級から","","","3488","国語辞典(JMdict)｜よく使う二字熟語","校正不要"
"面接","めんせつ","6級から","","","3495","国語辞典(JMdict)｜よく使う二字熟語","校正不要"
"部隊","ぶたい","6級から","","","3496","常用漢字表","校正不要"
"発音","はつおん","6級から","","","3501","常用漢字表","校正不要"
"配布","はいふ","6級から","","","3502","国語辞典(JMdict)｜よく使う二字熟語","校正不要"
"同意","どうい","6級から","","","3503","国語辞典(JMdict)｜対義語・熟語の構成で使う語","校正不要"
"交付","こうふ","6級から","","","3505","常用漢字表","校正不要"
"保有","ほゆう","6級から","","","3507","国語辞典(JMdict)｜よく使う二字熟語","校正不要"
"課長","かちょう","6級から","","","3508","国語辞典(JMdict)｜よく使う二字熟語","校正不要"
"体系","たいけい","5級から","","","3512","常用漢字表","校正不要"
"同一","どういつ","6級から","","","3515","常用漢字表","校正不要"
"列車","れっしゃ","6級から","","","3519","常用漢字表","校正不要"
"構想","こうそう","6級から","","","3523","国語辞典(JMdict)｜よく使う二字熟語","校正不要"
"口座","こうざ","5級から","","","3524","国語辞典(JMdict)｜よく使う二字熟語","校正不要"
"説得","せっとく","6級から","","","3527","国語辞典(JMdict)｜よく使う二字熟語","校正不要"
"決議","けつぎ","6級から","","","3530","国語辞典(JMdict)｜よく使う二字熟語","校正不要"
"地位","ちい","6級から","","","3531","国語辞典(JMdict)｜よく使う二字熟語","校正不要"
"進歩","しんぽ","6級から","","","3532","常用漢字表","校正不要"
"追求","ついきゅう","6級から","","","3534","常用漢字表","校正不要"
"燃料","ねんりょう","6級から","","","3539","常用漢字表","校正不要"
"解除","かいじょ","5級から","","","3544","常用漢字表","校正不要"
"加入","かにゅう","6級から","","","3547","常用漢字表","校正不要"
"側面","そくめん","6級から","","","3548","常用漢字表","校正不要"
"開設","かいせつ","6級から","","","3550","国語辞典(JMdict)｜よく使う二字熟語","校正不要"
"在庫","ざいこ","6級から","","","3551","国語辞典(JMdict)｜よく使う二字熟語","校正不要"
"回収","かいしゅう","5級から","","","3553","常用漢字表","校正不要"
"移転","いてん","6級から","","","3559","常用漢字表","校正不要"
"全面","ぜんめん","6級から","","","3562","国語辞典(JMdict)｜よく使う二字熟語","校正不要"
"非難","ひなん","5級から","","","3563","常用漢字表","校正不要"
"修理","しゅうり","6級から","","しゅうり / しゅり / すり","3564","国語辞典(JMdict)｜よく使う二字熟語","校正不要"
"集合","しゅうごう","6級から","","","3565","常用漢字表","校正不要"
"面白","おもしろ","6級から","","","3568","国語辞典(JMdict)｜よく使う二字熟語","校正不要"
"音声","おんせい","6級から","","おんせい / おんじょう","3569","国語辞典(JMdict)｜よく使う二字熟語","校正不要"
"文明","ぶんめい","6級から","","","3575","国語辞典(JMdict)｜よく使う二字熟語","校正不要"
"流行","りゅうこう","6級から","","","3577","常用漢字表","校正不要"
"美術","びじゅつ","6級から","","","3579","常用漢字表","校正不要"
"不良","ふりょう","6級から","","","3581","国語辞典(JMdict)｜よく使う二字熟語","校正不要"
"変動","へんどう","6級から","","","3583","国語辞典(JMdict)｜よく使う二字熟語","校正不要"
"受講","じゅこう","6級から","","","3589","国語辞典(JMdict)｜よく使う二字熟語","校正不要"
"商店","しょうてん","6級から","","","3590","国語辞典(JMdict)｜よく使う二字熟語","校正不要"
"伝説","でんせつ","6級から","","","3593","国語辞典(JMdict)｜よく使う二字熟語","校正不要"
"再開","さいかい","6級から","","","3601","国語辞典(JMdict)｜よく使う二字熟語","校正不要"
"階級","かいきゅう","6級から","","","3605","常用漢字表","校正不要"
"公的","こうてき","6級から","","","3606","国語辞典(JMdict)｜よく使う二字熟語","校正不要"
"転職","てんしょく","6級から","","","3610","国語辞典(JMdict)｜よく使う二字熟語","校正不要"
"先進","せんしん","6級から","","","3612","国語辞典(JMdict)｜よく使う二字熟語","校正不要"
"農家","のうか","6級から","","","3614","国語辞典(JMdict)｜よく使う二字熟語","校正不要"
"総務","そうむ","6級から","","","3616","国語辞典(JMdict)｜よく使う二字熟語","校正不要"
"決意","けつい","6級から","","","3634","常用漢字表","校正不要"
"移民","いみん","6級から","","","3638","常用漢字表","校正不要"
"毎週","まいしゅう","6級から","","","3643","常用漢字表","校正不要"
"階段","かいだん","5級から","","","3647","常用漢字表","校正不要"
"育児","いくじ","6級から","","","3652","常用漢字表","校正不要"
"男子","だんし","6級から","","","3653","常用漢字表","校正不要"
"学部","がくぶ","6級から","","","3655","国語辞典(JMdict)｜よく使う二字熟語","校正不要"
"買収","ばいしゅう","5級から","","","3657","常用漢字表","校正不要"
"不幸","ふこう","6級から","","","3658","常用漢字表","校正不要"
"快適","かいてき","6級から","","","3660","常用漢字表","校正不要"
"行事","ぎょうじ","6級から","","","3668","国語辞典(JMdict)｜よく使う二字熟語","校正不要"
"考察","こうさつ","6級から","","","3672","常用漢字表","校正不要"
"体調","たいちょう","6級から","","","3677","国語辞典(JMdict)｜よく使う二字熟語","校正不要"
"手数料","てすうりょう","6級から","","","3678","国語辞典(JMdict)｜三字熟語","校正不要"
"例外","れいがい","6級から","","","3679","常用漢字表","校正不要"
"兵器","へいき","6級から","","","3680","常用漢字表","校正不要"
"中止","ちゅうし","6級から","","","3684","常用漢字表","校正不要"
"主婦","しゅふ","6級から","","","3686","常用漢字表","校正不要"
"発射","はっしゃ","5級から","","","3692","常用漢字表","校正不要"
"理念","りねん","6級から","","","3693","国語辞典(JMdict)｜よく使う二字熟語","校正不要"
"公正","こうせい","6級から","","","3695","国語辞典(JMdict)｜よく使う二字熟語","校正不要"
"給料","きゅうりょう","6級から","","","3697","国語辞典(JMdict)｜よく使う二字熟語","校正不要"
"前日","ぜんじつ","6級から","","ぜんじつ / まえび","3702","国語辞典(JMdict)｜よく使う二字熟語","校正不要"
"商売","しょうばい","6級から","","","3710","常用漢字表","校正不要"
"科目","かもく","6級から","","","3714","国語辞典(JMdict)｜よく使う二字熟語","校正不要"
"短期","たんき","6級から","","","3715","国語辞典(JMdict)｜よく使う二字熟語","校正不要"
"特性","とくせい","6級から","","","3717","国語辞典(JMdict)｜よく使う二字熟語","校正不要"
"復帰","ふっき","6級から","","","3719","常用漢字表","校正不要"
"付近","ふきん","6級から","","","3720","国語辞典(JMdict)｜よく使う二字熟語","校正不要"
"素人","しろうと","6級から","熟字訓","","3723","常用漢字表（付表・熟字訓）","校正不要"
"犯人","はんにん","6級から","","","3725","国語辞典(JMdict)｜よく使う二字熟語","校正不要"
"北京","ほっきょう","6級から","","","3728","国語辞典(JMdict)｜よく使う二字熟語","校正不要"
"永遠","えいえん","6級から","","えいえん / とわ","3730","常用漢字表","校正不要"
"尊重","そんちょう","5級から","","","3734","国語辞典(JMdict)｜よく使う二字熟語","校正不要"
"古代","こだい","6級から","","","3736","常用漢字表","校正不要"
"郵政","ゆうせい","5級から","","","3743","国語辞典(JMdict)｜よく使う二字熟語","校正不要"
"体重","たいじゅう","6級から","","","3744","国語辞典(JMdict)｜よく使う二字熟語","校正不要"
"本件","ほんけん","6級から","","","3748","国語辞典(JMdict)｜よく使う二字熟語","校正不要"
"通貨","つうか","6級から","","","3750","常用漢字表","校正不要"
"動画","どうが","6級から","","","3752","国語辞典(JMdict)｜よく使う二字熟語","校正不要"
"人工","じんこう","6級から","","","3764","常用漢字表","校正不要"
"適正","てきせい","6級から","","","3765","国語辞典(JMdict)｜よく使う二字熟語","校正不要"
"気温","きおん","6級から","","","3766","常用漢字表","校正不要"
"新潟","にいがた","6級から","","","3769","国語辞典(JMdict)｜よく使う二字熟語","校正不要"
"広場","ひろば","6級から","","","3773","常用漢字表","校正不要"
"台風","たいふう","6級から","","","3774","常用漢字表","校正不要"
"受付","うけつけ","6級から","","","3777","常用漢字表","校正不要"
"苦笑","くしょう","6級から","","","3778","国語辞典(JMdict)｜よく使う二字熟語","校正不要"
"自覚","じかく","6級から","","","3783","国語辞典(JMdict)｜よく使う二字熟語","校正不要"
"比率","ひりつ","6級から","","","3789","常用漢字表","校正不要"
"上映","じょうえい","5級から","","","3791","常用漢字表","校正不要"
"再度","さいど","6級から","","","3795","常用漢字表","校正不要"
"観測","かんそく","6級から","","","3797","国語辞典(JMdict)｜よく使う二字熟語","校正不要"
"要件","ようけん","6級から","","","3803","国語辞典(JMdict)｜よく使う二字熟語","校正不要"
"数値","すうち","5級から","","","3810","常用漢字表","校正不要"
"保守","ほしゅ","6級から","","","3813","常用漢字表","校正不要"
"財源","ざいげん","5級から","","","3821","国語辞典(JMdict)｜よく使う二字熟語","校正不要"
"支出","ししゅつ","6級から","","","3830","国語辞典(JMdict)｜対義語・熟語の構成で使う語","校正不要"
"対話","たいわ","6級から","","","3835","国語辞典(JMdict)｜よく使う二字熟語","校正不要"
"長年","ながねん","6級から","","","3841","国語辞典(JMdict)｜よく使う二字熟語","校正不要"
"毎回","まいかい","6級から","","","3842","国語辞典(JMdict)｜よく使う二字熟語","校正不要"
"会談","かいだん","6級から","","","3843","国語辞典(JMdict)｜よく使う二字熟語","校正不要"
"信号","しんごう","6級から","","","3844","国語辞典(JMdict)｜よく使う二字熟語","校正不要"
"返信","へんしん","6級から","","","3846","国語辞典(JMdict)｜よく使う二字熟語","校正不要"
"借金","しゃっきん","6級から","","","3848","常用漢字表","校正不要"
"広報","こうほう","6級から","","","3852","国語辞典(JMdict)｜よく使う二字熟語","校正不要"
"商業","しょうぎょう","6級から","","","3859","常用漢字表","校正不要"
"気味","きみ","6級から","","きみ / きび / ぎみ / きあじ","3863","国語辞典(JMdict)｜よく使う二字熟語","校正不要"
"大半","たいはん","6級から","","","3865","常用漢字表","校正不要"
"社内","しゃない","6級から","","","3866","国語辞典(JMdict)｜よく使う二字熟語","校正不要"
"調達","ちょうたつ","6級から","","","3871","常用漢字表","校正不要"
"辞典","じてん","6級から","","","3872","国語辞典(JMdict)｜よく使う二字熟語","校正不要"
"正義","せいぎ","6級から","","","3873","常用漢字表","校正不要"
"世帯","せたい","6級から","","せたい / しょたい","3875","国語辞典(JMdict)｜よく使う二字熟語","校正不要"
"大戦","たいせん","6級から","","","3880","国語辞典(JMdict)｜よく使う二字熟語","校正不要"
"教材","きょうざい","6級から","","","3881","国語辞典(JMdict)｜よく使う二字熟語","校正不要"
"阪神","はんしん","6級から","","","3884","常用漢字表","校正不要"
"制定","せいてい","6級から","","","3891","国語辞典(JMdict)｜よく使う二字熟語","校正不要"
"才能","さいのう","6級から","","","3892","常用漢字表","校正不要"
"発明","はつめい","6級から","","","3893","常用漢字表","校正不要"
"幸福","こうふく","6級から","","","3897","常用漢字表","校正不要"
"通知","つうち","6級から","","","3898","常用漢字表","校正不要"
"体力","たいりょく","6級から","","","3901","国語辞典(JMdict)｜よく使う二字熟語","校正不要"
"冷静","れいせい","6級から","","","3905","国語辞典(JMdict)｜よく使う二字熟語","校正不要"
"血液","けつえき","6級から","","","3906","常用漢字表","校正不要"
"地上","ちじょう","6級から","","","3909","常用漢字表","校正不要"
"通勤","つうきん","5級から","","","3914","国語辞典(JMdict)｜よく使う二字熟語","校正不要"
"反論","はんろん","5級から","","","3915","国語辞典(JMdict)｜よく使う二字熟語","校正不要"
"気軽","きがる","6級から","","","3918","国語辞典(JMdict)｜よく使う二字熟語","校正不要"
"人格","じんかく","6級から","","","3922","国語辞典(JMdict)｜よく使う二字熟語","校正不要"
"正常","せいじょう","6級から","","","3923","国語辞典(JMdict)｜よく使う二字熟語","校正不要"
"独特","どくとく","6級から","","","3925","常用漢字表","校正不要"
"意欲","いよく","5級から","","","3926","国語辞典(JMdict)｜よく使う二字熟語","校正不要"
"開放","かいほう","6級から","","","3930","国語辞典(JMdict)｜よく使う二字熟語","校正不要"
"面積","めんせき","6級から","","","3933","常用漢字表","校正不要"
"熱心","ねっしん","6級から","","","3935","国語辞典(JMdict)｜よく使う二字熟語","校正不要"
"原子力","げんしりょく","6級から","","","3939","国語辞典(JMdict)｜三字熟語","校正不要"
"呼吸","こきゅう","5級から","","","3942","常用漢字表","校正不要"
"日程","にってい","6級から","","","3944","常用漢字表","校正不要"
"最悪","さいあく","6級から","","","3945","国語辞典(JMdict)｜よく使う二字熟語","校正不要"
"演技","えんぎ","6級から","","","3949","常用漢字表","校正不要"
"放置","ほうち","6級から","","","3952","常用漢字表","校正不要"
"保健","ほけん","6級から","","","3956","国語辞典(JMdict)｜よく使う二字熟語","校正不要"
"改良","かいりょう","6級から","","","3958","国語辞典(JMdict)｜対義語・熟語の構成で使う語","校正不要"
"集会","しゅうかい","6級から","","","3960","国語辞典(JMdict)｜よく使う二字熟語","校正不要"
"店員","てんいん","6級から","","","3962","国語辞典(JMdict)｜よく使う二字熟語","校正不要"
"毎月","まいつき","6級から","","まいつき / まいげつ","3963","国語辞典(JMdict)｜よく使う二字熟語","校正不要"
"開示","かいじ","6級から","","","3965","国語辞典(JMdict)｜よく使う二字熟語","校正不要"
"悪化","あっか","6級から","","","3970","国語辞典(JMdict)｜よく使う二字熟語","校正不要"
"両者","りょうしゃ","6級から","","","3971","国語辞典(JMdict)｜よく使う二字熟語","校正不要"
"拡張","かくちょう","5級から","","","3974","常用漢字表","校正不要"
"在住","ざいじゅう","6級から","","","3976","国語辞典(JMdict)｜よく使う二字熟語","校正不要"
"目次","もくじ","6級から","","","3982","常用漢字表","校正不要"
"看板","かんばん","5級から","","","3983","常用漢字表","校正不要"
"仏教","ぶっきょう","6級から","","","3985","国語辞典(JMdict)｜よく使う二字熟語","校正不要"
"引退","いんたい","5級から","","","3987","常用漢字表","校正不要"
"上位","じょうい","6級から","","","3989","国語辞典(JMdict)｜よく使う二字熟語","校正不要"
"無線","むせん","6級から","","","3991","国語辞典(JMdict)｜よく使う二字熟語","校正不要"
"近年","きんねん","6級から","","","3993","国語辞典(JMdict)｜よく使う二字熟語","校正不要"
"不要","ふよう","6級から","","","3999","国語辞典(JMdict)｜よく使う二字熟語","校正不要"
"就任","しゅうにん","5級から","","","4004","常用漢字表","校正不要"
"有利","ゆうり","6級から","","","4006","国語辞典(JMdict)｜よく使う二字熟語","校正不要"
"出現","しゅつげん","6級から","","","4007","常用漢字表","校正不要"
"感心","かんしん","6級から","","","4009","常用漢字表","校正不要"
"連中","れんちゅう","6級から","","れんちゅう / れんじゅう / れんぢゅう","4012","国語辞典(JMdict)｜よく使う二字熟語","校正不要"
"出産","しゅっさん","6級から","","","4021","常用漢字表","校正不要"
"家具","かぐ","6級から","","","4022","国語辞典(JMdict)｜よく使う二字熟語","校正不要"
"課税","かぜい","6級から","","","4024","国語辞典(JMdict)｜よく使う二字熟語","校正不要"
"関東","かんとう","6級から","","","4025","国語辞典(JMdict)｜よく使う二字熟語","校正不要"
"業績","ぎょうせき","6級から","","","4031","常用漢字表","校正不要"
"車両","しゃりょう","6級から","","","4033","国語辞典(JMdict)｜よく使う二字熟語","校正不要"
"不可欠","ふかけつ","6級から","","","4038","国語辞典(JMdict)｜三字熟語","校正不要"
"月曜日","げつようび","6級から","","","4040","常用漢字表","校正不要"
"神奈川","かながわ","6級から","","","4042","常用漢字表（都道府県）","校正不要"
"中学生","ちゅうがくせい","6級から","","","4046","国語辞典(JMdict)｜三字熟語","校正不要"
"筋肉","きんにく","5級から","","きんにく / すじにく","4047","常用漢字表","校正不要"
"西洋","せいよう","6級から","","","4050","国語辞典(JMdict)｜よく使う二字熟語","校正不要"
"九州","きゅうしゅう","6級から","","","4057","国語辞典(JMdict)｜よく使う二字熟語","校正不要"
"同時","どうじ","6級から","","","4059","国語辞典(JMdict)｜よく使う二字熟語","校正不要"
"真面目","まじめ","6級から","熟字訓","しんめんもく / しんめんぼく / まじめ","4060","常用漢字表（付表・熟字訓）","校正不要"
"学科","がっか","6級から","","","4065","国語辞典(JMdict)｜よく使う二字熟語","校正不要"
"衛生","えいせい","6級から","","","4067","常用漢字表","校正不要"
"大勢","おおぜい","6級から","","おおぜい / たいぜい / たいせい","4070","国語辞典(JMdict)｜よく使う二字熟語","校正不要"
"愛情","あいじょう","6級から","","","4081","常用漢字表","校正不要"
"余計","よけい","6級から","","","4084","国語辞典(JMdict)｜よく使う二字熟語","校正不要"
"起動","きどう","6級から","","","4087","国語辞典(JMdict)｜よく使う二字熟語","校正不要"
"一見","いっけん","6級から","","いっけん / いちげん","4088","国語辞典(JMdict)｜よく使う二字熟語","校正不要"
"電源","でんげん","5級から","","","4091","国語辞典(JMdict)｜よく使う二字熟語","校正不要"
"日銀","にちぎん","6級から","","","4093","国語辞典(JMdict)｜よく使う二字熟語","校正不要"
"少数","しょうすう","6級から","","","4094","国語辞典(JMdict)｜対義語・熟語の構成で使う語","校正不要"
"署名","しょめい","5級から","","","4096","常用漢字表","校正不要"
"弁当","べんとう","6級から","","","4102","国語辞典(JMdict)｜よく使う二字熟語","校正不要"
"興奮","こうふん","5級から","","","4104","常用漢字表","校正不要"
"格好","かっこう","6級から","","かっこう / かっこ","4106","国語辞典(JMdict)｜よく使う二字熟語","校正不要"
"平等","びょうどう","6級から","","","4108","常用漢字表","校正不要"
"決断","けつだん","6級から","","","4114","国語辞典(JMdict)｜よく使う二字熟語","校正不要"
"行使","こうし","6級から","","","4118","国語辞典(JMdict)｜よく使う二字熟語","校正不要"
"認知","にんち","5級から","","","4125","国語辞典(JMdict)｜よく使う二字熟語","校正不要"
"一連","いちれん","6級から","","","4126","国語辞典(JMdict)｜よく使う二字熟語","校正不要"
"衛星","えいせい","6級から","","","4128","常用漢字表","校正不要"
"証人","しょうにん","6級から","","","4131","国語辞典(JMdict)｜よく使う二字熟語","校正不要"
"通過","つうか","6級から","","","4138","常用漢字表","校正不要"
"現金","げんきん","6級から","","","4140","国語辞典(JMdict)｜よく使う二字熟語","校正不要"
"他者","たしゃ","6級から","","","4142","国語辞典(JMdict)｜よく使う二字熟語","校正不要"
"経由","けいゆ","6級から","","けいゆ / けいゆう","4144","常用漢字表","校正不要"
"支部","しぶ","6級から","","","4148","国語辞典(JMdict)｜よく使う二字熟語","校正不要"
"自社","じしゃ","6級から","","","4152","国語辞典(JMdict)｜よく使う二字熟語","校正不要"
"一層","いっそう","5級から","","","4157","国語辞典(JMdict)｜よく使う二字熟語","校正不要"
"親子","おやこ","6級から","","おやこ / しんし","4158","常用漢字表","校正不要"
"期限","きげん","6級から","","","4159","常用漢字表","校正不要"
"農民","のうみん","6級から","","","4161","国語辞典(JMdict)｜よく使う二字熟語","校正不要"
"警告","けいこく","5級から","","","4167","常用漢字表","校正不要"
"通訳","つうやく","5級から","","","4174","常用漢字表","校正不要"
"世論","よろん","5級から","","よろん / せろん / せいろん","4175","国語辞典(JMdict)｜よく使う二字熟語","校正不要"
"指数","しすう","6級から","","","4182","国語辞典(JMdict)｜よく使う二字熟語","校正不要"
"以後","いご","6級から","","","4193","常用漢字表","校正不要"
"吸収","きゅうしゅう","5級から","","","4194","常用漢字表","校正不要"
"上場","じょうじょう","6級から","","","4205","国語辞典(JMdict)｜よく使う二字熟語","校正不要"
"肉体","にくたい","6級から","","","4206","国語辞典(JMdict)｜対義語・熟語の構成で使う語","校正不要"
"機種","きしゅ","6級から","","","4207","国語辞典(JMdict)｜よく使う二字熟語","校正不要"
"投入","とうにゅう","6級から","","","4209","国語辞典(JMdict)｜よく使う二字熟語","校正不要"
"俳優","はいゆう","5級から","","","4212","常用漢字表","校正不要"
"先頭","せんとう","6級から","","","4214","国語辞典(JMdict)｜よく使う二字熟語","校正不要"
"背中","せなか","5級から","","せなか / せな","4219","常用漢字表","校正不要"
"次元","じげん","6級から","","","4220","常用漢字表","校正不要"
"物事","ものごと","6級から","","","4229","国語辞典(JMdict)｜よく使う二字熟語","校正不要"
"装備","そうび","5級から","","","4230","国語辞典(JMdict)｜よく使う二字熟語","校正不要"
"山口","やまぐち","6級から","","","4231","国語辞典(JMdict)｜よく使う二字熟語","校正不要"
"楽天","らくてん","6級から","","","4232","国語辞典(JMdict)｜よく使う二字熟語","校正不要"
"同盟","どうめい","5級から","","","4242","常用漢字表","校正不要"
"兵士","へいし","6級から","","","4246","国語辞典(JMdict)｜よく使う二字熟語","校正不要"
"昼食","ちゅうしょく","6級から","","ちゅうしょく / ちゅうじき","4253","常用漢字表","校正不要"
"光景","こうけい","6級から","","","4255","常用漢字表","校正不要"
"救済","きゅうさい","5級から","","","4257","常用漢字表","校正不要"
"入場","にゅうじょう","6級から","","","4259","常用漢字表","校正不要"
"記入","きにゅう","6級から","","","4260","常用漢字表","校正不要"
"参拝","さんぱい","5級から","","","4263","国語辞典(JMdict)｜よく使う二字熟語","校正不要"
"絵本","えほん","6級から","","","4266","常用漢字表","校正不要"
"共感","きょうかん","6級から","","","4267","国語辞典(JMdict)｜よく使う二字熟語","校正不要"
"日曜","にちよう","6級から","","","4270","常用漢字表","校正不要"
"何人","なんにん","6級から","","なんにん / なにびと / なんびと / なんぴと / なにじん","4272","国語辞典(JMdict)｜よく使う二字熟語","校正不要"
"国境","こっきょう","6級から","","こっきょう / くにざかい","4276","国語辞典(JMdict)｜よく使う二字熟語","校正不要"
"工学","こうがく","6級から","","","4279","国語辞典(JMdict)｜よく使う二字熟語","校正不要"
"手元","てもと","6級から","","","4281","国語辞典(JMdict)｜よく使う二字熟語","校正不要"
"芸能","げいのう","6級から","","","4284","常用漢字表","校正不要"
"典型","てんけい","6級から","","","4287","常用漢字表","校正不要"
"後者","こうしゃ","6級から","","","4291","国語辞典(JMdict)｜よく使う二字熟語","校正不要"
"観戦","かんせん","6級から","","","4292","国語辞典(JMdict)｜よく使う二字熟語","校正不要"
"在日","ざいにち","6級から","","","4293","国語辞典(JMdict)｜よく使う二字熟語","校正不要"
"静岡","しずおか","6級から","","","4294","常用漢字表（都道府県）","校正不要"
"養成","ようせい","6級から","","","4295","国語辞典(JMdict)｜よく使う二字熟語","校正不要"
"現役","げんえき","6級から","","","4296","国語辞典(JMdict)｜よく使う二字熟語","校正不要"
"再現","さいげん","6級から","","","4298","国語辞典(JMdict)｜よく使う二字熟語","校正不要"
"心臓","しんぞう","5級から","","","4299","常用漢字表","校正不要"
"尊敬","そんけい","5級から","","","4302","常用漢字表","校正不要"
"女優","じょゆう","5級から","","","4304","国語辞典(JMdict)｜よく使う二字熟語","校正不要"
"宮崎","みやざき","6級から","","","4309","国語辞典(JMdict)｜よく使う二字熟語","校正不要"
"保育","ほいく","6級から","","","4313","国語辞典(JMdict)｜よく使う二字熟語","校正不要"
"税制","ぜいせい","6級から","","","4316","国語辞典(JMdict)｜よく使う二字熟語","校正不要"
"本社","ほんしゃ","6級から","","ほんしゃ / ほんじゃ","4318","国語辞典(JMdict)｜よく使う二字熟語","校正不要"
"実用","じつよう","6級から","","","4320","国語辞典(JMdict)｜よく使う二字熟語","校正不要"
"制約","せいやく","6級から","","","4321","国語辞典(JMdict)｜よく使う二字熟語","校正不要"
"演劇","えんげき","5級から","","","4323","常用漢字表","校正不要"
"人種","じんしゅ","6級から","","","4324","常用漢字表","校正不要"
"条例","じょうれい","6級から","","","4325","国語辞典(JMdict)｜よく使う二字熟語","校正不要"
"判定","はんてい","6級から","","","4328","常用漢字表","校正不要"
"有料","ゆうりょう","6級から","","","4329","国語辞典(JMdict)｜よく使う二字熟語","校正不要"
"順位","じゅんい","6級から","","","4331","国語辞典(JMdict)｜よく使う二字熟語","校正不要"
"急速","きゅうそく","6級から","","","4332","常用漢字表","校正不要"
"朝食","ちょうしょく","6級から","","","4338","常用漢字表","校正不要"
"輸送","ゆそう","6級から","","","4342","常用漢字表","校正不要"
"高等","こうとう","6級から","","","4345","国語辞典(JMdict)｜よく使う二字熟語","校正不要"
"推測","すいそく","5級から","","","4346","常用漢字表","校正不要"
"天然","てんねん","6級から","","","4348","常用漢字表","校正不要"
"下手","へた","6級から","熟字訓","したて / したで / しもて / へた","4350","常用漢字表（付表・熟字訓）","校正不要"
"知人","ちじん","6級から","","","4351","常用漢字表","校正不要"
"大学生","だいがくせい","6級から","","","4362","国語辞典(JMdict)｜三字熟語","校正不要"
"提言","ていげん","6級から","","","4363","国語辞典(JMdict)｜よく使う二字熟語","校正不要"
"人形","にんぎょう","6級から","","にんぎょう / ひとがた","4365","常用漢字表","校正不要"
"不当","ふとう","6級から","","","4370","常用漢字表","校正不要"
"展望","てんぼう","5級から","","","4373","国語辞典(JMdict)｜よく使う二字熟語","校正不要"
"国語","こくご","6級から","","","4377","常用漢字表","校正不要"
"職人","しょくにん","6級から","","","4378","国語辞典(JMdict)｜よく使う二字熟語","校正不要"
"総額","そうがく","6級から","","","4381","国語辞典(JMdict)｜よく使う二字熟語","校正不要"
"食料","しょくりょう","6級から","","","4383","常用漢字表","校正不要"
"古典","こてん","6級から","","","4388","常用漢字表","校正不要"
"増大","ぞうだい","6級から","","","4391","国語辞典(JMdict)｜よく使う二字熟語","校正不要"
"相対","あいたい","6級から","","あいたい / そうたい","4397","国語辞典(JMdict)｜よく使う二字熟語","校正不要"
"追記","ついき","6級から","","","4398","国語辞典(JMdict)｜よく使う二字熟語","校正不要"
"当選","とうせん","6級から","","","4401","常用漢字表","校正不要"
"日中","にっちゅう","6級から","","にっちゅう / ひなか","4402","国語辞典(JMdict)｜よく使う二字熟語","校正不要"
"預金","よきん","5級から","","","4405","常用漢字表","校正不要"
"金属","きんぞく","6級から","","","4410","常用漢字表","校正不要"
"評判","ひょうばん","6級から","","","4413","常用漢字表","校正不要"
"主演","しゅえん","6級から","","","4420","国語辞典(JMdict)｜よく使う二字熟語","校正不要"
"前年","ぜんねん","6級から","","","4421","国語辞典(JMdict)｜よく使う二字熟語","校正不要"
"給付","きゅうふ","6級から","","","4422","常用漢字表","校正不要"
"編成","へんせい","6級から","","","4424","常用漢字表","校正不要"
"証言","しょうげん","6級から","","","4425","国語辞典(JMdict)｜よく使う二字熟語","校正不要"
"提起","ていき","6級から","","","4428","国語辞典(JMdict)｜よく使う二字熟語","校正不要"
"実務","じつむ","6級から","","","4430","国語辞典(JMdict)｜よく使う二字熟語","校正不要"
"損失","そんしつ","6級から","","","4432","常用漢字表","校正不要"
"早期","そうき","6級から","","","4434","国語辞典(JMdict)｜よく使う二字熟語","校正不要"
"手当","てあて","6級から","","","4436","国語辞典(JMdict)｜よく使う二字熟語","校正不要"
"埼玉","さいたま","6級から","","","4437","常用漢字表（都道府県）","校正不要"
"栄養","えいよう","6級から","","","4441","常用漢字表","校正不要"
"分割","ぶんかつ","5級から","","ぶんかつ / ぶわり","4442","常用漢字表","校正不要"
"判明","はんめい","6級から","","","4444","常用漢字表","校正不要"
"健全","けんぜん","6級から","","","4445","国語辞典(JMdict)｜よく使う二字熟語","校正不要"
"持続","じぞく","6級から","","","4449","常用漢字表","校正不要"
"弁護","べんご","6級から","","","4453","国語辞典(JMdict)｜よく使う二字熟語","校正不要"
"評論","ひょうろん","5級から","","","4465","国語辞典(JMdict)｜よく使う二字熟語","校正不要"
"臨時","りんじ","5級から","","","4469","常用漢字表","校正不要"
"会合","かいごう","6級から","","","4480","国語辞典(JMdict)｜よく使う二字熟語","校正不要"
"論議","ろんぎ","5級から","","","4485","国語辞典(JMdict)｜よく使う二字熟語","校正不要"
"座長","ざちょう","5級から","","","4487","国語辞典(JMdict)｜よく使う二字熟語","校正不要"
"天才","てんさい","6級から","","","4488","国語辞典(JMdict)｜よく使う二字熟語","校正不要"
"動機","どうき","6級から","","","4495","国語辞典(JMdict)｜よく使う二字熟語","校正不要"
"長野","ながの","6級から","","","4500","国語辞典(JMdict)｜よく使う二字熟語","校正不要"
"加盟","かめい","5級から","","","4504","常用漢字表","校正不要"
"美容","びよう","6級から","","","4509","国語辞典(JMdict)｜よく使う二字熟語","校正不要"
"保全","ほぜん","6級から","","","4513","国語辞典(JMdict)｜よく使う二字熟語","校正不要"
"何処","どこ","5級から","","どこ / いずこ / いずく","4514","国語辞典(JMdict)｜よく使う二字熟語","校正不要"
"演説","えんぜつ","6級から","","","4515","常用漢字表","校正不要"
"実情","じつじょう","6級から","","","4520","国語辞典(JMdict)｜よく使う二字熟語","校正不要"
"文字数","もじすう","6級から","","","4525","国語辞典(JMdict)｜三字熟語","校正不要"
"雑感","ざっかん","6級から","","","4531","国語辞典(JMdict)｜よく使う二字熟語","校正不要"
"窓口","まどぐち","5級から","","","4549","常用漢字表","校正不要"
"立法","りっぽう","6級から","","","4554","国語辞典(JMdict)｜よく使う二字熟語","校正不要"
"得点","とくてん","6級から","","","4558","国語辞典(JMdict)｜よく使う二字熟語","校正不要"
"成分","せいぶん","6級から","","","4563","国語辞典(JMdict)｜よく使う二字熟語","校正不要"
"求人","きゅうじん","6級から","","","4572","国語辞典(JMdict)｜対義語・熟語の構成で使う語","校正不要"
"本文","ほんぶん","6級から","","ほんぶん / ほんもん","4573","国語辞典(JMdict)｜よく使う二字熟語","校正不要"
"手順","てじゅん","6級から","","","4575","国語辞典(JMdict)｜よく使う二字熟語","校正不要"
"屋根","やね","6級から","","","4577","常用漢字表","校正不要"
"財務","ざいむ","6級から","","","4579","国語辞典(JMdict)｜よく使う二字熟語","校正不要"
"反発","はんぱつ","6級から","","","4584","国語辞典(JMdict)｜よく使う二字熟語","校正不要"
"福井","ふくい","6級から","","","4590","国語辞典(JMdict)｜よく使う二字熟語","校正不要"
"放映","ほうえい","5級から","","","4592","国語辞典(JMdict)｜よく使う二字熟語","校正不要"
"支給","しきゅう","6級から","","","4595","国語辞典(JMdict)｜よく使う二字熟語","校正不要"
"遺産","いさん","5級から","","","4598","常用漢字表","校正不要"
"招待","しょうたい","6級から","","しょうたい / しょうだい","4599","常用漢字表","校正不要"
"第三者","だいさんしゃ","6級から","","","4601","常用漢字表","校正不要"
"視線","しせん","5級から","","","4602","国語辞典(JMdict)｜よく使う二字熟語","校正不要"
"神話","しんわ","6級から","","","4603","国語辞典(JMdict)｜よく使う二字熟語","校正不要"
"四月","しがつ","6級から","","しがつ / よつき","4604","国語辞典(JMdict)｜よく使う二字熟語","校正不要"
"予選","よせん","6級から","","","4606","国語辞典(JMdict)｜よく使う二字熟語","校正不要"
"解明","かいめい","6級から","","","4607","国語辞典(JMdict)｜よく使う二字熟語","校正不要"
"収支","しゅうし","5級から","","","4608","国語辞典(JMdict)｜よく使う二字熟語","校正不要"
"今夜","こんや","6級から","","","4617","国語辞典(JMdict)｜よく使う二字熟語","校正不要"
"活発","かっぱつ","6級から","","","4622","国語辞典(JMdict)｜よく使う二字熟語","校正不要"
"容量","ようりょう","6級から","","","4624","国語辞典(JMdict)｜よく使う二字熟語","校正不要"
"基金","ききん","6級から","","","4625","国語辞典(JMdict)｜よく使う二字熟語","校正不要"
"修行","しゅぎょう","6級から","","","4627","常用漢字表","校正不要"
"飛行","ひこう","6級から","","ひこう / ひぎょう","4629","常用漢字表","校正不要"
"警備","けいび","5級から","","","4631","国語辞典(JMdict)｜よく使う二字熟語","校正不要"
"余地","よち","6級から","","","4633","常用漢字表","校正不要"
"発送","はっそう","6級から","","","4636","国語辞典(JMdict)｜よく使う二字熟語","校正不要"
"不安定","ふあんてい","6級から","","","4638","国語辞典(JMdict)｜三字熟語","校正不要"
"送料","そうりょう","6級から","","","4639","国語辞典(JMdict)｜よく使う二字熟語","校正不要"
"民事","みんじ","6級から","","","4641","国語辞典(JMdict)｜よく使う二字熟語","校正不要"
"規格","きかく","6級から","","","4646","常用漢字表","校正不要"
"景色","けしき","6級から","熟字訓","けしき / けいしょく","4647","常用漢字表（付表・熟字訓）","校正不要"
"配分","はいぶん","6級から","","","4650","常用漢字表","校正不要"
"店長","てんちょう","6級から","","","4653","国語辞典(JMdict)｜よく使う二字熟語","校正不要"
"長崎","ながさき","6級から","","","4654","国語辞典(JMdict)｜よく使う二字熟語","校正不要"
"国土","こくど","6級から","","こくど / くにつち","4655","常用漢字表","校正不要"
"自動的","じどうてき","6級から","","","4667","国語辞典(JMdict)｜三字熟語","校正不要"
"都会","とかい","6級から","","","4668","常用漢字表","校正不要"
"交代","こうたい","6級から","","こうたい / こうだい","4681","常用漢字表","校正不要"
"下落","げらく","6級から","","","4682","国語辞典(JMdict)｜よく使う二字熟語","校正不要"
"花火","はなび","6級から","","","4683","常用漢字表","校正不要"
"回数","かいすう","6級から","","","4684","国語辞典(JMdict)｜よく使う二字熟語","校正不要"
"度目","どめ","6級から","","","4688","国語辞典(JMdict)｜よく使う二字熟語","校正不要"
"講習","こうしゅう","6級から","","","4692","国語辞典(JMdict)｜よく使う二字熟語","校正不要"
"寄付","きふ","6級から","","","4694","国語辞典(JMdict)｜よく使う二字熟語","校正不要"
"先行","せんこう","6級から","","","4697","国語辞典(JMdict)｜よく使う二字熟語","校正不要"
"表紙","ひょうし","6級から","","","4698","国語辞典(JMdict)｜よく使う二字熟語","校正不要"
"視覚","しかく","5級から","","","4705","常用漢字表","校正不要"
"保持","ほじ","6級から","","","4706","国語辞典(JMdict)｜よく使う二字熟語","校正不要"
"工作","こうさく","6級から","","","4709","国語辞典(JMdict)｜よく使う二字熟語","校正不要"
"大陸","たいりく","6級から","","","4714","国語辞典(JMdict)｜よく使う二字熟語","校正不要"
"看護","かんご","5級から","","","4715","常用漢字表","校正不要"
"角度","かくど","6級から","","","4723","常用漢字表","校正不要"
"定着","ていちゃく","6級から","","","4727","国語辞典(JMdict)｜よく使う二字熟語","校正不要"
"必然","ひつぜん","6級から","","","4729","常用漢字表","校正不要"
"出力","しゅつりょく","6級から","","","4733","国語辞典(JMdict)｜よく使う二字熟語","校正不要"
"指標","しひょう","6級から","","","4735","国語辞典(JMdict)｜よく使う二字熟語","校正不要"
"順番","じゅんばん","6級から","","","4741","常用漢字表","校正不要"
"応答","おうとう","6級から","","","4742","常用漢字表","校正不要"
"語学","ごがく","6級から","","","4745","常用漢字表","校正不要"
"録画","ろくが","6級から","","","4750","国語辞典(JMdict)｜よく使う二字熟語","校正不要"
"改行","かいぎょう","6級から","","","4753","国語辞典(JMdict)｜よく使う二字熟語","校正不要"
"愛知","あいち","6級から","","","4754","国語辞典(JMdict)｜よく使う二字熟語","校正不要"
"記号","きごう","6級から","","","4758","常用漢字表","校正不要"
"再建","さいけん","6級から","","さいけん / さいこん","4760","国語辞典(JMdict)｜よく使う二字熟語","校正不要"
"奈良","なら","6級から","","","4762","常用漢字表（都道府県）","校正不要"
"幼児","おさなご","5級から","","おさなご / ようじ","4764","常用漢字表","校正不要"
"電波","でんぱ","6級から","","","4765","常用漢字表","校正不要"
"生成","せいせい","6級から","","せいせい / きなり","4771","国語辞典(JMdict)｜よく使う二字熟語","校正不要"
"大分","だいぶ","6級から","","だいぶ / だいぶん","4774","常用漢字表（都道府県）","校正不要"
"新人","しんじん","6級から","","","4775","国語辞典(JMdict)｜よく使う二字熟語","校正不要"
"表記","ひょうき","6級から","","","4776","国語辞典(JMdict)｜よく使う二字熟語","校正不要"
"情熱","じょうねつ","6級から","","","4777","常用漢字表","校正不要"
"昨夜","ゆうべ","6級から","","ゆうべ / ゆんべ / よべ / さくや","4778","国語辞典(JMdict)｜よく使う二字熟語","校正不要"
"正解","せいかい","6級から","","","4780","国語辞典(JMdict)｜よく使う二字熟語","校正不要"
"私的","してき","5級から","","してき / わたしてき","4781","国語辞典(JMdict)｜よく使う二字熟語","校正不要"
"殺害","さつがい","6級から","","さつがい / せつがい","4786","国語辞典(JMdict)｜よく使う二字熟語","校正不要"
"親切","しんせつ","6級から","","","4789","常用漢字表","校正不要"
"昼間","ひるま","6級から","","ひるま / ちゅうかん","4792","国語辞典(JMdict)｜よく使う二字熟語","校正不要"
"絵画","かいが","6級から","","","4794","常用漢字表","校正不要"
"対戦","たいせん","6級から","","","4797","国語辞典(JMdict)｜よく使う二字熟語","校正不要"
"来日","らいにち","6級から","","らいにち / らいじつ","4798","国語辞典(JMdict)｜よく使う二字熟語","校正不要"
"小型","こがた","6級から","","","4800","常用漢字表","校正不要"
"海岸","かいがん","6級から","","","4806","常用漢字表","校正不要"
"視野","しや","5級から","","","4807","国語辞典(JMdict)｜よく使う二字熟語","校正不要"
"天井","てんじょう","6級から","","","4808","常用漢字表","校正不要"
"治安","ちあん","6級から","","ちあん / じあん","4817","常用漢字表","校正不要"
"認証","にんしょう","5級から","","","4818","国語辞典(JMdict)｜よく使う二字熟語","校正不要"
"申告","しんこく","6級から","","","4820","常用漢字表","校正不要"
"論点","ろんてん","5級から","","","4821","国語辞典(JMdict)｜よく使う二字熟語","校正不要"
"三月","さんがつ","6級から","","さんがつ / みつき","4824","国語辞典(JMdict)｜よく使う二字熟語","校正不要"
"出荷","しゅっか","6級から","","","4827","常用漢字表","校正不要"
"順調","じゅんちょう","6級から","","","4829","常用漢字表","校正不要"
"貴方","きほう","5級から","","きほう / あなた / あんた","4839","国語辞典(JMdict)｜よく使う二字熟語","校正不要"
"小売","こうり","6級から","","","4845","国語辞典(JMdict)｜よく使う二字熟語","校正不要"
"補足","ほそく","5級から","","","4847","常用漢字表","校正不要"
"関数","かんすう","6級から","","","4849","国語辞典(JMdict)｜よく使う二字熟語","校正不要"
"当面","とうめん","6級から","","","4852","国語辞典(JMdict)｜よく使う二字熟語","校正不要"
"創設","そうせつ","5級から","","","4853","国語辞典(JMdict)｜よく使う二字熟語","校正不要"
"貧困","ひんこん","5級から","","","4856","常用漢字表","校正不要"
"軍隊","ぐんたい","6級から","","","4860","常用漢字表","校正不要"
"死者","ししゃ","6級から","","","4862","国語辞典(JMdict)｜よく使う二字熟語","校正不要"
"討論","とうろん","5級から","","","4871","常用漢字表","校正不要"
"歌詞","かし","5級から","","かし / うたことば","4877","常用漢字表","校正不要"
"手間","てま","6級から","","","4881","国語辞典(JMdict)｜よく使う二字熟語","校正不要"
"究極","きゅうきょく","6級から","","","4883","国語辞典(JMdict)｜よく使う二字熟語","校正不要"
"人民","じんみん","6級から","","","4886","国語辞典(JMdict)｜よく使う二字熟語","校正不要"
"本番","ほんばん","6級から","","","4892","国語辞典(JMdict)｜よく使う二字熟語","校正不要"
"体質","たいしつ","6級から","","","4895","国語辞典(JMdict)｜よく使う二字熟語","校正不要"
"正面","しょうめん","6級から","","しょうめん / まとも","4896","常用漢字表","校正不要"
"地帯","ちたい","6級から","","","4897","常用漢字表","校正不要"
"新幹線","しんかんせん","6級から","","","4899","国語辞典(JMdict)｜三字熟語","校正不要"
"南部","なんぶ","6級から","","","4902","国語辞典(JMdict)｜よく使う二字熟語","校正不要"
"天使","てんし","6級から","","","4904","国語辞典(JMdict)｜よく使う二字熟語","校正不要"
"役所","やくしょ","6級から","","やくしょ / やくどころ","4909","常用漢字表","校正不要"
"定価","ていか","6級から","","","4910","常用漢字表","校正不要"
"本屋","ほんおく","6級から","","ほんおく / ほんや","4911","国語辞典(JMdict)｜よく使う二字熟語","校正不要"
"行方","ゆくえ","6級から","熟字訓","ゆくえ / いきかた / ゆきかた / ゆきがた / いきがた","4917","常用漢字表（付表・熟字訓）","校正不要"
"土産","みやげ","6級から","熟字訓","みやげ / どさん / とさん","4918","常用漢字表（付表・熟字訓）","校正不要"
"批評","ひひょう","5級から","","","4925","常用漢字表","校正不要"
"論争","ろんそう","5級から","","","4929","国語辞典(JMdict)｜よく使う二字熟語","校正不要"
"徒歩","とほ","6級から","","とほ / かち","4930","常用漢字表","校正不要"
"図書","としょ","6級から","","としょ / ずしょ","4932","常用漢字表","校正不要"
"植民","しょくみん","6級から","","","4939","国語辞典(JMdict)｜よく使う二字熟語","校正不要"
"未満","みまん","6級から","","","4946","常用漢字表","校正不要"
"長男","ちょうなん","6級から","","","4947","常用漢字表","校正不要"
"好評","こうひょう","6級から","","","4951","国語辞典(JMdict)｜よく使う二字熟語","校正不要"
"参入","さんにゅう","6級から","","","4954","国語辞典(JMdict)｜よく使う二字熟語","校正不要"
"学年","がくねん","6級から","","","4958","国語辞典(JMdict)｜よく使う二字熟語","校正不要"
"用品","ようひん","6級から","","","4961","国語辞典(JMdict)｜よく使う二字熟語","校正不要"
"革新","かくしん","5級から","","","4967","常用漢字表","校正不要"
"全角","ぜんかく","6級から","","","4971","国語辞典(JMdict)｜よく使う二字熟語","校正不要"
"出資","しゅっし","6級から","","","4977","国語辞典(JMdict)｜よく使う二字熟語","校正不要"
"拝見","はいけん","5級から","","","4983","常用漢字表","校正不要"
"居住","きょじゅう","6級から","","","4984","常用漢字表","校正不要"
"著書","ちょしょ","5級から","","","4986","国語辞典(JMdict)｜よく使う二字熟語","校正不要"
"逆転","ぎゃくてん","6級から","","","4993","常用漢字表","校正不要"
"諸君","しょくん","5級から","","","4995","常用漢字表","校正不要"
"共和","きょうわ","6級から","","","5000","国語辞典(JMdict)｜よく使う二字熟語","校正不要"
"復興","ふっこう","6級から","","","5002","常用漢字表","校正不要"
"統制","とうせい","6級から","","","5003","常用漢字表","校正不要"
"幹事","かんじ","6級から","","","5004","常用漢字表","校正不要"
"解散","かいさん","6級から","","","5005","常用漢字表","校正不要"
"文法","ぶんぽう","6級から","","","5012","常用漢字表","校正不要"
"書評","しょひょう","6級から","","","5016","国語辞典(JMdict)｜よく使う二字熟語","校正不要"
"重点","じゅうてん","6級から","","","5017","国語辞典(JMdict)｜よく使う二字熟語","校正不要"
"悲劇","ひげき","5級から","","","5020","常用漢字表","校正不要"
"単独","たんどく","6級から","","","5023","常用漢字表","校正不要"
"年末","ねんまつ","6級から","","","5025","国語辞典(JMdict)｜よく使う二字熟語","校正不要"
"縮小","しゅくしょう","5級から","","","5031","常用漢字表","校正不要"
"規約","きやく","6級から","","","5036","国語辞典(JMdict)｜よく使う二字熟語","校正不要"
"不法","ふほう","6級から","","","5040","国語辞典(JMdict)｜よく使う二字熟語","校正不要"
"農村","のうそん","6級から","","","5045","常用漢字表","校正不要"
"進展","しんてん","5級から","","","5046","国語辞典(JMdict)｜よく使う二字熟語","校正不要"
"創作","そうさく","5級から","","","5047","国語辞典(JMdict)｜よく使う二字熟語","校正不要"
"日付","ひづけ","6級から","","","5048","国語辞典(JMdict)｜よく使う二字熟語","校正不要"
"武装","ぶそう","5級から","","","5051","国語辞典(JMdict)｜よく使う二字熟語","校正不要"
"婦人","ふじん","6級から","","","5056","常用漢字表","校正不要"
"声明","せいめい","6級から","","せいめい / しょうみょう","5059","国語辞典(JMdict)｜よく使う二字熟語","校正不要"
"天国","てんごく","6級から","","てんごく / てんこく","5060","国語辞典(JMdict)｜よく使う二字熟語","校正不要"
"美人","びじん","6級から","","","5067","国語辞典(JMdict)｜対義語・熟語の構成で使う語","校正不要"
"初日","しょにち","6級から","","しょにち / しょじつ / はつひ","5075","国語辞典(JMdict)｜よく使う二字熟語","校正不要"
"平日","へいじつ","6級から","","へいじつ / ひらび","5084","常用漢字表","校正不要"
"公社","こうしゃ","6級から","","","5088","国語辞典(JMdict)｜よく使う二字熟語","校正不要"
"推定","すいてい","5級から","","","5089","国語辞典(JMdict)｜よく使う二字熟語","校正不要"
"金銭","きんせん","5級から","","","5095","常用漢字表","校正不要"
"回路","かいろ","6級から","","","5096","国語辞典(JMdict)｜よく使う二字熟語","校正不要"
"由来","ゆらい","6級から","","","5098","常用漢字表","校正不要"
"東北","とうほく","6級から","","とうほく / ひがしきた","5100","国語辞典(JMdict)｜よく使う二字熟語","校正不要"
"割引","わりびき","5級から","","","5106","国語辞典(JMdict)｜よく使う二字熟語","校正不要"
"暗号","あんごう","6級から","","","5110","国語辞典(JMdict)｜よく使う二字熟語","校正不要"
"共産","きょうさん","6級から","","","5111","国語辞典(JMdict)｜よく使う二字熟語","校正不要"
"策定","さくてい","5級から","","","5113","国語辞典(JMdict)｜よく使う二字熟語","校正不要"
"最中","さいちゅう","6級から","","さいちゅう / もなか","5115","国語辞典(JMdict)｜よく使う二字熟語","校正不要"
"公平","こうへい","6級から","","","5116","常用漢字表","校正不要"
"謝罪","しゃざい","6級から","","","5122","常用漢字表","校正不要"
"分間","ふんかん","6級から","","","5124","国語辞典(JMdict)｜よく使う二字熟語","校正不要"
"助成","じょせい","6級から","","","5126","国語辞典(JMdict)｜よく使う二字熟語","校正不要"
"衣装","いしょう","5級から","","","5127","常用漢字表","校正不要"
"改造","かいぞう","6級から","","","5131","常用漢字表","校正不要"
"加速","かそく","6級から","","","5135","国語辞典(JMdict)｜よく使う二字熟語","校正不要"
"新作","しんさく","6級から","","","5147","国語辞典(JMdict)｜よく使う二字熟語","校正不要"
"欲望","よくぼう","5級から","","","5154","常用漢字表","校正不要"
"区域","くいき","5級から","","","5156","常用漢字表","校正不要"
"保管","ほかん","6級から","","","5163","国語辞典(JMdict)｜よく使う二字熟語","校正不要"
"若手","わかて","5級から","","","5165","国語辞典(JMdict)｜よく使う二字熟語","校正不要"
"無意識","むいしき","6級から","","","5170","国語辞典(JMdict)｜三字熟語","校正不要"
"公害","こうがい","6級から","","","5174","国語辞典(JMdict)｜よく使う二字熟語","校正不要"
"会館","かいかん","6級から","","","5175","国語辞典(JMdict)｜よく使う二字熟語","校正不要"
"不十分","ふじゅうぶん","6級から","","","5176","国語辞典(JMdict)｜三字熟語","校正不要"
"映画館","えいがかん","5級から","","","5179","国語辞典(JMdict)｜三字熟語","校正不要"
"異議","いぎ","5級から","","","5183","常用漢字表","校正不要"
"平気","へいき","6級から","","","5185","国語辞典(JMdict)｜よく使う二字熟語","校正不要"
"移住","いじゅう","6級から","","","5186","国語辞典(JMdict)｜よく使う二字熟語","校正不要"
"処置","しょち","5級から","","","5189","常用漢字表","校正不要"
"留学生","りゅうがくせい","6級から","","","5190","国語辞典(JMdict)｜三字熟語","校正不要"
"従事","じゅうじ","5級から","","","5191","常用漢字表","校正不要"
"分散","ぶんさん","6級から","","","5193","国語辞典(JMdict)｜よく使う二字熟語","校正不要"
"分科","ぶんか","6級から","","","5197","国語辞典(JMdict)｜よく使う二字熟語","校正不要"
"発足","ほっそく","6級から","","ほっそく / はっそく","5199","国語辞典(JMdict)｜よく使う二字熟語","校正不要"
"室内","しつない","6級から","","","5206","常用漢字表","校正不要"
"姉妹","しまい","6級から","","しまい / きょうだい","5209","常用漢字表","校正不要"
"走行","そうこう","6級から","","","5210","常用漢字表","校正不要"
"議事","ぎじ","6級から","","","5211","国語辞典(JMdict)｜よく使う二字熟語","校正不要"
"文部","もんぶ","6級から","","","5212","国語辞典(JMdict)｜よく使う二字熟語","校正不要"
"歌手","かしゅ","6級から","","","5214","国語辞典(JMdict)｜よく使う二字熟語","校正不要"
"観念","かんねん","6級から","","","5215","国語辞典(JMdict)｜よく使う二字熟語","校正不要"
"電池","でんち","6級から","","","5217","常用漢字表","校正不要"
"上下","うえした","6級から","","うえした / じょうげ / かみしも / しょうか / じょうか","5219","常用漢字表","校正不要"
"学術","がくじゅつ","6級から","","","5220","国語辞典(JMdict)｜よく使う二字熟語","校正不要"
"先月","せんげつ","6級から","","","5223","国語辞典(JMdict)｜よく使う二字熟語","校正不要"
"川崎","かわさき","6級から","","","5226","国語辞典(JMdict)｜よく使う二字熟語","校正不要"
"家電","かでん","6級から","","かでん / いえでん","5232","国語辞典(JMdict)｜よく使う二字熟語","校正不要"
"店内","てんない","6級から","","","5233","国語辞典(JMdict)｜よく使う二字熟語","校正不要"
"同期","どうき","6級から","","","5237","国語辞典(JMdict)｜よく使う二字熟語","校正不要"
"移植","いしょく","6級から","","","5239","国語辞典(JMdict)｜よく使う二字熟語","校正不要"
"自国","じこく","6級から","","","5245","国語辞典(JMdict)｜よく使う二字熟語","校正不要"
"収容","しゅうよう","5級から","","","5246","国語辞典(JMdict)｜よく使う二字熟語","校正不要"
"全身","ぜんしん","6級から","","","5248","国語辞典(JMdict)｜よく使う二字熟語","校正不要"
"率直","そっちょく","6級から","","","5250","国語辞典(JMdict)｜よく使う二字熟語","校正不要"
"駅前","えきまえ","6級から","","","5254","国語辞典(JMdict)｜よく使う二字熟語","校正不要"
"職務","しょくむ","6級から","","","5261","常用漢字表","校正不要"
"商標","しょうひょう","6級から","","","5262","国語辞典(JMdict)｜よく使う二字熟語","校正不要"
"絶望","ぜつぼう","6級から","","","5263","国語辞典(JMdict)｜よく使う二字熟語","校正不要"
"食堂","しょくどう","6級から","","しょくどう / じきどう","5265","国語辞典(JMdict)｜よく使う二字熟語","校正不要"
"連休","れんきゅう","6級から","","","5266","国語辞典(JMdict)｜よく使う二字熟語","校正不要"
"入社","にゅうしゃ","6級から","","","5272","国語辞典(JMdict)｜よく使う二字熟語","校正不要"
"予備","よび","6級から","","","5273","常用漢字表","校正不要"
"出勤","しゅっきん","5級から","","","5276","常用漢字表","校正不要"
"部会","ぶかい","6級から","","","5278","国語辞典(JMdict)｜よく使う二字熟語","校正不要"
"返済","へんさい","5級から","","","5291","常用漢字表","校正不要"
"外務","がいむ","6級から","","","5294","国語辞典(JMdict)｜よく使う二字熟語","校正不要"
"省庁","しょうちょう","5級から","","","5296","国語辞典(JMdict)｜よく使う二字熟語","校正不要"
"付属","ふぞく","6級から","","","5299","国語辞典(JMdict)｜よく使う二字熟語","校正不要"
"節約","せつやく","6級から","","","5304","常用漢字表","校正不要"
"清水","しみず","6級から","熟字訓","しみず / せいすい / きよみず","5309","常用漢字表（付表・熟字訓）","校正不要"
"手前","てまえ","6級から","","","5310","国語辞典(JMdict)｜よく使う二字熟語","校正不要"
"司会","しかい","6級から","","","5315","常用漢字表","校正不要"
"合同","ごうどう","6級から","","","5325","常用漢字表","校正不要"
"主導","しゅどう","6級から","","","5329","国語辞典(JMdict)｜よく使う二字熟語","校正不要"
"部下","ぶか","6級から","","","5333","国語辞典(JMdict)｜よく使う二字熟語","校正不要"
"公団","こうだん","6級から","","","5334","国語辞典(JMdict)｜よく使う二字熟語","校正不要"
"習得","しゅうとく","6級から","","","5337","常用漢字表","校正不要"
"高知","こうち","6級から","","","5338","国語辞典(JMdict)｜よく使う二字熟語","校正不要"
"直面","ちょくめん","6級から","","","5339","国語辞典(JMdict)｜よく使う二字熟語","校正不要"
"転送","てんそう","6級から","","","5346","国語辞典(JMdict)｜よく使う二字熟語","校正不要"
"校長","こうちょう","6級から","","","5348","国語辞典(JMdict)｜よく使う二字熟語","校正不要"
"検察","けんさつ","6級から","","","5353","国語辞典(JMdict)｜よく使う二字熟語","校正不要"
"無限","むげん","6級から","","","5355","国語辞典(JMdict)｜よく使う二字熟語","校正不要"
"両国","りょうこく","6級から","","りょうこく / りょうごく","5356","国語辞典(JMdict)｜よく使う二字熟語","校正不要"
"農林","のうりん","6級から","","","5358","国語辞典(JMdict)｜よく使う二字熟語","校正不要"
"統治","とうち","6級から","","とうち / とうじ","5360","国語辞典(JMdict)｜よく使う二字熟語","校正不要"
"早朝","そうちょう","6級から","","","5361","常用漢字表","校正不要"
"県内","けんない","6級から","","","5363","国語辞典(JMdict)｜よく使う二字熟語","校正不要"
"福島","ふくしま","6級から","","","5364","国語辞典(JMdict)｜よく使う二字熟語","校正不要"
"史上","しじょう","6級から","","","5367","国語辞典(JMdict)｜よく使う二字熟語","校正不要"
"背後","はいご","5級から","","","5368","常用漢字表","校正不要"
"間接","かんせつ","6級から","","","5369","国語辞典(JMdict)｜対義語・熟語の構成で使う語","校正不要"
"後日","ごじつ","6級から","","ごじつ / ごにち","5374","国語辞典(JMdict)｜よく使う二字熟語","校正不要"
"感性","かんせい","6級から","","","5375","国語辞典(JMdict)｜よく使う二字熟語","校正不要"
"省略","しょうりゃく","6級から","","","5378","常用漢字表","校正不要"
"無効","むこう","6級から","","","5380","国語辞典(JMdict)｜よく使う二字熟語","校正不要"
"王国","おうこく","6級から","","","5384","国語辞典(JMdict)｜よく使う二字熟語","校正不要"
"速報","そくほう","6級から","","","5386","国語辞典(JMdict)｜よく使う二字熟語","校正不要"
"代金","だいきん","6級から","","","5389","国語辞典(JMdict)｜よく使う二字熟語","校正不要"
"財団","ざいだん","6級から","","","5398","国語辞典(JMdict)｜よく使う二字熟語","校正不要"
"使命","しめい","6級から","","","5400","国語辞典(JMdict)｜よく使う二字熟語","校正不要"
"五月","さつき","6級から","熟字訓","ごがつ / さつき","5401","常用漢字表（付表・熟字訓）","校正不要"
"戦前","せんぜん","6級から","","","5403","国語辞典(JMdict)｜よく使う二字熟語","校正不要"
"故障","こしょう","5級から","","","5404","常用漢字表","校正不要"
"他方","たほう","6級から","","","5407","国語辞典(JMdict)｜よく使う二字熟語","校正不要"
"答申","とうしん","6級から","","","5410","国語辞典(JMdict)｜よく使う二字熟語","校正不要"
"境界","きょうかい","6級から","","きょうかい / けいかい / きょうがい","5413","常用漢字表","校正不要"
"真理","しんり","6級から","","","5416","国語辞典(JMdict)｜よく使う二字熟語","校正不要"
"要約","ようやく","6級から","","","5420","国語辞典(JMdict)｜よく使う二字熟語","校正不要"
"石川","いしかわ","6級から","","","5421","国語辞典(JMdict)｜よく使う二字熟語","校正不要"
"王子","おうじ","6級から","","","5422","常用漢字表","校正不要"
"仮説","かせつ","6級から","","","5425","国語辞典(JMdict)｜よく使う二字熟語","校正不要"
"用紙","ようし","6級から","","","5428","常用漢字表","校正不要"
"味方","みかた","6級から","","","5431","国語辞典(JMdict)｜よく使う二字熟語","校正不要"
"主役","しゅやく","6級から","","","5433","国語辞典(JMdict)｜よく使う二字熟語","校正不要"
"国産","こくさん","6級から","","","5436","国語辞典(JMdict)｜よく使う二字熟語","校正不要"
"英文","えいぶん","6級から","","","5440","国語辞典(JMdict)｜よく使う二字熟語","校正不要"
"類似","るいじ","6級から","","","5441","常用漢字表","校正不要"
"軽減","けいげん","6級から","","","5443","国語辞典(JMdict)｜よく使う二字熟語","校正不要"
"任務","にんむ","6級から","","","5444","常用漢字表","校正不要"
"様式","ようしき","6級から","","","5445","常用漢字表","校正不要"
"守備","しゅび","6級から","","","5449","常用漢字表","校正不要"
"制裁","せいさい","5級から","","","5451","国語辞典(JMdict)｜よく使う二字熟語","校正不要"
"兵庫","ひょうご","6級から","","ひょうご / へいこ","5453","国語辞典(JMdict)｜よく使う二字熟語","校正不要"
"教養","きょうよう","6級から","","","5456","国語辞典(JMdict)｜よく使う二字熟語","校正不要"
"予感","よかん","6級から","","","5462","国語辞典(JMdict)｜よく使う二字熟語","校正不要"
"的確","てきかく","6級から","","てきかく / てっかく","5468","国語辞典(JMdict)｜よく使う二字熟語","校正不要"
"雑貨","ざっか","6級から","","","5469","国語辞典(JMdict)｜よく使う二字熟語","校正不要"
"前進","ぜんしん","6級から","","","5473","常用漢字表","校正不要"
"温暖","おんだん","5級から","","","5477","常用漢字表","校正不要"
"予報","よほう","6級から","","","5478","国語辞典(JMdict)｜よく使う二字熟語","校正不要"
"最高裁","さいこうさい","5級から","","","5484","国語辞典(JMdict)｜三字熟語","校正不要"
"法制","ほうせい","6級から","","","5488","国語辞典(JMdict)｜よく使う二字熟語","校正不要"
"照明","しょうめい","6級から","","","5489","常用漢字表","校正不要"
"通用","つうよう","6級から","","","5495","国語辞典(JMdict)｜よく使う二字熟語","校正不要"
"付加","ふか","6級から","","","5500","国語辞典(JMdict)｜よく使う二字熟語","校正不要"
"推移","すいい","5級から","","","5502","常用漢字表","校正不要"
"本音","ほんね","6級から","","","5505","国語辞典(JMdict)｜よく使う二字熟語","校正不要"
"回線","かいせん","6級から","","","5507","国語辞典(JMdict)｜よく使う二字熟語","校正不要"
"最大限","さいだいげん","6級から","","","5512","国語辞典(JMdict)｜三字熟語","校正不要"
"何事","なにごと","6級から","","","5514","常用漢字表","校正不要"
"調和","ちょうわ","6級から","","","5517","常用漢字表","校正不要"
"担保","たんぽ","5級から","","","5522","常用漢字表","校正不要"
"一月","いちがつ","6級から","","いちがつ / ひとつき / いちげつ","5525","国語辞典(JMdict)｜よく使う二字熟語","校正不要"
"案件","あんけん","6級から","","","5526","国語辞典(JMdict)｜よく使う二字熟語","校正不要"
"課程","かてい","6級から","","","5527","国語辞典(JMdict)｜よく使う二字熟語","校正不要"
"地裁","ちさい","5級から","","","5531","国語辞典(JMdict)｜よく使う二字熟語","校正不要"
"有限","ゆうげん","6級から","","","5535","国語辞典(JMdict)｜よく使う二字熟語","校正不要"
"発注","はっちゅう","6級から","","","5537","常用漢字表","校正不要"
"業種","ぎょうしゅ","6級から","","","5540","国語辞典(JMdict)｜よく使う二字熟語","校正不要"
"森林","しんりん","6級から","","","5541","常用漢字表","校正不要"
"牛乳","ぎゅうにゅう","5級から","","","5542","常用漢字表","校正不要"
"決定的","けっていてき","6級から","","","5543","国語辞典(JMdict)｜三字熟語","校正不要"
"法令","ほうれい","6級から","","","5544","常用漢字表","校正不要"
"地点","ちてん","6級から","","","5550","国語辞典(JMdict)｜よく使う二字熟語","校正不要"
"少子化","しょうしか","6級から","","","5555","国語辞典(JMdict)｜三字熟語","校正不要"
"気配","けはい","6級から","","けはい / きはい","5562","常用漢字表","校正不要"
"外資","がいし","6級から","","","5567","国語辞典(JMdict)｜よく使う二字熟語","校正不要"
"適応","てきおう","6級から","","","5575","国語辞典(JMdict)｜よく使う二字熟語","校正不要"
"分解","ぶんかい","6級から","","","5577","常用漢字表","校正不要"
"右手","みぎて","6級から","","みぎて / めて","5580","常用漢字表","校正不要"
"件数","けんすう","6級から","","","5581","常用漢字表","校正不要"
"国鉄","こくてつ","6級から","","","5582","国語辞典(JMdict)｜よく使う二字熟語","校正不要"
"演習","えんしゅう","6級から","","","5592","国語辞典(JMdict)｜よく使う二字熟語","校正不要"
"中東","ちゅうとう","6級から","","","5608","国語辞典(JMdict)｜よく使う二字熟語","校正不要"
"支店","してん","6級から","","","5609","常用漢字表","校正不要"
"身分","みぶん","6級から","","","5610","国語辞典(JMdict)｜よく使う二字熟語","校正不要"
"農地","のうち","6級から","","","5611","国語辞典(JMdict)｜よく使う二字熟語","校正不要"
"信者","しんじゃ","6級から","","","5613","国語辞典(JMdict)｜よく使う二字熟語","校正不要"
"負荷","ふか","6級から","","","5616","国語辞典(JMdict)｜よく使う二字熟語","校正不要"
"冷蔵庫","れいぞうこ","5級から","","","5621","国語辞典(JMdict)｜三字熟語","校正不要"
"銀座","ぎんざ","5級から","","","5622","国語辞典(JMdict)｜よく使う二字熟語","校正不要"
"私立","しりつ","5級から","","しりつ / わたくしりつ","5624","常用漢字表","校正不要"
"気候","きこう","6級から","","","5627","常用漢字表","校正不要"
"結成","けっせい","6級から","","","5628","国語辞典(JMdict)｜よく使う二字熟語","校正不要"
"志向","しこう","6級から","","","5630","国語辞典(JMdict)｜よく使う二字熟語","校正不要"
"意向","いこう","6級から","","","5631","国語辞典(JMdict)｜よく使う二字熟語","校正不要"
"夫人","ふじん","6級から","","ふじん / ぶにん","5632","国語辞典(JMdict)｜よく使う二字熟語","校正不要"
"階層","かいそう","5級から","","","5641","国語辞典(JMdict)｜よく使う二字熟語","校正不要"
"青春","せいしゅん","6級から","","","5643","常用漢字表","校正不要"
"都内","とない","6級から","","","5647","国語辞典(JMdict)｜よく使う二字熟語","校正不要"
"食材","しょくざい","6級から","","","5653","国語辞典(JMdict)｜よく使う二字熟語","校正不要"
"流出","りゅうしゅつ","6級から","","","5658","国語辞典(JMdict)｜よく使う二字熟語","校正不要"
"公立","こうりつ","6級から","","","5660","国語辞典(JMdict)｜よく使う二字熟語","校正不要"
"強度","きょうど","6級から","","","5663","国語辞典(JMdict)｜よく使う二字熟語","校正不要"
"最強","さいきょう","6級から","","","5667","国語辞典(JMdict)｜よく使う二字熟語","校正不要"
"改定","かいてい","6級から","","かいてい / かいじょう","5669","国語辞典(JMdict)｜よく使う二字熟語","校正不要"
"連盟","れんめい","5級から","","","5671","常用漢字表","校正不要"
"往復","おうふく","6級から","","","5675","常用漢字表","校正不要"
"有力","ゆうりょく","6級から","","","5676","国語辞典(JMdict)｜よく使う二字熟語","校正不要"
"昨今","さっこん","6級から","","さっこん / さくこん","5678","常用漢字表","校正不要"
"仮定","かてい","6級から","","","5680","常用漢字表","校正不要"
"告白","こくはく","6級から","","","5689","常用漢字表","校正不要"
"指名","しめい","6級から","","","5691","国語辞典(JMdict)｜よく使う二字熟語","校正不要"
"辞任","じにん","6級から","","","5694","国語辞典(JMdict)｜よく使う二字熟語","校正不要"
"大国","たいこく","6級から","","","5702","国語辞典(JMdict)｜よく使う二字熟語","校正不要"
"変革","へんかく","5級から","","","5707","国語辞典(JMdict)｜よく使う二字熟語","校正不要"
"故郷","くに","5級から","","くに / ふるさと / こきょう","5711","常用漢字表","校正不要"
"急激","きゅうげき","5級から","","","5713","国語辞典(JMdict)｜よく使う二字熟語","校正不要"
"地面","じめん","6級から","","","5715","常用漢字表","校正不要"
"残業","ざんぎょう","6級から","","","5717","国語辞典(JMdict)｜よく使う二字熟語","校正不要"
"告知","こくち","6級から","","","5718","国語辞典(JMdict)｜よく使う二字熟語","校正不要"
"大使","たいし","6級から","","","5720","国語辞典(JMdict)｜よく使う二字熟語","校正不要"
"進学","しんがく","6級から","","","5722","国語辞典(JMdict)｜よく使う二字熟語","校正不要"
"刊行","かんこう","6級から","","","5725","常用漢字表","校正不要"
"感激","かんげき","5級から","","","5726","常用漢字表","校正不要"
"砂糖","さとう","5級から","","","5731","常用漢字表","校正不要"
"原油","げんゆ","6級から","","","5734","国語辞典(JMdict)｜よく使う二字熟語","校正不要"
"役者","やくしゃ","6級から","","","5735","国語辞典(JMdict)｜よく使う二字熟語","校正不要"
"弟子","でし","6級から","","でし / ていし","5736","常用漢字表","校正不要"
"全力","ぜんりょく","6級から","","","5742","国語辞典(JMdict)｜よく使う二字熟語","校正不要"
"正規","せいき","6級から","","","5747","国語辞典(JMdict)｜よく使う二字熟語","校正不要"
"外側","そとがわ","6級から","","そとがわ / がいそく","5748","国語辞典(JMdict)｜よく使う二字熟語","校正不要"
"世話","せわ","6級から","","","5753","国語辞典(JMdict)｜よく使う二字熟語","校正不要"
"創業","そうぎょう","5級から","","","5758","国語辞典(JMdict)｜よく使う二字熟語","校正不要"
"警官","けいかん","5級から","","","5762","国語辞典(JMdict)｜よく使う二字熟語","校正不要"
"新年","しんねん","6級から","","","5766","国語辞典(JMdict)｜対義語・熟語の構成で使う語","校正不要"
"相続","そうぞく","6級から","","","5769","国語辞典(JMdict)｜よく使う二字熟語","校正不要"
"入国","にゅうこく","6級から","","にゅうこく / にゅうごく","5770","国語辞典(JMdict)｜よく使う二字熟語","校正不要"
"工程","こうてい","6級から","","","5776","国語辞典(JMdict)｜よく使う二字熟語","校正不要"
"真似","まね","6級から","","","5781","国語辞典(JMdict)｜よく使う二字熟語","校正不要"
"丁目","ちょうめ","6級から","","","5783","国語辞典(JMdict)｜よく使う二字熟語","校正不要"
"定員","ていいん","6級から","","","5785","常用漢字表","校正不要"
"消化","しょうか","6級から","","","5787","国語辞典(JMdict)｜よく使う二字熟語","校正不要"
"秘書","ひしょ","5級から","","","5795","常用漢字表","校正不要"
"合唱","がっしょう","6級から","","","5800","常用漢字表","校正不要"
"鹿児島","かごしま","6級から","","","5802","常用漢字表（都道府県）","校正不要"
"開幕","かいまく","5級から","","","5805","国語辞典(JMdict)｜対義語・熟語の構成で使う語","校正不要"
"有機","ゆうき","6級から","","","5807","国語辞典(JMdict)｜よく使う二字熟語","校正不要"
"大使館","たいしかん","6級から","","","5810","国語辞典(JMdict)｜三字熟語","校正不要"
"合成","ごうせい","6級から","","","5814","国語辞典(JMdict)｜よく使う二字熟語","校正不要"
"投手","とうしゅ","6級から","","","5817","国語辞典(JMdict)｜よく使う二字熟語","校正不要"
"貯金","ちょきん","6級から","","","5819","常用漢字表","校正不要"
"内側","うちがわ","6級から","","うちがわ / ないそく","5820","常用漢字表","校正不要"
"倉庫","そうこ","6級から","","","5823","常用漢字表","校正不要"
"雑記","ざっき","6級から","","","5824","国語辞典(JMdict)｜よく使う二字熟語","校正不要"
"放題","ほうだい","6級から","","","5826","国語辞典(JMdict)｜よく使う二字熟語","校正不要"
"前者","ぜんしゃ","6級から","","","5833","常用漢字表","校正不要"
"手帳","てちょう","6級から","","","5841","国語辞典(JMdict)｜よく使う二字熟語","校正不要"
"認可","にんか","5級から","","","5844","国語辞典(JMdict)｜よく使う二字熟語","校正不要"
"調理","ちょうり","6級から","","","5847","国語辞典(JMdict)｜よく使う二字熟語","校正不要"
"欲求","よっきゅう","5級から","","","5851","国語辞典(JMdict)｜よく使う二字熟語","校正不要"
"正月","しょうがつ","6級から","","","5854","常用漢字表","校正不要"
"大地","だいち","6級から","","","5857","国語辞典(JMdict)｜よく使う二字熟語","校正不要"
"防災","ぼうさい","6級から","","","5865","国語辞典(JMdict)｜よく使う二字熟語","校正不要"
"戦術","せんじゅつ","6級から","","","5869","国語辞典(JMdict)｜よく使う二字熟語","校正不要"
"梅雨","つゆ","6級から","熟字訓","つゆ / ばいう","5870","常用漢字表（付表・熟字訓）","校正不要"
"飲食","いんしょく","6級から","","いんしょく / おんじき","5871","常用漢字表","校正不要"
"接近","せっきん","6級から","","","5876","常用漢字表","校正不要"
"小川","おがわ","6級から","","","5881","常用漢字表","校正不要"
"独身","どくしん","6級から","","","5882","国語辞典(JMdict)｜よく使う二字熟語","校正不要"
"解体","かいたい","6級から","","","5887","国語辞典(JMdict)｜よく使う二字熟語","校正不要"
"配当","はいとう","6級から","","","5890","国語辞典(JMdict)｜よく使う二字熟語","校正不要"
"両手","りょうて","6級から","","","5892","国語辞典(JMdict)｜よく使う二字熟語","校正不要"
"在宅","ざいたく","5級から","","","5896","常用漢字表","校正不要"
"一流","いちりゅう","6級から","","","5899","国語辞典(JMdict)｜よく使う二字熟語","校正不要"
"結合","けつごう","6級から","","","5906","常用漢字表","校正不要"
"実習","じっしゅう","6級から","","","5913","国語辞典(JMdict)｜よく使う二字熟語","校正不要"
"複製","ふくせい","6級から","","","5916","国語辞典(JMdict)｜よく使う二字熟語","校正不要"
"分担","ぶんたん","5級から","","","5918","国語辞典(JMdict)｜よく使う二字熟語","校正不要"
"反日","はんにち","6級から","","","5919","国語辞典(JMdict)｜よく使う二字熟語","校正不要"
"漁業","ぎょぎょう","6級から","","","5921","常用漢字表","校正不要"
"再会","さいかい","6級から","","","5925","国語辞典(JMdict)｜よく使う二字熟語","校正不要"
"分権","ぶんけん","5級から","","","5926","国語辞典(JMdict)｜よく使う二字熟語","校正不要"
"画家","がか","6級から","","","5928","常用漢字表","校正不要"
"学期","がっき","6級から","","","5929","国語辞典(JMdict)｜よく使う二字熟語","校正不要"
"財布","さいふ","6級から","","","5938","常用漢字表","校正不要"
"最低限","さいていげん","6級から","","","5940","国語辞典(JMdict)｜三字熟語","校正不要"
"幸運","こううん","6級から","","","5946","国語辞典(JMdict)｜よく使う二字熟語","校正不要"
"任意","にんい","6級から","","","5947","常用漢字表","校正不要"
"六月","ろくがつ","6級から","","","5954","常用漢字表","校正不要"
"生存","せいぞん","5級から","","","5960","国語辞典(JMdict)｜よく使う二字熟語","校正不要"
"周波数","しゅうはすう","6級から","","","5962","国語辞典(JMdict)｜三字熟語","校正不要"
"人員","じんいん","6級から","","","5964","常用漢字表","校正不要"
"黒人","くろと","6級から","","くろと / こくじん","5966","国語辞典(JMdict)｜よく使う二字熟語","校正不要"
"地理","ちり","6級から","","","5967","国語辞典(JMdict)｜よく使う二字熟語","校正不要"
"計量","けいりょう","6級から","","","5969","国語辞典(JMdict)｜よく使う二字熟語","校正不要"
"就業","しゅうぎょう","5級から","","","5974","国語辞典(JMdict)｜よく使う二字熟語","校正不要"
"朝刊","ちょうかん","6級から","","","5975","国語辞典(JMdict)｜よく使う二字熟語","校正不要"
"遺族","いぞく","5級から","","","5978","国語辞典(JMdict)｜よく使う二字熟語","校正不要"
"海洋","かいよう","6級から","","","5980","常用漢字表","校正不要"
"開業","かいぎょう","6級から","","","5981","国語辞典(JMdict)｜よく使う二字熟語","校正不要"
"家事","かじ","6級から","","","5986","国語辞典(JMdict)｜よく使う二字熟語","校正不要"
"各社","かくしゃ","6級から","","","5987","国語辞典(JMdict)｜よく使う二字熟語","校正不要"
"定年","ていねん","6級から","","","5988","国語辞典(JMdict)｜よく使う二字熟語","校正不要"
"海軍","かいぐん","6級から","","","5998","国語辞典(JMdict)｜よく使う二字熟語","校正不要"
"不快","ふかい","6級から","","","5999","国語辞典(JMdict)｜よく使う二字熟語","校正不要"
"賃貸","ちんたい","5級から","","","6000","常用漢字表","校正不要"
"解答","かいとう","6級から","","","6001","国語辞典(JMdict)｜対義語・熟語の構成で使う語","校正不要"
"点検","てんけん","6級から","","","6002","常用漢字表","校正不要"
"伝達","でんたつ","6級から","","","6004","常用漢字表","校正不要"
"信念","しんねん","6級から","","","6005","常用漢字表","校正不要"
"死体","したい","6級から","","","6011","国語辞典(JMdict)｜よく使う二字熟語","校正不要"
"外出","がいしゅつ","6級から","","がいしゅつ / そとで","6019","常用漢字表","校正不要"
"親父","おやじ","6級から","","おやじ / しんぷ / しんぶ","6021","国語辞典(JMdict)｜よく使う二字熟語","校正不要"
"高額","こうがく","6級から","","","6025","国語辞典(JMdict)｜よく使う二字熟語","校正不要"
"牛肉","ぎゅうにく","6級から","","","6031","国語辞典(JMdict)｜対義語・熟語の構成で使う語","校正不要"
"成人","せいじん","6級から","","","6033","常用漢字表","校正不要"
"新書","しんしょ","6級から","","","6035","国語辞典(JMdict)｜よく使う二字熟語","校正不要"
"入札","にゅうさつ","6級から","","","6038","常用漢字表","校正不要"
"学園","がくえん","6級から","","","6039","国語辞典(JMdict)｜よく使う二字熟語","校正不要"
"実装","じっそう","5級から","","","6041","国語辞典(JMdict)｜よく使う二字熟語","校正不要"
"決済","けっさい","5級から","","","6043","国語辞典(JMdict)｜よく使う二字熟語","校正不要"
"特典","とくてん","6級から","","","6045","国語辞典(JMdict)｜よく使う二字熟語","校正不要"
"実証","じっしょう","6級から","","","6053","国語辞典(JMdict)｜よく使う二字熟語","校正不要"
"曲目","きょくもく","6級から","","","6056","国語辞典(JMdict)｜よく使う二字熟語","校正不要"
"自衛","じえい","6級から","","","6060","国語辞典(JMdict)｜よく使う二字熟語","校正不要"
"新刊","しんかん","6級から","","","6066","国語辞典(JMdict)｜よく使う二字熟語","校正不要"
"固有","こゆう","6級から","","","6069","常用漢字表","校正不要"
"熊本","くまもと","6級から","","","6071","国語辞典(JMdict)｜よく使う二字熟語","校正不要"
"有無","うむ","6級から","","うむ / ゆうむ","6076","常用漢字表","校正不要"
"大気","たいき","6級から","","","6080","国語辞典(JMdict)｜よく使う二字熟語","校正不要"
"中略","ちゅうりゃく","6級から","","","6082","国語辞典(JMdict)｜よく使う二字熟語","校正不要"
"予告","よこく","6級から","","","6084","国語辞典(JMdict)｜よく使う二字熟語","校正不要"
"難民","なんみん","5級から","","","6087","国語辞典(JMdict)｜よく使う二字熟語","校正不要"
"属性","ぞくせい","6級から","","","6090","常用漢字表","校正不要"
"地味","じみ","6級から","","じみ / ちみ","6093","国語辞典(JMdict)｜よく使う二字熟語","校正不要"
"図面","ずめん","6級から","","","6100","国語辞典(JMdict)｜よく使う二字熟語","校正不要"
"先物","さきもの","6級から","","","6101","国語辞典(JMdict)｜よく使う二字熟語","校正不要"
"消防","しょうぼう","6級から","","","6105","国語辞典(JMdict)｜よく使う二字熟語","校正不要"
"検出","けんしゅつ","6級から","","","6107","国語辞典(JMdict)｜よく使う二字熟語","校正不要"
"限度","げんど","6級から","","","6111","常用漢字表","校正不要"
"左手","ひだりて","6級から","","ひだりて / ゆんで","6113","国語辞典(JMdict)｜よく使う二字熟語","校正不要"
"欠点","けってん","6級から","","","6114","国語辞典(JMdict)｜よく使う二字熟語","校正不要"
"水道","すいどう","6級から","","","6116","国語辞典(JMdict)｜よく使う二字熟語","校正不要"
"検定","けんてい","6級から","","","6118","国語辞典(JMdict)｜よく使う二字熟語","校正不要"
"北部","ほくぶ","6級から","","","6122","国語辞典(JMdict)｜よく使う二字熟語","校正不要"
"台詞","せりふ","5級から","","せりふ / だいし","6125","国語辞典(JMdict)｜よく使う二字熟語","校正不要"
"明記","めいき","6級から","","","6130","国語辞典(JMdict)｜よく使う二字熟語","校正不要"
"学力","がくりょく","6級から","","","6132","国語辞典(JMdict)｜よく使う二字熟語","校正不要"
"東洋","とうよう","6級から","","","6136","国語辞典(JMdict)｜よく使う二字熟語","校正不要"
"分子","ぶんし","6級から","","","6137","国語辞典(JMdict)｜よく使う二字熟語","校正不要"
"計測","けいそく","6級から","","","6138","国語辞典(JMdict)｜よく使う二字熟語","校正不要"
"告発","こくはつ","6級から","","","6142","国語辞典(JMdict)｜よく使う二字熟語","校正不要"
"宿題","しゅくだい","6級から","","","6144","常用漢字表","校正不要"
"牧師","ぼくし","6級から","","","6147","常用漢字表","校正不要"
"青木","あおき","6級から","","","6149","国語辞典(JMdict)｜よく使う二字熟語","校正不要"
"対照","たいしょう","6級から","","","6151","国語辞典(JMdict)｜よく使う二字熟語","校正不要"
"一家","いっか","6級から","","いっか / いっけ","6152","国語辞典(JMdict)｜よく使う二字熟語","校正不要"
"体育","たいいく","6級から","","","6154","国語辞典(JMdict)｜よく使う二字熟語","校正不要"
"貴族","きぞく","5級から","","","6160","国語辞典(JMdict)｜よく使う二字熟語","校正不要"
"精度","せいど","6級から","","","6161","国語辞典(JMdict)｜よく使う二字熟語","校正不要"
"特例","とくれい","6級から","","","6163","国語辞典(JMdict)｜よく使う二字熟語","校正不要"
"前述","ぜんじゅつ","6級から","","","6164","国語辞典(JMdict)｜よく使う二字熟語","校正不要"
"夫妻","ふさい","6級から","","","6166","常用漢字表","校正不要"
"岐阜","ぎふ","6級から","","","6172","常用漢字表（都道府県）","校正不要"
"反射","はんしゃ","5級から","","","6180","国語辞典(JMdict)｜よく使う二字熟語","校正不要"
"中立","ちゅうりつ","6級から","","ちゅうりつ / なかだち","6183","国語辞典(JMdict)｜よく使う二字熟語","校正不要"
"原料","げんりょう","6級から","","","6184","国語辞典(JMdict)｜よく使う二字熟語","校正不要"
"特有","とくゆう","6級から","","","6188","常用漢字表","校正不要"
"山形","やまがた","6級から","","やまがた / やまなり","6189","国語辞典(JMdict)｜よく使う二字熟語","校正不要"
"苦痛","くつう","5級から","","","6192","常用漢字表","校正不要"
"指針","ししん","5級から","","","6199","国語辞典(JMdict)｜よく使う二字熟語","校正不要"
"防犯","ぼうはん","6級から","","","6200","国語辞典(JMdict)｜よく使う二字熟語","校正不要"
"主流","しゅりゅう","6級から","","","6205","国語辞典(JMdict)｜よく使う二字熟語","校正不要"
"全米","ぜんべい","6級から","","","6212","国語辞典(JMdict)｜よく使う二字熟語","校正不要"
"上級","じょうきゅう","6級から","","","6213","常用漢字表","校正不要"
"技能","ぎのう","6級から","","","6219","国語辞典(JMdict)｜よく使う二字熟語","校正不要"
"出口","でぐち","6級から","","","6221","常用漢字表","校正不要"
"厳密","げんみつ","5級から","","","6249","常用漢字表","校正不要"
"県民","けんみん","6級から","","","6255","国語辞典(JMdict)｜よく使う二字熟語","校正不要"
"区分","くぶん","6級から","","","6260","国語辞典(JMdict)｜よく使う二字熟語","校正不要"
"司令","しれい","6級から","","","6266","常用漢字表","校正不要"
"気楽","きらく","6級から","","","6271","国語辞典(JMdict)｜よく使う二字熟語","校正不要"
"白人","はくじん","6級から","","","6274","国語辞典(JMdict)｜よく使う二字熟語","校正不要"
"経理","けいり","6級から","","","6277","国語辞典(JMdict)｜よく使う二字熟語","校正不要"
"岡山","おかやま","6級から","","","6281","常用漢字表（都道府県）","校正不要"
"利害","りがい","6級から","","","6284","国語辞典(JMdict)｜よく使う二字熟語","校正不要"
"所長","しょちょう","6級から","","","6287","国語辞典(JMdict)｜よく使う二字熟語","校正不要"
"重量","じゅうりょう","6級から","","","6293","常用漢字表","校正不要"
"道徳","どうとく","6級から","","","6295","常用漢字表","校正不要"
"再編","さいへん","6級から","","","6300","国語辞典(JMdict)｜よく使う二字熟語","校正不要"
"中年","ちゅうねん","6級から","","","6301","国語辞典(JMdict)｜よく使う二字熟語","校正不要"
"生地","きじ","6級から","","きじ / せいち / しょうち","6302","常用漢字表","校正不要"
"派手","はで","5級から","","","6308","国語辞典(JMdict)｜よく使う二字熟語","校正不要"
"対決","たいけつ","6級から","","","6309","国語辞典(JMdict)｜よく使う二字熟語","校正不要"
"店頭","てんとう","6級から","","","6311","国語辞典(JMdict)｜よく使う二字熟語","校正不要"
"大都市","だいとし","6級から","","","6312","国語辞典(JMdict)｜三字熟語","校正不要"
"黄色","きいろ","6級から","","きいろ / こうしょく / おうしょく","6313","国語辞典(JMdict)｜よく使う二字熟語","校正不要"
"入試","にゅうし","6級から","","","6320","国語辞典(JMdict)｜よく使う二字熟語","校正不要"
"首脳","しゅのう","5級から","","","6325","常用漢字表","校正不要"
"案外","あんがい","6級から","","","6329","国語辞典(JMdict)｜よく使う二字熟語","校正不要"
"学級","がっきゅう","6級から","","","6332","国語辞典(JMdict)｜よく使う二字熟語","校正不要"
"海上","かいじょう","6級から","","かいじょう / かいしょう","6334","国語辞典(JMdict)｜よく使う二字熟語","校正不要"
"苦情","くじょう","6級から","","","6335","国語辞典(JMdict)｜よく使う二字熟語","校正不要"
"同志","どうし","6級から","","","6341","国語辞典(JMdict)｜よく使う二字熟語","校正不要"
"成熟","せいじゅく","5級から","","","6347","常用漢字表","校正不要"
"女王","じょおう","6級から","","じょおう / にょおう","6351","国語辞典(JMdict)｜よく使う二字熟語","校正不要"
"独裁","どくさい","5級から","","","6353","国語辞典(JMdict)｜よく使う二字熟語","校正不要"
"系統","けいとう","5級から","","","6354","常用漢字表","校正不要"
"分布","ぶんぷ","6級から","","","6358","常用漢字表","校正不要"
"安易","あんい","6級から","","","6366","常用漢字表","校正不要"
"実体","じったい","6級から","","じったい / じってい","6367","国語辞典(JMdict)｜よく使う二字熟語","校正不要"
"営利","えいり","6級から","","","6370","国語辞典(JMdict)｜よく使う二字熟語","校正不要"
"小屋","こや","6級から","","こや / しょうおく","6373","国語辞典(JMdict)｜よく使う二字熟語","校正不要"
"日系","にっけい","5級から","","","6374","国語辞典(JMdict)｜よく使う二字熟語","校正不要"
"野党","やとう","5級から","","","6384","国語辞典(JMdict)｜よく使う二字熟語","校正不要"
"役人","やくにん","6級から","","","6388","国語辞典(JMdict)｜よく使う二字熟語","校正不要"
"他社","たしゃ","6級から","","","6389","国語辞典(JMdict)｜よく使う二字熟語","校正不要"
"高価","こうか","6級から","","","6394","国語辞典(JMdict)｜よく使う二字熟語","校正不要"
"公益","こうえき","6級から","","","6397","国語辞典(JMdict)｜よく使う二字熟語","校正不要"
"七月","しちがつ","6級から","","しちがつ / なながつ","6403","国語辞典(JMdict)｜よく使う二字熟語","校正不要"
"全文","ぜんぶん","6級から","","","6405","国語辞典(JMdict)｜よく使う二字熟語","校正不要"
"土曜","どよう","6級から","","","6414","国語辞典(JMdict)｜よく使う二字熟語","校正不要"
"反面","はんめん","6級から","","","6415","国語辞典(JMdict)｜よく使う二字熟語","校正不要"
"理性","りせい","6級から","","","6421","常用漢字表","校正不要"
"有害","ゆうがい","6級から","","","6425","国語辞典(JMdict)｜よく使う二字熟語","校正不要"
"方策","ほうさく","5級から","","","6426","国語辞典(JMdict)｜よく使う二字熟語","校正不要"
"乗客","じょうきゃく","6級から","","じょうきゃく / じょうかく","6429","常用漢字表","校正不要"
"布団","ふとん","6級から","","","6432","常用漢字表","校正不要"
"片手","かたて","5級から","","","6434","常用漢字表","校正不要"
"座席","ざせき","5級から","","","6437","常用漢字表","校正不要"
"形状","けいじょう","6級から","","","6438","国語辞典(JMdict)｜よく使う二字熟語","校正不要"
"主権","しゅけん","5級から","","","6447","常用漢字表","校正不要"
"右側","みぎがわ","6級から","","みぎがわ / うそく","6451","国語辞典(JMdict)｜よく使う二字熟語","校正不要"
"原点","げんてん","6級から","","","6453","国語辞典(JMdict)｜よく使う二字熟語","校正不要"
"夜間","やかん","6級から","","","6457","国語辞典(JMdict)｜よく使う二字熟語","校正不要"
"年収","ねんしゅう","5級から","","","6461","国語辞典(JMdict)｜よく使う二字熟語","校正不要"
"出品","しゅっぴん","6級から","","","6467","国語辞典(JMdict)｜よく使う二字熟語","校正不要"
"服装","ふくそう","5級から","","","6472","常用漢字表","校正不要"
"利点","りてん","6級から","","","6477","国語辞典(JMdict)｜よく使う二字熟語","校正不要"
"短縮","たんしゅく","5級から","","","6479","常用漢字表","校正不要"
"青山","せいざん","6級から","","せいざん / あおやま","6483","国語辞典(JMdict)｜よく使う二字熟語","校正不要"
"産地","さんち","6級から","","","6484","国語辞典(JMdict)｜よく使う二字熟語","校正不要"
"民衆","みんしゅう","5級から","","","6485","常用漢字表","校正不要"
"九月","くがつ","6級から","","","6487","常用漢字表","校正不要"
"教訓","きょうくん","6級から","","","6497","常用漢字表","校正不要"
"八月","はちがつ","6級から","","","6499","常用漢字表","校正不要"
"視察","しさつ","5級から","","","6500","国語辞典(JMdict)｜よく使う二字熟語","校正不要"
"主任","しゅにん","6級から","","","6502","国語辞典(JMdict)｜よく使う二字熟語","校正不要"
"来月","らいげつ","6級から","","","6509","国語辞典(JMdict)｜よく使う二字熟語","校正不要"
"言論","げんろん","5級から","","","6510","常用漢字表","校正不要"
"主題","しゅだい","6級から","","","6511","国語辞典(JMdict)｜よく使う二字熟語","校正不要"
"早急","そうきゅう","6級から","","そうきゅう / さっきゅう","6512","常用漢字表","校正不要"
"対談","たいだん","6級から","","","6513","国語辞典(JMdict)｜よく使う二字熟語","校正不要"
"中断","ちゅうだん","6級から","","","6515","国語辞典(JMdict)｜よく使う二字熟語","校正不要"
"選定","せんてい","6級から","","","6517","国語辞典(JMdict)｜よく使う二字熟語","校正不要"
"福音","ふくいん","6級から","","","6524","常用漢字表","校正不要"
"正体","しょうたい","6級から","","","6527","国語辞典(JMdict)｜よく使う二字熟語","校正不要"
"原発","げんぱつ","6級から","","","6530","国語辞典(JMdict)｜よく使う二字熟語","校正不要"
"自作","じさく","6級から","","","6532","国語辞典(JMdict)｜よく使う二字熟語","校正不要"
"土日","どにち","6級から","","","6539","国語辞典(JMdict)｜よく使う二字熟語","校正不要"
"富山","とやま","6級から","","","6544","常用漢字表（都道府県）","校正不要"
"入会","にゅうかい","6級から","","にゅうかい / いりあい","6545","国語辞典(JMdict)｜よく使う二字熟語","校正不要"
"不能","ふのう","6級から","","","6547","国語辞典(JMdict)｜よく使う二字熟語","校正不要"
"起源","きげん","5級から","","","6558","常用漢字表","校正不要"
"国防","こくぼう","6級から","","","6561","国語辞典(JMdict)｜よく使う二字熟語","校正不要"
"系列","けいれつ","5級から","","","6562","常用漢字表","校正不要"
"礼拝","れいはい","5級から","","れいはい / らいはい","6563","常用漢字表","校正不要"
"夢中","むちゅう","6級から","","","6564","常用漢字表","校正不要"
"本年","ほんねん","6級から","","","6568","国語辞典(JMdict)｜よく使う二字熟語","校正不要"
"複合","ふくごう","6級から","","","6570","国語辞典(JMdict)｜よく使う二字熟語","校正不要"
"気象","きしょう","6級から","","","6572","国語辞典(JMdict)｜よく使う二字熟語","校正不要"
"火災","かさい","6級から","","","6576","常用漢字表","校正不要"
"和解","わかい","6級から","","わかい / わげ","6581","常用漢字表","校正不要"
"二月","にがつ","6級から","","にがつ / ふたつき","6583","国語辞典(JMdict)｜よく使う二字熟語","校正不要"
"球団","きゅうだん","6級から","","","6594","国語辞典(JMdict)｜よく使う二字熟語","校正不要"
"合宿","がっしゅく","6級から","","","6595","常用漢字表","校正不要"
"真相","しんそう","6級から","","","6599","常用漢字表","校正不要"
"補正","ほせい","5級から","","","6600","国語辞典(JMdict)｜よく使う二字熟語","校正不要"
"黄金","おうごん","6級から","","おうごん / こがね / きがね","6601","常用漢字表","校正不要"
"簡易","かんい","5級から","","","6604","常用漢字表","校正不要"
"同日","どうじつ","6級から","","","6605","国語辞典(JMdict)｜よく使う二字熟語","校正不要"
"家賃","やちん","5級から","","","6607","国語辞典(JMdict)｜よく使う二字熟語","校正不要"
"公衆","こうしゅう","5級から","","","6613","国語辞典(JMdict)｜よく使う二字熟語","校正不要"
"町村","ちょうそん","6級から","","","6622","国語辞典(JMdict)｜よく使う二字熟語","校正不要"
"花粉","かふん","6級から","","","6628","国語辞典(JMdict)｜よく使う二字熟語","校正不要"
"存続","そんぞく","5級から","","","6634","常用漢字表","校正不要"
"国庫","こっこ","6級から","","","6635","国語辞典(JMdict)｜よく使う二字熟語","校正不要"
"識別","しきべつ","6級から","","","6642","常用漢字表","校正不要"
"中島","なかじま","6級から","","","6643","国語辞典(JMdict)｜よく使う二字熟語","校正不要"
"無断","むだん","6級から","","","6646","国語辞典(JMdict)｜よく使う二字熟語","校正不要"
"不便","ふべん","6級から","","ふべん / ふびん","6651","国語辞典(JMdict)｜対義語・熟語の構成で使う語","校正不要"
"歩行","ほこう","6級から","","ほこう / かち","6659","国語辞典(JMdict)｜よく使う二字熟語","校正不要"
"広域","こういき","5級から","","","6665","国語辞典(JMdict)｜よく使う二字熟語","校正不要"
"優位","ゆうい","5級から","","","6666","国語辞典(JMdict)｜よく使う二字熟語","校正不要"
"小生","しょうせい","6級から","","","6671","国語辞典(JMdict)｜よく使う二字熟語","校正不要"
"行列","ぎょうれつ","6級から","","","6672","常用漢字表","校正不要"
"青森","あおもり","6級から","","","6674","国語辞典(JMdict)｜よく使う二字熟語","校正不要"
"五輪","ごりん","6級から","","","6676","国語辞典(JMdict)｜よく使う二字熟語","校正不要"
"配達","はいたつ","6級から","","はいたつ / はいだつ","6679","国語辞典(JMdict)｜よく使う二字熟語","校正不要"
"誠実","せいじつ","5級から","","","6687","常用漢字表","校正不要"
"良心","りょうしん","6級から","","","6688","常用漢字表","校正不要"
"連動","れんどう","6級から","","","6694","国語辞典(JMdict)｜よく使う二字熟語","校正不要"
"皮肉","ひにく","6級から","","","6696","国語辞典(JMdict)｜よく使う二字熟語","校正不要"
"他国","たこく","6級から","","","6697","常用漢字表","校正不要"
"公認","こうにん","5級から","","","6699","国語辞典(JMdict)｜よく使う二字熟語","校正不要"
"局面","きょくめん","6級から","","","6702","国語辞典(JMdict)｜よく使う二字熟語","校正不要"
"安保","あんぽ","6級から","","","6703","国語辞典(JMdict)｜よく使う二字熟語","校正不要"
"住居","じゅうきょ","6級から","","","6704","常用漢字表","校正不要"
"月刊","げっかん","6級から","","","6708","国語辞典(JMdict)｜よく使う二字熟語","校正不要"
"後期","こうき","6級から","","","6709","国語辞典(JMdict)｜よく使う二字熟語","校正不要"
"詩人","しじん","6級から","","","6715","常用漢字表","校正不要"
"分配","ぶんぱい","6級から","","","6717","国語辞典(JMdict)｜よく使う二字熟語","校正不要"
"持参","じさん","6級から","","","6724","常用漢字表","校正不要"
"定番","ていばん","6級から","","ていばん / じょうばん","6729","国語辞典(JMdict)｜よく使う二字熟語","校正不要"
"敬意","けいい","5級から","","","6735","常用漢字表","校正不要"
"修復","しゅうふく","6級から","","しゅうふく / しゅふく","6736","国語辞典(JMdict)｜よく使う二字熟語","校正不要"
"手軽","てがる","6級から","","","6737","国語辞典(JMdict)｜よく使う二字熟語","校正不要"
"左側","ひだりがわ","6級から","","ひだりがわ / さそく","6738","国語辞典(JMdict)｜よく使う二字熟語","校正不要"
"王様","おうさま","6級から","","","6740","国語辞典(JMdict)｜よく使う二字熟語","校正不要"
"明白","めいはく","6級から","","めいはく / あからさま","6743","常用漢字表","校正不要"
"支障","ししょう","5級から","","","6747","常用漢字表","校正不要"
"除去","じょきょ","5級から","","","6751","常用漢字表","校正不要"
"展覧","てんらん","5級から","","","6752","常用漢字表","校正不要"
"納税","のうぜい","5級から","","","6754","国語辞典(JMdict)｜よく使う二字熟語","校正不要"
"丁度","ちょうど","6級から","","","6757","国語辞典(JMdict)｜よく使う二字熟語","校正不要"
"大正","たいしょう","6級から","","","6763","国語辞典(JMdict)｜よく使う二字熟語","校正不要"
"助言","じょげん","6級から","","じょげん / じょごん","6768","国語辞典(JMdict)｜よく使う二字熟語","校正不要"
"圧縮","あっしゅく","5級から","","","6769","国語辞典(JMdict)｜よく使う二字熟語","校正不要"
"小規模","しょうきぼ","5級から","","","6770","国語辞典(JMdict)｜三字熟語","校正不要"
"明示","めいじ","6級から","","","6775","国語辞典(JMdict)｜よく使う二字熟語","校正不要"
"復旧","ふっきゅう","6級から","","","6777","常用漢字表","校正不要"
"数量","すうりょう","6級から","","","6783","常用漢字表","校正不要"
"野生","やせい","6級から","","","6785","国語辞典(JMdict)｜よく使う二字熟語","校正不要"
"友好","ゆうこう","6級から","","","6787","常用漢字表","校正不要"
"残高","ざんだか","6級から","","","6788","国語辞典(JMdict)｜よく使う二字熟語","校正不要"
"祖母","そぼ","6級から","","そぼ / ばば / おおば / おば / うば","6790","常用漢字表","校正不要"
"最小限","さいしょうげん","6級から","","","6791","国語辞典(JMdict)｜三字熟語","校正不要"
"武力","ぶりょく","6級から","","","6798","常用漢字表","校正不要"
"上限","じょうげん","6級から","","","6799","国語辞典(JMdict)｜よく使う二字熟語","校正不要"
"不信","ふしん","6級から","","","6804","国語辞典(JMdict)｜よく使う二字熟語","校正不要"
"運賃","うんちん","5級から","","","6807","常用漢字表","校正不要"
"要領","ようりょう","6級から","","","6812","常用漢字表","校正不要"
"新築","しんちく","6級から","","","6815","国語辞典(JMdict)｜よく使う二字熟語","校正不要"
"茨城","いばらき","6級から","","いばらき / いばらぎ / ばらき","6818","常用漢字表（都道府県） + 固有名詞辞典｜要校正","★要校正"
"仮想","かそう","6級から","","","6820","国語辞典(JMdict)｜よく使う二字熟語","校正不要"
"直感","ちょっかん","6級から","","","6830","常用漢字表","校正不要"
"過激","かげき","5級から","","","6836","国語辞典(JMdict)｜よく使う二字熟語","校正不要"
"秋田","あきた","6級から","","","6837","国語辞典(JMdict)｜よく使う二字熟語","校正不要"
"忠実","ちゅうじつ","5級から","","ちゅうじつ / まめ","6839","常用漢字表","校正不要"
"読売","よみうり","6級から","","","6842","国語辞典(JMdict)｜よく使う二字熟語","校正不要"
"相性","あいしょう","6級から","","あいしょう / そうしょう / そうじょう / そうせい","6846","常用漢字表","校正不要"
"変身","へんしん","6級から","","","6849","国語辞典(JMdict)｜よく使う二字熟語","校正不要"
"大蔵","おおくら","5級から","","","6854","国語辞典(JMdict)｜よく使う二字熟語","校正不要"
"生態","せいたい","6級から","","","6855","国語辞典(JMdict)｜よく使う二字熟語","校正不要"
"受注","じゅちゅう","6級から","","","6859","国語辞典(JMdict)｜よく使う二字熟語","校正不要"
"不利","ふり","6級から","","","6863","常用漢字表","校正不要"
"協調","きょうちょう","6級から","","","6864","国語辞典(JMdict)｜よく使う二字熟語","校正不要"
"遺伝","いでん","5級から","","","6869","国語辞典(JMdict)｜よく使う二字熟語","校正不要"
"国王","こくおう","6級から","","","6879","国語辞典(JMdict)｜よく使う二字熟語","校正不要"
"手配","てはい","6級から","","","6880","国語辞典(JMdict)｜よく使う二字熟語","校正不要"
"強引","ごういん","6級から","","","6882","常用漢字表","校正不要"
"議決","ぎけつ","6級から","","","6883","国語辞典(JMdict)｜よく使う二字熟語","校正不要"
"痛感","つうかん","5級から","","","6884","国語辞典(JMdict)｜よく使う二字熟語","校正不要"
"短編","たんぺん","6級から","","","6885","国語辞典(JMdict)｜よく使う二字熟語","校正不要"
"出生","しゅっしょう","6級から","","しゅっしょう / しゅっせい","6886","国語辞典(JMdict)｜よく使う二字熟語","校正不要"
"石炭","せきたん","6級から","","せきたん / いしずみ","6893","常用漢字表","校正不要"
"選出","せんしゅつ","6級から","","","6895","国語辞典(JMdict)｜よく使う二字熟語","校正不要"
"天候","てんこう","6級から","","","6897","国語辞典(JMdict)｜よく使う二字熟語","校正不要"
"登山","とざん","6級から","","","6905","常用漢字表","校正不要"
"計上","けいじょう","6級から","","","6914","国語辞典(JMdict)｜よく使う二字熟語","校正不要"
"協同","きょうどう","6級から","","","6915","国語辞典(JMdict)｜よく使う二字熟語","校正不要"
"選任","せんにん","6級から","","","6917","国語辞典(JMdict)｜よく使う二字熟語","校正不要"
"合法","ごうほう","6級から","","","6919","国語辞典(JMdict)｜よく使う二字熟語","校正不要"
"送付","そうふ","6級から","","","6924","国語辞典(JMdict)｜よく使う二字熟語","校正不要"
"中世","ちゅうせい","6級から","","","6927","国語辞典(JMdict)｜よく使う二字熟語","校正不要"
"隊員","たいいん","6級から","","","6930","国語辞典(JMdict)｜よく使う二字熟語","校正不要"
"外来","がいらい","6級から","","","6931","国語辞典(JMdict)｜よく使う二字熟語","校正不要"
"仲裁","ちゅうさい","5級から","","","6934","常用漢字表","校正不要"
"紅茶","こうちゃ","5級から","","","6935","常用漢字表","校正不要"
"参画","さんかく","6級から","","","6937","国語辞典(JMdict)｜よく使う二字熟語","校正不要"
"領土","りょうど","6級から","","","6939","常用漢字表","校正不要"
"四国","しこく","6級から","","","6942","国語辞典(JMdict)｜よく使う二字熟語","校正不要"
"神秘","しんぴ","5級から","","","6943","常用漢字表","校正不要"
"集約","しゅうやく","6級から","","","6944","国語辞典(JMdict)｜よく使う二字熟語","校正不要"
"家計","かけい","6級から","","","6945","国語辞典(JMdict)｜よく使う二字熟語","校正不要"
"連想","れんそう","6級から","","","6946","国語辞典(JMdict)｜よく使う二字熟語","校正不要"
"同行","どうぎょう","6級から","","どうぎょう / どうこう","6947","国語辞典(JMdict)｜よく使う二字熟語","校正不要"
"減税","げんぜい","6級から","","","6950","国語辞典(JMdict)｜よく使う二字熟語","校正不要"
"酸素","さんそ","6級から","","","6957","常用漢字表","校正不要"
"歯科","しか","6級から","","","6964","常用漢字表","校正不要"
"陸上","りくじょう","6級から","","","6970","国語辞典(JMdict)｜よく使う二字熟語","校正不要"
"同級生","どうきゅうせい","6級から","","","6971","国語辞典(JMdict)｜三字熟語","校正不要"
"肥料","ひりょう","6級から","","","6972","常用漢字表","校正不要"
"氏名","しめい","6級から","","しめい / うじな","6979","常用漢字表","校正不要"
"親友","しんゆう","6級から","","","6982","常用漢字表","校正不要"
"直接的","ちょくせつてき","6級から","","","6984","国語辞典(JMdict)｜三字熟語","校正不要"
"西部","せいぶ","6級から","","","6985","常用漢字表","校正不要"
"黒字","くろじ","6級から","","","6990","国語辞典(JMdict)｜よく使う二字熟語","校正不要"
"航空機","こうくうき","6級から","","","6996","国語辞典(JMdict)｜三字熟語","校正不要"
"農薬","のうやく","6級から","","","7000","国語辞典(JMdict)｜よく使う二字熟語","校正不要"
"軍人","ぐんじん","6級から","","","7009","国語辞典(JMdict)｜よく使う二字熟語","校正不要"
"雑談","ざつだん","6級から","","","7013","常用漢字表","校正不要"
"無名","むめい","6級から","","","7016","常用漢字表","校正不要"
"国道","こくどう","6級から","","","7017","国語辞典(JMdict)｜よく使う二字熟語","校正不要"
"性別","せいべつ","6級から","","","7019","国語辞典(JMdict)｜よく使う二字熟語","校正不要"
"気持","きもち","6級から","","","7028","国語辞典(JMdict)｜よく使う二字熟語","校正不要"
"通報","つうほう","6級から","","","7030","国語辞典(JMdict)｜よく使う二字熟語","校正不要"
"適合","てきごう","6級から","","","7039","国語辞典(JMdict)｜よく使う二字熟語","校正不要"
"一員","いちいん","6級から","","","7040","国語辞典(JMdict)｜よく使う二字熟語","校正不要"
"水分","すいぶん","6級から","","","7044","常用漢字表","校正不要"
"周知","しゅうち","6級から","","","7045","常用漢字表","校正不要"
"洋服","ようふく","6級から","","","7047","常用漢字表","校正不要"
"性的","せいてき","6級から","","","7050","国語辞典(JMdict)｜よく使う二字熟語","校正不要"
"発覚","はっかく","6級から","","","7054","常用漢字表","校正不要"
"足元","あしもと","6級から","","","7055","国語辞典(JMdict)｜よく使う二字熟語","校正不要"
"日誌","にっし","5級から","","","7057","常用漢字表","校正不要"
"外見","がいけん","6級から","","がいけん / そとみ","7059","国語辞典(JMdict)｜対義語・熟語の構成で使う語","校正不要"
"余談","よだん","6級から","","","7060","国語辞典(JMdict)｜よく使う二字熟語","校正不要"
"目安","めやす","6級から","","","7062","国語辞典(JMdict)｜よく使う二字熟語","校正不要"
"知性","ちせい","6級から","","","7069","国語辞典(JMdict)｜よく使う二字熟語","校正不要"
"薬物","やくぶつ","6級から","","","7072","国語辞典(JMdict)｜よく使う二字熟語","校正不要"
"品目","ひんもく","6級から","","ひんもく / しなめ","7078","国語辞典(JMdict)｜よく使う二字熟語","校正不要"
"総長","そうちょう","6級から","","","7081","国語辞典(JMdict)｜よく使う二字熟語","校正不要"
"点数","てんすう","6級から","","","7083","国語辞典(JMdict)｜よく使う二字熟語","校正不要"
"収納","しゅうのう","5級から","","","7085","常用漢字表","校正不要"
"主観","しゅかん","6級から","","","7086","国語辞典(JMdict)｜対義語・熟語の構成で使う語","校正不要"
"岩手","いわて","6級から","","","7087","国語辞典(JMdict)｜よく使う二字熟語","校正不要"
"税率","ぜいりつ","6級から","","","7088","国語辞典(JMdict)｜よく使う二字熟語","校正不要"
"題名","だいめい","6級から","","","7095","常用漢字表","校正不要"
"部員","ぶいん","6級から","","","7096","国語辞典(JMdict)｜よく使う二字熟語","校正不要"
"横断","おうだん","6級から","","","7099","常用漢字表","校正不要"
"翌年","よくねん","5級から","","よくねん / よくとし","7100","常用漢字表","校正不要"
"担任","たんにん","5級から","","","7101","国語辞典(JMdict)｜よく使う二字熟語","校正不要"
"容器","ようき","6級から","","","7103","常用漢字表","校正不要"
"基調","きちょう","6級から","","","7106","国語辞典(JMdict)｜よく使う二字熟語","校正不要"
"文脈","ぶんみゃく","6級から","","","7107","国語辞典(JMdict)｜よく使う二字熟語","校正不要"
"無関係","むかんけい","6級から","","","7108","国語辞典(JMdict)｜三字熟語","校正不要"
"内面","ないめん","6級から","","ないめん / うちづら","7112","国語辞典(JMdict)｜よく使う二字熟語","校正不要"
"許容","きょよう","6級から","","","7116","国語辞典(JMdict)｜よく使う二字熟語","校正不要"
"選考","せんこう","6級から","","","7117","国語辞典(JMdict)｜よく使う二字熟語","校正不要"
"本能","ほんのう","6級から","","","7119","国語辞典(JMdict)｜よく使う二字熟語","校正不要"
"医薬品","いやくひん","6級から","","","7132","国語辞典(JMdict)｜三字熟語","校正不要"
"条文","じょうぶん","6級から","","","7133","国語辞典(JMdict)｜よく使う二字熟語","校正不要"
"合流","ごうりゅう","6級から","","","7136","国語辞典(JMdict)｜よく使う二字熟語","校正不要"
"開店","かいてん","6級から","","","7137","常用漢字表","校正不要"
"心地","ここち","6級から","熟字訓","ここち / しんじ","7140","常用漢字表（付表・熟字訓）","校正不要"
"競合","きょうごう","6級から","","","7142","国語辞典(JMdict)｜よく使う二字熟語","校正不要"
"車内","しゃない","6級から","","","7145","国語辞典(JMdict)｜よく使う二字熟語","校正不要"
"将軍","しょうぐん","5級から","","","7147","国語辞典(JMdict)｜よく使う二字熟語","校正不要"
"負傷","ふしょう","5級から","","","7148","常用漢字表","校正不要"
"卒業生","そつぎょうせい","6級から","","","7149","国語辞典(JMdict)｜三字熟語","校正不要"
"新着","しんちゃく","6級から","","","7151","国語辞典(JMdict)｜よく使う二字熟語","校正不要"
"部署","ぶしょ","5級から","","","7152","国語辞典(JMdict)｜よく使う二字熟語","校正不要"
"原価","げんか","6級から","","","7154","国語辞典(JMdict)｜よく使う二字熟語","校正不要"
"商工","しょうこう","6級から","","","7156","国語辞典(JMdict)｜よく使う二字熟語","校正不要"
"任命","にんめい","6級から","","","7160","国語辞典(JMdict)｜よく使う二字熟語","校正不要"
"路上","ろじょう","6級から","","","7165","常用漢字表","校正不要"
"長女","ちょうじょ","6級から","","","7171","常用漢字表","校正不要"
"労使","ろうし","6級から","","","7173","国語辞典(JMdict)｜よく使う二字熟語","校正不要"
"大和","やまと","6級から","熟字訓","","7174","常用漢字表（付表・熟字訓）","校正不要"
"品物","しなもの","6級から","","","7177","常用漢字表","校正不要"
"商法","しょうほう","6級から","","","7180","国語辞典(JMdict)｜よく使う二字熟語","校正不要"
"職種","しょくしゅ","6級から","","","7181","国語辞典(JMdict)｜よく使う二字熟語","校正不要"
"航海","こうかい","6級から","","","7184","常用漢字表","校正不要"
"山下","やまもと","6級から","","やまもと / さんか / やました / さんげ","7189","国語辞典(JMdict)｜よく使う二字熟語","校正不要"
"賛同","さんどう","6級から","","","7192","常用漢字表","校正不要"
"景観","けいかん","6級から","","","7193","国語辞典(JMdict)｜よく使う二字熟語","校正不要"
"原子","げんし","6級から","","","7197","国語辞典(JMdict)｜よく使う二字熟語","校正不要"
"南北","なんぼく","6級から","","","7198","常用漢字表","校正不要"
"予言","よげん","6級から","","","7200","国語辞典(JMdict)｜よく使う二字熟語","校正不要"
"大声","おおごえ","6級から","","おおごえ / たいせい","7203","国語辞典(JMdict)｜よく使う二字熟語","校正不要"
"実在","じつざい","6級から","","","7206","国語辞典(JMdict)｜よく使う二字熟語","校正不要"
"本田","ほんでん","6級から","","","7208","国語辞典(JMdict)｜よく使う二字熟語","校正不要"
"議題","ぎだい","6級から","","","7210","国語辞典(JMdict)｜よく使う二字熟語","校正不要"
"戦場","せんじょう","6級から","","せんじょう / いくさば","7213","国語辞典(JMdict)｜よく使う二字熟語","校正不要"
"破産","はさん","6級から","","","7215","常用漢字表","校正不要"
"果物","くだもの","6級から","熟字訓","くだもの / かぶつ","7216","常用漢字表（付表・熟字訓）","校正不要"
"給食","きゅうしょく","6級から","","","7217","国語辞典(JMdict)｜よく使う二字熟語","校正不要"
"開会","かいかい","6級から","","","7225","国語辞典(JMdict)｜対義語・熟語の構成で使う語","校正不要"
"構図","こうず","6級から","","","7228","国語辞典(JMdict)｜よく使う二字熟語","校正不要"
"単価","たんか","6級から","","","7232","国語辞典(JMdict)｜よく使う二字熟語","校正不要"
"出願","しゅつがん","6級から","","","7235","国語辞典(JMdict)｜よく使う二字熟語","校正不要"
"連日","れんじつ","6級から","","","7240","常用漢字表","校正不要"
"外相","がいしょう","6級から","","","7242","国語辞典(JMdict)｜よく使う二字熟語","校正不要"
"身長","しんちょう","6級から","","","7243","国語辞典(JMdict)｜よく使う二字熟語","校正不要"
"合間","あいま","6級から","","","7248","国語辞典(JMdict)｜よく使う二字熟語","校正不要"
"名作","めいさく","6級から","","","7249","国語辞典(JMdict)｜よく使う二字熟語","校正不要"
"台所","だいどころ","6級から","","だいどころ / だいどこ","7252","常用漢字表","校正不要"
"初回","しょかい","6級から","","","7258","国語辞典(JMdict)｜よく使う二字熟語","校正不要"
"敗戦","はいせん","6級から","","","7260","国語辞典(JMdict)｜よく使う二字熟語","校正不要"
"密接","みっせつ","5級から","","","7261","国語辞典(JMdict)｜よく使う二字熟語","校正不要"
"流動","りゅうどう","6級から","","","7264","常用漢字表","校正不要"
"水平","すいへい","6級から","","","7265","国語辞典(JMdict)｜よく使う二字熟語","校正不要"
"祝日","しゅくじつ","6級から","","","7275","常用漢字表","校正不要"
"無意味","むいみ","6級から","","","7279","国語辞典(JMdict)｜三字熟語","校正不要"
"東西","とうざい","6級から","","とうざい / ひがしにし","7280","常用漢字表","校正不要"
"新設","しんせつ","6級から","","","7282","国語辞典(JMdict)｜よく使う二字熟語","校正不要"
"土台","どだい","6級から","","","7285","国語辞典(JMdict)｜よく使う二字熟語","校正不要"
"着物","きもの","6級から","","きもの / きるもの","7286","常用漢字表","校正不要"
"制服","せいふく","6級から","","","7288","国語辞典(JMdict)｜よく使う二字熟語","校正不要"
"名目","めいもく","6級から","","めいもく / みょうもく","7289","国語辞典(JMdict)｜よく使う二字熟語","校正不要"
"不在","ふざい","6級から","","","7291","国語辞典(JMdict)｜対義語・熟語の構成で使う語","校正不要"
"体内","たいない","6級から","","","7294","国語辞典(JMdict)｜よく使う二字熟語","校正不要"
"国旗","こっき","6級から","","","7299","常用漢字表","校正不要"
"補給","ほきゅう","5級から","","","7305","国語辞典(JMdict)｜よく使う二字熟語","校正不要"
"題材","だいざい","6級から","","","7307","国語辞典(JMdict)｜よく使う二字熟語","校正不要"
"始末","しまつ","6級から","","","7308","国語辞典(JMdict)｜よく使う二字熟語","校正不要"
"祖父","そふ","6級から","","そふ / じじ / じい / おおじ / おじ / そぶ","7314","常用漢字表","校正不要"
"比例","ひれい","6級から","","","7316","常用漢字表","校正不要"
"機動","きどう","6級から","","","7318","国語辞典(JMdict)｜よく使う二字熟語","校正不要"
"調節","ちょうせつ","6級から","","","7319","国語辞典(JMdict)｜よく使う二字熟語","校正不要"
"入荷","にゅうか","6級から","","","7325","常用漢字表","校正不要"
"願望","がんぼう","6級から","","がんぼう / がんもう","7328","常用漢字表","校正不要"
"一行","いちぎょう","6級から","","いちぎょう / いっこう","7329","国語辞典(JMdict)｜よく使う二字熟語","校正不要"
"理科","りか","6級から","","","7335","常用漢字表","校正不要"
"官庁","かんちょう","5級から","","","7339","常用漢字表","校正不要"
"武士","ぶし","6級から","","ぶし / もののふ","7340","常用漢字表","校正不要"
"同等","どうとう","6級から","","","7345","国語辞典(JMdict)｜よく使う二字熟語","校正不要"
"提唱","ていしょう","6級から","","","7348","常用漢字表","校正不要"
"無責任","むせきにん","6級から","","","7351","国語辞典(JMdict)｜三字熟語","校正不要"
"日刊","にっかん","6級から","","","7357","国語辞典(JMdict)｜よく使う二字熟語","校正不要"
"入居","にゅうきょ","6級から","","","7358","国語辞典(JMdict)｜よく使う二字熟語","校正不要"
"助手","たすけて","6級から","","たすけて / すけて / じょしゅ","7364","国語辞典(JMdict)｜よく使う二字熟語","校正不要"
"特権","とっけん","5級から","","","7369","国語辞典(JMdict)｜よく使う二字熟語","校正不要"
"連帯","れんたい","6級から","","","7385","常用漢字表","校正不要"
"不具合","ふぐあい","6級から","","","7388","国語辞典(JMdict)｜三字熟語","校正不要"
"着実","ちゃくじつ","6級から","","","7393","国語辞典(JMdict)｜よく使う二字熟語","校正不要"
"技法","ぎほう","6級から","","","7394","国語辞典(JMdict)｜よく使う二字熟語","校正不要"
"時事","じじ","6級から","","","7397","国語辞典(JMdict)｜よく使う二字熟語","校正不要"
"十月","じゅうがつ","6級から","","","7401","国語辞典(JMdict)｜よく使う二字熟語","校正不要"
"副作用","ふくさよう","6級から","","","7402","常用漢字表","校正不要"
"戦士","せんし","6級から","","","7403","国語辞典(JMdict)｜よく使う二字熟語","校正不要"
"関節","かんせつ","6級から","","","7404","常用漢字表","校正不要"
"中毒","ちゅうどく","6級から","","","7406","常用漢字表","校正不要"
"登校","とうこう","6級から","","","7408","常用漢字表","校正不要"
"不定期","ふていき","6級から","","","7418","国語辞典(JMdict)｜三字熟語","校正不要"
"延期","えんき","5級から","","","7421","常用漢字表","校正不要"
"各自","かくじ","6級から","","","7424","常用漢字表","校正不要"
"暴走","ぼうそう","6級から","","","7433","国語辞典(JMdict)｜よく使う二字熟語","校正不要"
"着手","ちゃくしゅ","6級から","","","7439","常用漢字表","校正不要"
"新型","しんがた","6級から","","","7440","国語辞典(JMdict)｜よく使う二字熟語","校正不要"
"建造","けんぞう","6級から","","","7454","国語辞典(JMdict)｜よく使う二字熟語","校正不要"
"用事","ようじ","6級から","","","7460","国語辞典(JMdict)｜よく使う二字熟語","校正不要"
"商人","しょうにん","6級から","","しょうにん / あきんど","7463","国語辞典(JMdict)｜よく使う二字熟語","校正不要"
"上田","じょうでん","6級から","","","7465","国語辞典(JMdict)｜よく使う二字熟語","校正不要"
"馬場","ばば","6級から","","","7466","国語辞典(JMdict)｜よく使う二字熟語","校正不要"
"指向","しこう","6級から","","","7469","国語辞典(JMdict)｜よく使う二字熟語","校正不要"
"運行","うんこう","6級から","","","7471","国語辞典(JMdict)｜よく使う二字熟語","校正不要"
"十二月","じゅうにがつ","6級から","","","7474","常用漢字表","校正不要"
"学歴","がくれき","6級から","","","7477","国語辞典(JMdict)｜よく使う二字熟語","校正不要"
"同情","どうじょう","6級から","","","7478","常用漢字表","校正不要"
"入口","いりぐち","6級から","","いりぐち / いりくち / はいりぐち / はいりくち","7479","国語辞典(JMdict)｜よく使う二字熟語","校正不要"
"有用","ゆうよう","6級から","","","7480","国語辞典(JMdict)｜よく使う二字熟語","校正不要"
"言動","げんどう","6級から","","","7492","国語辞典(JMdict)｜よく使う二字熟語","校正不要"
"好調","こうちょう","6級から","","","7493","常用漢字表","校正不要"
"弱者","じゃくしゃ","6級から","","","7497","国語辞典(JMdict)｜よく使う二字熟語","校正不要"
"経歴","けいれき","6級から","","","7499","常用漢字表","校正不要"
"片方","かたほう","5級から","","","7500","常用漢字表","校正不要"
"代行","だいこう","6級から","","","7502","国語辞典(JMdict)｜よく使う二字熟語","校正不要"
"食欲","しょくよく","5級から","","","7504","常用漢字表","校正不要"
"返答","へんとう","6級から","","","7505","国語辞典(JMdict)｜よく使う二字熟語","校正不要"
"自律","じりつ","5級から","","","7506","国語辞典(JMdict)｜よく使う二字熟語","校正不要"
"容認","ようにん","5級から","","","7507","国語辞典(JMdict)｜よく使う二字熟語","校正不要"
"不自由","ふじゆう","6級から","","","7508","国語辞典(JMdict)｜三字熟語","校正不要"
"順序","じゅんじょ","6級から","","","7515","常用漢字表","校正不要"
"前期","ぜんき","6級から","","","7518","国語辞典(JMdict)｜よく使う二字熟語","校正不要"
"無知","むち","6級から","","","7521","国語辞典(JMdict)｜よく使う二字熟語","校正不要"
"宮城","きゅうじょう","6級から","","","7525","常用漢字表（都道府県）","校正不要"
"中部","ちゅうぶ","6級から","","","7528","国語辞典(JMdict)｜よく使う二字熟語","校正不要"
"遺体","いたい","5級から","","","7529","国語辞典(JMdict)｜よく使う二字熟語","校正不要"
"同居","どうきょ","6級から","","","7530","国語辞典(JMdict)｜よく使う二字熟語","校正不要"
"寺院","じいん","6級から","","","7531","常用漢字表","校正不要"
"役目","やくめ","6級から","","","7536","常用漢字表","校正不要"
"住人","じゅうにん","6級から","","","7541","国語辞典(JMdict)｜よく使う二字熟語","校正不要"
"事典","じてん","6級から","","じてん / ことてん","7544","国語辞典(JMdict)｜よく使う二字熟語","校正不要"
"上陸","じょうりく","6級から","","","7547","国語辞典(JMdict)｜よく使う二字熟語","校正不要"
"模型","もけい","5級から","","","7556","常用漢字表","校正不要"
"保安","ほあん","6級から","","ほあん / ほうあん","7557","国語辞典(JMdict)｜よく使う二字熟語","校正不要"
"最小","さいしょう","6級から","","","7562","国語辞典(JMdict)｜よく使う二字熟語","校正不要"
"気力","きりょく","6級から","","","7563","国語辞典(JMdict)｜よく使う二字熟語","校正不要"
"国有","こくゆう","6級から","","","7566","国語辞典(JMdict)｜よく使う二字熟語","校正不要"
"知能","ちのう","6級から","","","7571","国語辞典(JMdict)｜よく使う二字熟語","校正不要"
"物資","ぶっし","6級から","","","7574","常用漢字表","校正不要"
"教徒","きょうと","6級から","","","7577","国語辞典(JMdict)｜よく使う二字熟語","校正不要"
"決着","けっちゃく","6級から","","","7579","国語辞典(JMdict)｜よく使う二字熟語","校正不要"
"心身","しんしん","6級から","","しんしん / しんじん","7583","常用漢字表","校正不要"
"査定","さてい","6級から","","","7584","国語辞典(JMdict)｜よく使う二字熟語","校正不要"
"念頭","ねんとう","6級から","","","7588","国語辞典(JMdict)｜よく使う二字熟語","校正不要"
"月曜","げつよう","6級から","","","7589","常用漢字表","校正不要"
"一昨日","おととい","6級から","","おととい / おとつい / いっさくじつ","7594","常用漢字表","校正不要"
"楽曲","がっきょく","6級から","","","7597","国語辞典(JMdict)｜よく使う二字熟語","校正不要"
"好意","こうい","6級から","","","7598","常用漢字表","校正不要"
"連結","れんけつ","6級から","","","7600","常用漢字表","校正不要"
"増税","ぞうぜい","6級から","","","7602","国語辞典(JMdict)｜よく使う二字熟語","校正不要"
"前方","ぜんぽう","6級から","","ぜんぽう / まえかた","7612","国語辞典(JMdict)｜よく使う二字熟語","校正不要"
"立体","りったい","6級から","","","7619","国語辞典(JMdict)｜よく使う二字熟語","校正不要"
"断念","だんねん","6級から","","","7620","常用漢字表","校正不要"
"法務","ほうむ","6級から","","","7622","国語辞典(JMdict)｜よく使う二字熟語","校正不要"
"除外","じょがい","5級から","","","7625","常用漢字表","校正不要"
"断熱","だんねつ","6級から","","","7630","国語辞典(JMdict)｜よく使う二字熟語","校正不要"
"急増","きゅうぞう","6級から","","","7632","国語辞典(JMdict)｜よく使う二字熟語","校正不要"
"混雑","こんざつ","6級から","","","7635","常用漢字表","校正不要"
"当方","とうほう","6級から","","","7637","国語辞典(JMdict)｜よく使う二字熟語","校正不要"
"犯行","はんこう","6級から","","","7638","国語辞典(JMdict)｜よく使う二字熟語","校正不要"
"生理","せいり","6級から","","","7640","国語辞典(JMdict)｜よく使う二字熟語","校正不要"
"安価","あんか","6級から","","","7645","常用漢字表","校正不要"
"内蔵","ないぞう","5級から","","ないぞう / うちくら / うちぐら","7646","国語辞典(JMdict)｜よく使う二字熟語","校正不要"
"算定","さんてい","6級から","","","7648","国語辞典(JMdict)｜よく使う二字熟語","校正不要"
"中期","ちゅうき","6級から","","","7656","国語辞典(JMdict)｜よく使う二字熟語","校正不要"
"上達","じょうたつ","6級から","","","7661","国語辞典(JMdict)｜よく使う二字熟語","校正不要"
"評議","ひょうぎ","6級から","","","7670","国語辞典(JMdict)｜よく使う二字熟語","校正不要"
"友情","ゆうじょう","6級から","","","7671","常用漢字表","校正不要"
"通行","つうこう","6級から","","","7674","常用漢字表","校正不要"
"大豆","だいず","6級から","","","7675","常用漢字表","校正不要"
"書物","しょもつ","6級から","","","7676","国語辞典(JMdict)｜よく使う二字熟語","校正不要"
"東海","とうかい","6級から","","","7687","国語辞典(JMdict)｜よく使う二字熟語","校正不要"
"都心","としん","6級から","","","7689","常用漢字表","校正不要"
"万博","ばんぱく","6級から","","","7691","国語辞典(JMdict)｜よく使う二字熟語","校正不要"
"青空","あおぞら","6級から","","","7697","常用漢字表","校正不要"
"永久","えいきゅう","6級から","","えいきゅう / とわ / とこしえ","7699","常用漢字表","校正不要"
"終始","しゅうし","6級から","","","7703","国語辞典(JMdict)｜よく使う二字熟語","校正不要"
"交際","こうさい","6級から","","","7704","常用漢字表","校正不要"
"内外","ないがい","6級から","","ないがい / うちそと","7705","常用漢字表","校正不要"
"書記","しょき","6級から","","","7708","国語辞典(JMdict)｜よく使う二字熟語","校正不要"
"動員","どういん","6級から","","","7711","国語辞典(JMdict)｜よく使う二字熟語","校正不要"
"未知","みち","6級から","","","7713","国語辞典(JMdict)｜よく使う二字熟語","校正不要"
"発動","はつどう","6級から","","","7718","国語辞典(JMdict)｜よく使う二字熟語","校正不要"
"大島","おおしま","6級から","","","7721","国語辞典(JMdict)｜よく使う二字熟語","校正不要"
"陸軍","りくぐん","6級から","","","7722","国語辞典(JMdict)｜よく使う二字熟語","校正不要"
"県立","けんりつ","6級から","","","7723","常用漢字表","校正不要"
"仮面","かめん","6級から","","","7740","常用漢字表","校正不要"
"広大","こうだい","6級から","","","7746","常用漢字表","校正不要"
"次期","じき","6級から","","","7747","国語辞典(JMdict)｜よく使う二字熟語","校正不要"
"教科","きょうか","6級から","","","7748","常用漢字表","校正不要"
"多発","たはつ","6級から","","","7756","国語辞典(JMdict)｜よく使う二字熟語","校正不要"
"救急","きゅうきゅう","6級から","","","7758","常用漢字表","校正不要"
"単一","たんいつ","6級から","","たんいつ / たんいち","7767","国語辞典(JMdict)｜よく使う二字熟語","校正不要"
"注射","ちゅうしゃ","5級から","","","7771","国語辞典(JMdict)｜よく使う二字熟語","校正不要"
"受験生","じゅけんせい","6級から","","","7772","国語辞典(JMdict)｜三字熟語","校正不要"
"特色","とくしょく","6級から","","","7779","常用漢字表","校正不要"
"歩道","ほどう","6級から","","","7780","常用漢字表","校正不要"
"閣議","かくぎ","5級から","","","7782","常用漢字表","校正不要"
"探検","たんけん","5級から","","","7783","国語辞典(JMdict)｜よく使う二字熟語","校正不要"
"資質","ししつ","6級から","","","7791","国語辞典(JMdict)｜よく使う二字熟語","校正不要"
"劇的","げきてき","5級から","","","7800","国語辞典(JMdict)｜よく使う二字熟語","校正不要"
"戦力","せんりょく","6級から","","","7803","国語辞典(JMdict)｜よく使う二字熟語","校正不要"
"後退","こうたい","5級から","","","7804","国語辞典(JMdict)｜対義語・熟語の構成で使う語","校正不要"
"画期的","かっきてき","6級から","","","7807","常用漢字表","校正不要"
"散策","さんさく","5級から","","","7808","国語辞典(JMdict)｜よく使う二字熟語","校正不要"
"原文","げんぶん","6級から","","","7812","国語辞典(JMdict)｜よく使う二字熟語","校正不要"
"火星","かせい","6級から","","","7814","国語辞典(JMdict)｜よく使う二字熟語","校正不要"
"集計","しゅうけい","6級から","","","7821","国語辞典(JMdict)｜よく使う二字熟語","校正不要"
"眼鏡","めがね","6級から","熟字訓","めがね / がんきょう","7824","常用漢字表（付表・熟字訓）","校正不要"
"新興","しんこう","6級から","","","7828","国語辞典(JMdict)｜よく使う二字熟語","校正不要"
"本土","ほんど","6級から","","","7831","国語辞典(JMdict)｜よく使う二字熟語","校正不要"
"断言","だんげん","6級から","","","7838","国語辞典(JMdict)｜よく使う二字熟語","校正不要"
"器具","きぐ","6級から","","","7839","国語辞典(JMdict)｜よく使う二字熟語","校正不要"
"何時","いつ","6級から","","いつ / なんじ / なんどき","7844","国語辞典(JMdict)｜よく使う二字熟語","校正不要"
"頭痛","ずつう","5級から","","","7845","常用漢字表","校正不要"
"補完","ほかん","5級から","","","7859","国語辞典(JMdict)｜よく使う二字熟語","校正不要"
"個体","こたい","6級から","","","7863","国語辞典(JMdict)｜よく使う二字熟語","校正不要"
"不自然","ふしぜん","6級から","","","7865","国語辞典(JMdict)｜三字熟語","校正不要"
"落札","らくさつ","6級から","","らくさつ / おちふだ","7870","国語辞典(JMdict)｜よく使う二字熟語","校正不要"
"著名","ちょめい","5級から","","","7873","常用漢字表","校正不要"
"完結","かんけつ","6級から","","","7874","国語辞典(JMdict)｜よく使う二字熟語","校正不要"
"外貨","がいか","6級から","","","7876","国語辞典(JMdict)｜よく使う二字熟語","校正不要"
"作文","さくぶん","6級から","","さくぶん / さくもん","7877","常用漢字表","校正不要"
"気合","きあい","6級から","","","7879","国語辞典(JMdict)｜よく使う二字熟語","校正不要"
"通路","つうろ","6級から","","","7880","国語辞典(JMdict)｜よく使う二字熟語","校正不要"
"立案","りつあん","6級から","","","7881","常用漢字表","校正不要"
"全額","ぜんがく","6級から","","","7884","国語辞典(JMdict)｜よく使う二字熟語","校正不要"
"通話","つうわ","6級から","","","7885","国語辞典(JMdict)｜よく使う二字熟語","校正不要"
"愛国心","あいこくしん","6級から","","","7888","国語辞典(JMdict)｜三字熟語","校正不要"
"共存","きょうぞん","5級から","","きょうぞん / きょうそん","7896","国語辞典(JMdict)｜よく使う二字熟語","校正不要"
"参戦","さんせん","6級から","","","7897","国語辞典(JMdict)｜よく使う二字熟語","校正不要"
"食物","しょくもつ","6級から","","しょくもつ / くいもの","7900","常用漢字表","校正不要"
"木材","もくざい","6級から","","","7903","国語辞典(JMdict)｜よく使う二字熟語","校正不要"
"敗北","はいぼく","6級から","","","7905","常用漢字表","校正不要"
"昨晩","さくばん","5級から","","","7907","国語辞典(JMdict)｜よく使う二字熟語","校正不要"
"退院","たいいん","5級から","","","7911","国語辞典(JMdict)｜よく使う二字熟語","校正不要"
"所管","しょかん","6級から","","","7915","国語辞典(JMdict)｜よく使う二字熟語","校正不要"
"臓器","ぞうき","5級から","","","7917","常用漢字表","校正不要"
"品種","ひんしゅ","6級から","","","7921","常用漢字表","校正不要"
"指令","しれい","6級から","","","7926","国語辞典(JMdict)｜よく使う二字熟語","校正不要"
"退場","たいじょう","5級から","","","7928","国語辞典(JMdict)｜対義語・熟語の構成で使う語","校正不要"
"市役所","しやくしょ","6級から","","","7938","国語辞典(JMdict)｜三字熟語","校正不要"
"書面","しょめん","6級から","","","7939","国語辞典(JMdict)｜よく使う二字熟語","校正不要"
"留意","りゅうい","6級から","","","7945","常用漢字表","校正不要"
"体操","たいそう","5級から","","","7946","国語辞典(JMdict)｜よく使う二字熟語","校正不要"
"事象","じしょう","6級から","","","7948","国語辞典(JMdict)｜よく使う二字熟語","校正不要"
"社説","しゃせつ","6級から","","","7951","国語辞典(JMdict)｜よく使う二字熟語","校正不要"
"芸術家","げいじゅつか","6級から","","","7954","国語辞典(JMdict)｜三字熟語","校正不要"
"異動","いどう","5級から","","","7957","国語辞典(JMdict)｜よく使う二字熟語","校正不要"
"多大","ただい","6級から","","","7958","国語辞典(JMdict)｜よく使う二字熟語","校正不要"
"火山","かざん","6級から","","","7962","国語辞典(JMdict)｜よく使う二字熟語","校正不要"
"労務","ろうむ","6級から","","","7966","国語辞典(JMdict)｜よく使う二字熟語","校正不要"
"七夕","たなばた","6級から","熟字訓","たなばた / しちせき","7972","常用漢字表（付表・熟字訓）","校正不要"
"説教","せっきょう","6級から","","","7979","国語辞典(JMdict)｜よく使う二字熟語","校正不要"
"登記","とうき","6級から","","","7986","常用漢字表","校正不要"
"半導体","はんどうたい","6級から","","","7988","常用漢字表","校正不要"
"放射","ほうしゃ","5級から","","","7993","国語辞典(JMdict)｜よく使う二字熟語","校正不要"
"劇団","げきだん","5級から","","","7996","国語辞典(JMdict)｜よく使う二字熟語","校正不要"
"自発","じはつ","6級から","","","7997","国語辞典(JMdict)｜よく使う二字熟語","校正不要"
"物体","ぶったい","6級から","","ぶったい / もったい","8003","国語辞典(JMdict)｜よく使う二字熟語","校正不要"
"同年","どうねん","6級から","","","8004","国語辞典(JMdict)｜よく使う二字熟語","校正不要"
"一同","いちどう","6級から","","","8007","国語辞典(JMdict)｜よく使う二字熟語","校正不要"
"救助","きゅうじょ","6級から","","","8008","常用漢字表","校正不要"
"間近","まぢか","6級から","","まぢか / まじか","8009","国語辞典(JMdict)｜よく使う二字熟語","校正不要"
"順次","じゅんじ","6級から","","","8012","国語辞典(JMdict)｜よく使う二字熟語","校正不要"
"装着","そうちゃく","5級から","","","8013","国語辞典(JMdict)｜よく使う二字熟語","校正不要"
"決心","けっしん","6級から","","","8016","国語辞典(JMdict)｜対義語・熟語の構成で使う語","校正不要"
"均等","きんとう","6級から","","","8025","常用漢字表","校正不要"
"空中","くうちゅう","6級から","","","8033","国語辞典(JMdict)｜よく使う二字熟語","校正不要"
"兵隊","へいたい","6級から","","","8034","常用漢字表","校正不要"
"実効","じっこう","6級から","","","8039","国語辞典(JMdict)｜よく使う二字熟語","校正不要"
"良好","りょうこう","6級から","","","8040","常用漢字表","校正不要"
"差異","さい","5級から","","","8042","常用漢字表","校正不要"
"波動","はどう","6級から","","","8050","国語辞典(JMdict)｜よく使う二字熟語","校正不要"
"関税","かんぜい","6級から","","","8052","常用漢字表","校正不要"
"連発","れんぱつ","6級から","","","8053","国語辞典(JMdict)｜よく使う二字熟語","校正不要"
"夕刊","ゆうかん","6級から","","","8056","国語辞典(JMdict)｜よく使う二字熟語","校正不要"
"創立","そうりつ","5級から","","","8057","国語辞典(JMdict)｜よく使う二字熟語","校正不要"
"後方","こうほう","6級から","","こうほう / しりえ","8061","国語辞典(JMdict)｜よく使う二字熟語","校正不要"
"変数","へんすう","6級から","","","8062","国語辞典(JMdict)｜よく使う二字熟語","校正不要"
"無数","むすう","6級から","","","8063","国語辞典(JMdict)｜よく使う二字熟語","校正不要"
"利子","りし","6級から","","","8067","国語辞典(JMdict)｜よく使う二字熟語","校正不要"
"外観","がいかん","6級から","","","8069","国語辞典(JMdict)｜対義語・熟語の構成で使う語","校正不要"
"就労","しゅうろう","5級から","","","8074","国語辞典(JMdict)｜よく使う二字熟語","校正不要"
"金子","きんす","6級から","","","8075","常用漢字表","校正不要"
"体感","たいかん","6級から","","","8077","国語辞典(JMdict)｜よく使う二字熟語","校正不要"
"運輸","うんゆ","6級から","","","8084","常用漢字表","校正不要"
"有益","ゆうえき","6級から","","","8094","常用漢字表","校正不要"
"放射線","ほうしゃせん","5級から","","","8095","国語辞典(JMdict)｜三字熟語","校正不要"
"東証","とうしょう","6級から","","","8106","国語辞典(JMdict)｜よく使う二字熟語","校正不要"
"上演","じょうえん","6級から","","","8108","国語辞典(JMdict)｜よく使う二字熟語","校正不要"
"密度","みつど","5級から","","","8111","国語辞典(JMdict)｜よく使う二字熟語","校正不要"
"対外","たいがい","6級から","","","8123","国語辞典(JMdict)｜よく使う二字熟語","校正不要"
"重複","ちょうふく","6級から","","ちょうふく / じゅうふく","8127","常用漢字表","校正不要"
"簡潔","かんけつ","5級から","","","8130","国語辞典(JMdict)｜よく使う二字熟語","校正不要"
"三重","さんじゅう","6級から","","さんじゅう / みえ","8138","国語辞典(JMdict)｜よく使う二字熟語","校正不要"
"創出","そうしゅつ","5級から","","","8145","国語辞典(JMdict)｜よく使う二字熟語","校正不要"
"大根","だいこん","6級から","","だいこん / おおね","8146","国語辞典(JMdict)｜よく使う二字熟語","校正不要"
"外人","がいじん","6級から","","","8147","国語辞典(JMdict)｜よく使う二字熟語","校正不要"
"裏側","うらがわ","5級から","","","8150","常用漢字表","校正不要"
"切手","きって","6級から","","きって / きれて","8155","国語辞典(JMdict)｜よく使う二字熟語","校正不要"
"根底","こんてい","6級から","","","8158","国語辞典(JMdict)｜よく使う二字熟語","校正不要"
"半数","はんすう","6級から","","","8159","国語辞典(JMdict)｜よく使う二字熟語","校正不要"
"因果","いんが","6級から","","","8160","常用漢字表","校正不要"
"国交","こっこう","6級から","","","8162","国語辞典(JMdict)｜よく使う二字熟語","校正不要"
"裁量","さいりょう","5級から","","","8165","国語辞典(JMdict)｜よく使う二字熟語","校正不要"
"出店","でみせ","6級から","","でみせ / しゅってん","8171","国語辞典(JMdict)｜よく使う二字熟語","校正不要"
"暗殺","あんさつ","6級から","","","8172","国語辞典(JMdict)｜よく使う二字熟語","校正不要"
"再発","さいはつ","6級から","","","8173","国語辞典(JMdict)｜よく使う二字熟語","校正不要"
"共済","きょうさい","5級から","","","8179","国語辞典(JMdict)｜よく使う二字熟語","校正不要"
"道場","どうじょう","6級から","","","8181","国語辞典(JMdict)｜よく使う二字熟語","校正不要"
"結末","けつまつ","6級から","","","8182","国語辞典(JMdict)｜よく使う二字熟語","校正不要"
"効用","こうよう","6級から","","","8184","国語辞典(JMdict)｜よく使う二字熟語","校正不要"
"名詞","めいし","5級から","","めいし / なことば","8187","国語辞典(JMdict)｜よく使う二字熟語","校正不要"
"水木","みずき","6級から","","みずき / すいもく","8194","国語辞典(JMdict)｜よく使う二字熟語","校正不要"
"休業","きゅうぎょう","6級から","","","8195","国語辞典(JMdict)｜よく使う二字熟語","校正不要"
"高原","こうげん","6級から","","","8198","常用漢字表","校正不要"
"両立","りょうりつ","6級から","","","8199","常用漢字表","校正不要"
"隊長","たいちょう","6級から","","","8203","国語辞典(JMdict)｜よく使う二字熟語","校正不要"
"南米","なんべい","6級から","","","8210","国語辞典(JMdict)｜よく使う二字熟語","校正不要"
"上部","じょうぶ","6級から","","","8221","国語辞典(JMdict)｜よく使う二字熟語","校正不要"
"共生","きょうせい","6級から","","","8224","国語辞典(JMdict)｜よく使う二字熟語","校正不要"
"格安","かくやす","6級から","","","8225","国語辞典(JMdict)｜よく使う二字熟語","校正不要"
"放出","ほうしゅつ","6級から","","","8228","国語辞典(JMdict)｜よく使う二字熟語","校正不要"
"学長","がくちょう","6級から","","","8229","国語辞典(JMdict)｜よく使う二字熟語","校正不要"
"母子","ぼし","6級から","","ぼし / ははこ","8239","国語辞典(JMdict)｜よく使う二字熟語","校正不要"
"富士","ふじ","6級から","","","8241","国語辞典(JMdict)｜よく使う二字熟語","校正不要"
"不可","ふか","6級から","","","8242","国語辞典(JMdict)｜よく使う二字熟語","校正不要"
"出題","しゅつだい","6級から","","","8247","常用漢字表","校正不要"
"厳格","げんかく","5級から","","","8248","常用漢字表","校正不要"
"周期","しゅうき","6級から","","","8257","国語辞典(JMdict)｜よく使う二字熟語","校正不要"
"半島","はんとう","6級から","","","8258","常用漢字表","校正不要"
"判例","はんれい","6級から","","","8266","国語辞典(JMdict)｜よく使う二字熟語","校正不要"
"待機","たいき","6級から","","","8267","常用漢字表","校正不要"
"専業","せんぎょう","5級から","","","8268","国語辞典(JMdict)｜よく使う二字熟語","校正不要"
"群馬","ぐんま","6級から","","","8270","国語辞典(JMdict)｜よく使う二字熟語","校正不要"
"極力","きょくりょく","6級から","","","8272","国語辞典(JMdict)｜よく使う二字熟語","校正不要"
"地名","ちめい","6級から","","","8273","国語辞典(JMdict)｜よく使う二字熟語","校正不要"
"高値","たかね","5級から","","","8275","国語辞典(JMdict)｜よく使う二字熟語","校正不要"
"常時","じょうじ","6級から","","","8278","国語辞典(JMdict)｜よく使う二字熟語","校正不要"
"立地","りっち","6級から","","","8282","国語辞典(JMdict)｜よく使う二字熟語","校正不要"
"屋台","やたい","6級から","","","8285","国語辞典(JMdict)｜よく使う二字熟語","校正不要"
"例年","れいねん","6級から","","","8294","常用漢字表","校正不要"
"次男","じなん","6級から","","","8303","国語辞典(JMdict)｜よく使う二字熟語","校正不要"
"算数","さんすう","6級から","","","8308","常用漢字表","校正不要"
"皇室","こうしつ","5級から","","","8309","常用漢字表","校正不要"
"経路","けいろ","6級から","","","8310","国語辞典(JMdict)｜よく使う二字熟語","校正不要"
"木造","もくぞう","6級から","","もくぞう / きづくり","8311","常用漢字表","校正不要"
"風味","ふうみ","6級から","","","8312","国語辞典(JMdict)｜よく使う二字熟語","校正不要"
"液体","えきたい","6級から","","","8313","常用漢字表","校正不要"
"悪意","あくい","6級から","","","8321","常用漢字表","校正不要"
"動詞","どうし","5級から","","","8322","国語辞典(JMdict)｜よく使う二字熟語","校正不要"
"進路","しんろ","6級から","","","8323","国語辞典(JMdict)｜よく使う二字熟語","校正不要"
"先祖","せんぞ","6級から","","","8331","国語辞典(JMdict)｜よく使う二字熟語","校正不要"
"洗練","せんれん","5級から","","","8336","常用漢字表","校正不要"
"法科","ほうか","6級から","","","8338","国語辞典(JMdict)｜よく使う二字熟語","校正不要"
"加害","かがい","6級から","","","8342","国語辞典(JMdict)｜よく使う二字熟語","校正不要"
"満員","まんいん","6級から","","","8354","常用漢字表","校正不要"
"文化財","ぶんかざい","6級から","","","8359","常用漢字表","校正不要"
"判事","はんじ","6級から","","","8361","国語辞典(JMdict)｜よく使う二字熟語","校正不要"
"所要","しょよう","6級から","","","8367","国語辞典(JMdict)｜よく使う二字熟語","校正不要"
"四季","しき","6級から","","","8368","常用漢字表","校正不要"
"川口","かわぐち","6級から","","","8378","国語辞典(JMdict)｜よく使う二字熟語","校正不要"
"子孫","しそん","6級から","","","8380","常用漢字表","校正不要"
"加減","かげん","6級から","","","8383","常用漢字表","校正不要"
"異様","いよう","5級から","","","8395","国語辞典(JMdict)｜よく使う二字熟語","校正不要"
"通学","つうがく","6級から","","","8403","国語辞典(JMdict)｜よく使う二字熟語","校正不要"
"整合","せいごう","6級から","","","8405","国語辞典(JMdict)｜よく使う二字熟語","校正不要"
"曲線","きょくせん","6級から","","","8417","常用漢字表","校正不要"
"寸前","すんぜん","5級から","","","8418","国語辞典(JMdict)｜よく使う二字熟語","校正不要"
"郵送","ゆうそう","5級から","","","8419","常用漢字表","校正不要"
"指輪","ゆびわ","6級から","","","8420","国語辞典(JMdict)｜よく使う二字熟語","校正不要"
"満点","まんてん","6級から","","","8421","国語辞典(JMdict)｜よく使う二字熟語","校正不要"
"親族","しんぞく","6級から","","しんぞく / うから","8422","常用漢字表","校正不要"
"口頭","こうとう","6級から","","","8424","国語辞典(JMdict)｜よく使う二字熟語","校正不要"
"初代","しょだい","6級から","","","8426","国語辞典(JMdict)｜よく使う二字熟語","校正不要"
"対比","たいひ","6級から","","","8434","国語辞典(JMdict)｜よく使う二字熟語","校正不要"
"公判","こうはん","6級から","","","8436","国語辞典(JMdict)｜よく使う二字熟語","校正不要"
"愛用","あいよう","6級から","","","8437","国語辞典(JMdict)｜よく使う二字熟語","校正不要"
"農産物","のうさんぶつ","6級から","","","8440","国語辞典(JMdict)｜三字熟語","校正不要"
"水面","すいめん","6級から","","","8442","国語辞典(JMdict)｜よく使う二字熟語","校正不要"
"飼育","しいく","6級から","","","8461","常用漢字表","校正不要"
"一律","いちりつ","5級から","","","8463","国語辞典(JMdict)｜よく使う二字熟語","校正不要"
"集落","しゅうらく","6級から","","","8470","常用漢字表","校正不要"
"極東","きょくとう","6級から","","","8475","国語辞典(JMdict)｜よく使う二字熟語","校正不要"
"活力","かつりょく","6級から","","","8477","常用漢字表","校正不要"
"口調","くちょう","6級から","","","8490","常用漢字表","校正不要"
"宝石","ほうせき","5級から","","","8496","常用漢字表","校正不要"
"低迷","ていめい","6級から","","","8499","常用漢字表","校正不要"
"落語","らくご","6級から","","","8505","常用漢字表","校正不要"
"正社員","せいしゃいん","6級から","","","8521","国語辞典(JMdict)｜三字熟語","校正不要"
"源泉","げんせん","5級から","","","8555","常用漢字表","校正不要"
"滋賀","しが","6級から","","","8556","常用漢字表（都道府県）","校正不要"
"人質","ひとじち","6級から","","","8566","常用漢字表","校正不要"
"音色","ねいろ","6級から","","ねいろ / おんしょく","8582","常用漢字表","校正不要"
"旅館","りょかん","6級から","","","8598","常用漢字表","校正不要"
"飲料","いんりょう","6級から","","いんりょう / のみりょう","8613","常用漢字表","校正不要"
"弱点","じゃくてん","6級から","","","8616","常用漢字表","校正不要"
"一族","いちぞく","6級から","","","8624","常用漢字表","校正不要"
"街道","かいどう","6級から","","","8636","常用漢字表","校正不要"
"毎朝","まいあさ","6級から","","まいあさ / まいちょう","8639","常用漢字表","校正不要"
"万全","ばんぜん","6級から","","","8641","常用漢字表","校正不要"
"頭脳","ずのう","5級から","","","8646","常用漢字表","校正不要"
"根性","こんじょう","6級から","","","8652","常用漢字表","校正不要"
"配給","はいきゅう","6級から","","","8654","常用漢字表","校正不要"
"調停","ちょうてい","6級から","","","8657","常用漢字表","校正不要"
"活字","かつじ","6級から","","","8659","常用漢字表","校正不要"
"河川","かせん","6級から","","","8671","常用漢字表","校正不要"
"並行","へいこう","5級から","","","8683","常用漢字表","校正不要"
"長所","ちょうしょ","6級から","","","8693","常用漢字表","校正不要"
"全集","ぜんしゅう","6級から","","","8695","常用漢字表","校正不要"
"貨物","かもつ","6級から","","かもつ / かぶつ","8704","常用漢字表","校正不要"
"庭園","ていえん","6級から","","","8710","常用漢字表","校正不要"
"風潮","ふうちょう","5級から","","","8726","常用漢字表","校正不要"
"教官","きょうかん","6級から","","","8743","常用漢字表","校正不要"
"効力","こうりょく","6級から","","","8748","常用漢字表","校正不要"
"乗車","じょうしゃ","6級から","","","8767","常用漢字表","校正不要"
"愛媛","えひめ","6級から","","","8773","常用漢字表（都道府県）","校正不要"
"何者","なにもの","6級から","","","8775","常用漢字表","校正不要"
"混合","こんごう","6級から","","","8776","常用漢字表","校正不要"
"人体","じんたい","6級から","","じんたい / じんてい / にんてい","8781","常用漢字表","校正不要"
"屋上","おくじょう","6級から","","","8804","常用漢字表","校正不要"
"態勢","たいせい","6級から","","","8810","常用漢字表","校正不要"
"頂点","ちょうてん","5級から","","","8818","常用漢字表","校正不要"
"文芸","ぶんげい","6級から","","","8827","常用漢字表","校正不要"
"外科","げか","6級から","","","8829","常用漢字表","校正不要"
"本店","ほんてん","6級から","","ほんてん / ほんだな","8835","常用漢字表","校正不要"
"新品","しんぴん","6級から","","","8836","国語辞典(JMdict)｜対義語・熟語の構成で使う語","校正不要"
"補佐","ほさ","5級から","","","8854","常用漢字表","校正不要"
"直径","ちょっけい","6級から","","","8869","常用漢字表","校正不要"
"栄光","えいこう","6級から","","","8874","常用漢字表","校正不要"
"音楽家","おんがくか","6級から","","おんがくか / おんがっか","8880","国語辞典(JMdict)｜三字熟語","校正不要"
"過度","かど","6級から","","","8912","常用漢字表","校正不要"
"団結","だんけつ","6級から","","","8917","常用漢字表","校正不要"
"志望","しぼう","6級から","","","8935","常用漢字表","校正不要"
"清潔","せいけつ","6級から","","","8936","常用漢字表","校正不要"
"着用","ちゃくよう","6級から","","","8954","常用漢字表","校正不要"
"精密","せいみつ","5級から","","","8968","常用漢字表","校正不要"
"今晩","こんばん","5級から","","","8972","常用漢字表","校正不要"
"方程式","ほうていしき","6級から","","","9027","国語辞典(JMdict)｜三字熟語","校正不要"
"達人","たつじん","6級から","","","9043","常用漢字表","校正不要"
"国外","こくがい","6級から","","","9065","国語辞典(JMdict)｜対義語・熟語の構成で使う語","校正不要"
"女神","めがみ","6級から","","めがみ / じょしん","9073","常用漢字表","校正不要"
"電流","でんりゅう","6級から","","","9076","常用漢字表","校正不要"
"見地","けんち","6級から","","","9079","常用漢字表","校正不要"
"労力","ろうりょく","6級から","","","9090","常用漢字表","校正不要"
"家屋","かおく","6級から","","","9129","常用漢字表","校正不要"
"非公開","ひこうかい","6級から","","","9132","国語辞典(JMdict)｜三字熟語","校正不要"
"歯医者","はいしゃ","6級から","","","9137","国語辞典(JMdict)｜三字熟語","校正不要"
"式典","しきてん","6級から","","","9138","常用漢字表","校正不要"
"目前","もくぜん","6級から","","","9157","常用漢字表","校正不要"
"栃木","とちぎ","6級から","","","9161","常用漢字表（都道府県）","校正不要"
"上空","じょうくう","6級から","","","9172","常用漢字表","校正不要"
"教職員","きょうしょくいん","6級から","","","9186","国語辞典(JMdict)｜三字熟語","校正不要"
"高層","こうそう","5級から","","","9220","常用漢字表","校正不要"
"屋外","おくがい","6級から","","おくがい / やど","9243","常用漢字表","校正不要"
"適度","てきど","6級から","","","9247","常用漢字表","校正不要"
"鉱山","こうざん","6級から","","","9248","常用漢字表","校正不要"
"本名","ほんみょう","6級から","","ほんみょう / ほんめい","9254","常用漢字表","校正不要"
"燃焼","ねんしょう","6級から","","","9272","常用漢字表","校正不要"
"神聖","しんせい","5級から","","","9280","常用漢字表","校正不要"
"採点","さいてん","6級から","","","9281","常用漢字表","校正不要"
"水泳","すいえい","6級から","","","9297","常用漢字表","校正不要"
"身内","みうち","6級から","","","9302","常用漢字表","校正不要"
"牧場","ぼくじょう","6級から","","ぼくじょう / まきば","9305","常用漢字表","校正不要"
"補欠","ほけつ","5級から","","","9318","常用漢字表","校正不要"
"土木","どぼく","6級から","","","9331","常用漢字表","校正不要"
"俳句","はいく","5級から","","","9338","常用漢字表","校正不要"
"自我","じが","5級から","","","9347","常用漢字表","校正不要"
"断片","だんぺん","5級から","","","9363","常用漢字表","校正不要"
"責務","せきむ","6級から","","","9371","常用漢字表","校正不要"
"落下","らっか","6級から","","","9380","常用漢字表","校正不要"
"幕府","ばくふ","5級から","","","9396","常用漢字表","校正不要"
"欠席","けっせき","6級から","","","9412","常用漢字表","校正不要"
"体育館","たいいくかん","6級から","","","9433","国語辞典(JMdict)｜三字熟語","校正不要"
"大人気","だいにんき","6級から","","だいにんき / おとなげ","9444","国語辞典(JMdict)｜三字熟語","校正不要"
"三角","さんかく","6級から","","","9446","常用漢字表","校正不要"
"快楽","かいらく","6級から","","","9457","常用漢字表","校正不要"
"朗読","ろうどく","5級から","","","9460","常用漢字表","校正不要"
"乱暴","らんぼう","5級から","","","9465","常用漢字表","校正不要"
"紅葉","もみじ","5級から","熟字訓","こうよう / もみじ","9491","常用漢字表（付表・熟字訓）","校正不要"
"切断","せつだん","6級から","","","9541","常用漢字表","校正不要"
"校舎","こうしゃ","6級から","","","9549","常用漢字表","校正不要"
"目玉","めだま","6級から","","","9560","常用漢字表","校正不要"
"規律","きりつ","5級から","","","9563","常用漢字表","校正不要"
"暗示","あんじ","6級から","","","9565","常用漢字表","校正不要"
"全日本","ぜんにほん","6級から","","ぜんにほん / ぜんにっぽん","9583","国語辞典(JMdict)｜三字熟語","校正不要"
"異論","いろん","5級から","","","9614","常用漢字表","校正不要"
"市街","しがい","6級から","","","9626","常用漢字表","校正不要"
"断定","だんてい","6級から","","","9638","常用漢字表","校正不要"
"野外","やがい","6級から","","","9646","常用漢字表","校正不要"
"追放","ついほう","6級から","","","9653","常用漢字表","校正不要"
"探求","たんきゅう","5級から","","","9659","常用漢字表","校正不要"
"家内","かない","6級から","","かない / やうち","9665","常用漢字表","校正不要"
"運動会","うんどうかい","6級から","","","9666","国語辞典(JMdict)｜三字熟語","校正不要"
"墓地","ぼち","6級から","","ぼち / はかち","9679","常用漢字表","校正不要"
"無関心","むかんしん","6級から","","","9686","国語辞典(JMdict)｜三字熟語","校正不要"
"団地","だんち","6級から","","","9697","常用漢字表","校正不要"
"有権者","ゆうけんしゃ","5級から","","","9700","国語辞典(JMdict)｜三字熟語","校正不要"
"鳥取","とりとり","6級から","","","9708","常用漢字表（都道府県）","校正不要"
"線路","せんろ","6級から","","","9716","常用漢字表","校正不要"
"納豆","なっとう","5級から","","","9723","常用漢字表","校正不要"
"名曲","めいきょく","6級から","","","9745","常用漢字表","校正不要"
"下降","かこう","5級から","","","9764","常用漢字表","校正不要"
"政治家","せいじか","6級から","","","9779","国語辞典(JMdict)｜三字熟語","校正不要"
"改修","かいしゅう","6級から","","","9792","常用漢字表","校正不要"
"考古学","こうこがく","6級から","","","9795","国語辞典(JMdict)｜三字熟語","校正不要"
"百貨店","ひゃっかてん","6級から","","","9806","常用漢字表","校正不要"
"閉店","へいてん","5級から","","","9812","常用漢字表","校正不要"
"不完全","ふかんぜん","6級から","","","9823","国語辞典(JMdict)｜対義語・熟語の構成で使う語","校正不要"
"若年","じゃくねん","5級から","","","9842","常用漢字表","校正不要"
"着陸","ちゃくりく","6級から","","","9885","常用漢字表","校正不要"
"強要","きょうよう","6級から","","","9902","常用漢字表","校正不要"
"大工","だいく","6級から","","","9903","常用漢字表","校正不要"
"内訳","うちわけ","5級から","","","9906","常用漢字表","校正不要"
"亡命","ぼうめい","5級から","","","9917","常用漢字表","校正不要"
"優良","ゆうりょう","5級から","","","9923","常用漢字表","校正不要"
"悲鳴","ひめい","6級から","","","9946","常用漢字表","校正不要"
"不適切","ふてきせつ","6級から","","","9950","国語辞典(JMdict)｜三字熟語","校正不要"
"薬局","やっきょく","6級から","","","9987","常用漢字表","校正不要"
"救急車","きゅうきゅうしゃ","6級から","","","9994","国語辞典(JMdict)｜三字熟語","校正不要"
"無言","むごん","6級から","","むごん / しじま","10000","常用漢字表","校正不要"
"歌声","うたごえ","6級から","","うたごえ / かせい","10003","常用漢字表","校正不要"
"失望","しつぼう","6級から","","","10004","常用漢字表","校正不要"
"試練","しれん","6級から","","","10009","常用漢字表","校正不要"
"類型","るいけい","6級から","","","10030","常用漢字表","校正不要"
"曜日","ようび","6級から","","","10048","常用漢字表","校正不要"
"先方","せんぽう","6級から","","せんぽう / さきかた / さきがた","10054","常用漢字表","校正不要"
"山梨","やまなし","6級から","","","10059","国語辞典(JMdict)｜要校正","校正不要"
"海水","かいすい","6級から","","","10065","常用漢字表","校正不要"
"頂上","ちょうじょう","5級から","","","10068","常用漢字表","校正不要"
"紀行","きこう","6級から","","","10094","常用漢字表","校正不要"
"紙面","しめん","6級から","","","10144","常用漢字表","校正不要"
"出世","しゅっせ","6級から","","","10145","常用漢字表","校正不要"
"飲酒","いんしゅ","6級から","","いんしゅ / おんじゅ / おんしゅ","10151","常用漢字表","校正不要"
"上品","じょうひん","6級から","","じょうひん / じょうぼん","10152","常用漢字表","校正不要"
"都度","つど","6級から","","","10198","常用漢字表","校正不要"
"副業","ふくぎょう","6級から","","","10228","常用漢字表","校正不要"
"毎度","まいど","6級から","","","10254","常用漢字表","校正不要"
"不公平","ふこうへい","6級から","","","10261","国語辞典(JMdict)｜三字熟語","校正不要"
"談話","だんわ","6級から","","","10265","常用漢字表","校正不要"
"委任","いにん","6級から","","","10278","常用漢字表","校正不要"
"大雨","おおあめ","6級から","","おおあめ / たいう","10285","常用漢字表","校正不要"
"念願","ねんがん","6級から","","","10287","常用漢字表","校正不要"
"試作","しさく","6級から","","","10295","常用漢字表","校正不要"
"化石","かせき","6級から","","","10335","常用漢字表","校正不要"
"明快","めいかい","6級から","","","10344","常用漢字表","校正不要"
"列島","れっとう","6級から","","","10345","常用漢字表","校正不要"
"行進","こうしん","6級から","","","10350","常用漢字表","校正不要"
"知覚","ちかく","6級から","","","10357","常用漢字表","校正不要"
"垂直","すいちょく","5級から","","","10369","常用漢字表","校正不要"
"悪夢","あくむ","6級から","","","10374","常用漢字表","校正不要"
"過失","かしつ","6級から","","","10386","常用漢字表","校正不要"
"不気味","ぶきみ","6級から","","","10388","国語辞典(JMdict)｜三字熟語","校正不要"
"予期","よき","6級から","","","10390","常用漢字表","校正不要"
"不利益","ふりえき","6級から","","","10395","国語辞典(JMdict)｜三字熟語","校正不要"
"要注意","ようちゅうい","6級から","","","10411","常用漢字表","校正不要"
"解禁","かいきん","6級から","","","10442","常用漢字表","校正不要"
"厳重","げんじゅう","5級から","","げんじゅう / げんじょう / げんちょう","10482","常用漢字表","校正不要"
"混同","こんどう","6級から","","","10489","常用漢字表","校正不要"
"標本","ひょうほん","6級から","","","10499","常用漢字表","校正不要"
"果実","かじつ","6級から","","","10501","常用漢字表","校正不要"
"反乱","はんらん","5級から","","","10502","常用漢字表","校正不要"
"操縦","そうじゅう","5級から","","","10512","常用漢字表","校正不要"
"年数","ねんすう","6級から","","","10520","常用漢字表","校正不要"
"功績","こうせき","6級から","","","10524","常用漢字表","校正不要"
"下車","げしゃ","6級から","","","10538","常用漢字表","校正不要"
"帰省","きせい","6級から","","","10547","常用漢字表","校正不要"
"合戦","かっせん","6級から","","","10549","常用漢字表","校正不要"
"園芸","えんげい","6級から","","","10550","常用漢字表","校正不要"
"根幹","こんかん","6級から","","","10573","常用漢字表","校正不要"
"無条件","むじょうけん","6級から","","","10587","国語辞典(JMdict)｜三字熟語","校正不要"
"残留","ざんりゅう","6級から","","","10606","常用漢字表","校正不要"
"本家","ほんけ","6級から","","","10639","常用漢字表","校正不要"
"留守","るす","6級から","","","10643","常用漢字表","校正不要"
"投下","とうか","6級から","","","10704","常用漢字表","校正不要"
"過半数","かはんすう","6級から","","","10725","国語辞典(JMdict)｜三字熟語","校正不要"
"童話","どうわ","6級から","","","10740","常用漢字表","校正不要"
"加熱","かねつ","6級から","","","10748","国語辞典(JMdict)｜対義語・熟語の構成で使う語","校正不要"
"清算","せいさん","6級から","","","10759","常用漢字表","校正不要"
"気圧","きあつ","6級から","","","10767","常用漢字表","校正不要"
"人道","じんどう","6級から","","じんどう / にんどう","10770","常用漢字表","校正不要"
"同窓会","どうそうかい","5級から","","","10774","国語辞典(JMdict)｜三字熟語","校正不要"
"独創","どくそう","5級から","","","10775","常用漢字表","校正不要"
"父母","ふぼ","6級から","","ふぼ / ちちはは / かぞいろは / ぶも","10780","常用漢字表","校正不要"
"運送","うんそう","6級から","","","10785","常用漢字表","校正不要"
"高山","こうざん","6級から","","","10786","常用漢字表","校正不要"
"日光","にっこう","6級から","","","10793","常用漢字表","校正不要"
"単身","たんしん","6級から","","","10797","常用漢字表","校正不要"
"空想","くうそう","6級から","","","10804","常用漢字表","校正不要"
"精力","せいりょく","6級から","","","10818","常用漢字表","校正不要"
"多岐","たき","6級から","","","10826","常用漢字表","校正不要"
"樹木","じゅもく","5級から","","","10843","常用漢字表","校正不要"
"市議会","しぎかい","6級から","","","10848","国語辞典(JMdict)｜三字熟語","校正不要"
"炭鉱","たんこう","6級から","","","10850","常用漢字表","校正不要"
"視力","しりょく","5級から","","","10861","常用漢字表","校正不要"
"皇太子","こうたいし","5級から","","","10917","常用漢字表","校正不要"
"誠意","せいい","5級から","","","10923","常用漢字表","校正不要"
"内臓","ないぞう","5級から","","","10952","常用漢字表","校正不要"
"海底","かいてい","6級から","","","10974","常用漢字表","校正不要"
"分別","ふんべつ","6級から","","ふんべつ / ぶんべつ","10979","常用漢字表","校正不要"
"興行","こうぎょう","6級から","","","10982","常用漢字表","校正不要"
"最期","さいご","6級から","","","10997","常用漢字表","校正不要"
"報復","ほうふく","6級から","","","11018","常用漢字表","校正不要"
"居場所","いばしょ","6級から","","","11029","国語辞典(JMdict)｜三字熟語","校正不要"
"神道","しんとう","6級から","","しんとう / しんどう","11046","常用漢字表","校正不要"
"的中","てきちゅう","6級から","","","11049","常用漢字表","校正不要"
"続出","ぞくしゅつ","6級から","","","11071","常用漢字表","校正不要"
"郷土","きょうど","5級から","","","11084","常用漢字表","校正不要"
"長編","ちょうへん","6級から","","","11095","常用漢字表","校正不要"
"休止","きゅうし","6級から","","","11104","常用漢字表","校正不要"
"故意","こい","6級から","","","11110","常用漢字表","校正不要"
"平面","へいめん","6級から","","","11119","常用漢字表","校正不要"
"地主","じぬし","6級から","","","11120","常用漢字表","校正不要"
"分岐","ぶんき","6級から","","","11123","常用漢字表","校正不要"
"高性能","こうせいのう","6級から","","","11124","国語辞典(JMdict)｜三字熟語","校正不要"
"義理","ぎり","6級から","","","11142","常用漢字表","校正不要"
"誤差","ごさ","5級から","","","11144","常用漢字表","校正不要"
"一息","ひといき","6級から","","","11147","常用漢字表","校正不要"
"非常勤","ひじょうきん","5級から","","","11149","国語辞典(JMdict)｜三字熟語","校正不要"
"傷害","しょうがい","5級から","","","11168","常用漢字表","校正不要"
"川上","かわかみ","6級から","","","11170","常用漢字表","校正不要"
"究明","きゅうめい","6級から","","","11175","常用漢字表","校正不要"
"社交","しゃこう","6級から","","","11176","常用漢字表","校正不要"
"愛着","あいちゃく","6級から","","あいちゃく / あいじゃく","11180","常用漢字表","校正不要"
"難易","なんい","5級から","","","11196","常用漢字表","校正不要"
"最前線","さいぜんせん","6級から","","","11211","国語辞典(JMdict)｜三字熟語","校正不要"
"小銭","こぜに","5級から","","","11222","常用漢字表","校正不要"
"着席","ちゃくせき","6級から","","","11233","国語辞典(JMdict)｜対義語・熟語の構成で使う語","校正不要"
"楽園","らくえん","6級から","","","11236","常用漢字表","校正不要"
"水田","すいでん","6級から","","すいでん / みずた","11237","常用漢字表","校正不要"
"夕日","ゆうひ","6級から","","ゆうひ / せきじつ","11240","常用漢字表","校正不要"
"尺度","しゃくど","5級から","","","11248","常用漢字表","校正不要"
"寸法","すんぽう","5級から","","","11249","常用漢字表","校正不要"
"接待","せったい","6級から","","","11279","常用漢字表","校正不要"
"染色","せんしょく","5級から","","","11308","常用漢字表","校正不要"
"大将","たいしょう","5級から","","たいしょう / だいしょう","11339","常用漢字表","校正不要"
"真夏","まなつ","6級から","","","11340","常用漢字表","校正不要"
"道徳的","どうとくてき","6級から","","","11341","国語辞典(JMdict)｜三字熟語","校正不要"
"望遠鏡","ぼうえんきょう","6級から","","","11343","常用漢字表","校正不要"
"静止","せいし","6級から","","","11381","常用漢字表","校正不要"
"忘年会","ぼうねんかい","5級から","","","11388","常用漢字表","校正不要"
"発作","ほっさ","6級から","","","11398","常用漢字表","校正不要"
"茶色","ちゃいろ","6級から","","","11405","常用漢字表","校正不要"
"届出","とどけで","5級から","","","11414","国語辞典(JMdict)｜要校正","★要校正"
"陛下","へいか","5級から","","","11421","常用漢字表","校正不要"
"冊子","さっし","5級から","","","11424","常用漢字表","校正不要"
"白黒","しろくろ","6級から","","","11466","常用漢字表","校正不要"
"赤外線","せきがいせん","6級から","","","11483","国語辞典(JMdict)｜三字熟語","校正不要"
"区画","くかく","6級から","","","11495","常用漢字表","校正不要"
"枚数","まいすう","5級から","","","11500","常用漢字表","校正不要"
"各省","かくしょう","6級から","","","11507","常用漢字表","校正不要"
"暗黒","あんこく","6級から","","","11508","常用漢字表","校正不要"
"遺言","ゆいごん","5級から","","ゆいごん / いごん / いげん","11519","常用漢字表","校正不要"
"面会","めんかい","6級から","","","11524","常用漢字表","校正不要"
"納入","のうにゅう","5級から","","","11529","常用漢字表","校正不要"
"県庁","けんちょう","5級から","","","11534","常用漢字表","校正不要"
"村長","そんちょう","6級から","","そんちょう / むらおさ","11553","常用漢字表","校正不要"
"断食","だんじき","6級から","","","11563","常用漢字表","校正不要"
"長文","ちょうぶん","6級から","","","11577","国語辞典(JMdict)｜対義語・熟語の構成で使う語","校正不要"
"有識者","ゆうしきしゃ","6級から","","","11594","国語辞典(JMdict)｜三字熟語","校正不要"
"宅地","たくち","5級から","","","11647","常用漢字表","校正不要"
"破損","はそん","6級から","","","11656","常用漢字表","校正不要"
"構内","こうない","6級から","","","11666","常用漢字表","校正不要"
"貯蔵","ちょぞう","5級から","","","11667","常用漢字表","校正不要"
"灰色","はいいろ","5級から","","はいいろ / かいしょく","11668","常用漢字表","校正不要"
"空軍","くうぐん","6級から","","","11704","常用漢字表","校正不要"
"仕事場","しごとば","6級から","","","11708","国語辞典(JMdict)｜三字熟語","校正不要"
"衣服","いふく","6級から","","","11753","常用漢字表","校正不要"
"一体化","いったいか","6級から","","","11759","国語辞典(JMdict)｜三字熟語","校正不要"
"注入","ちゅうにゅう","6級から","","","11777","常用漢字表","校正不要"
"万一","まんいち","6級から","","まんいち / ばんいち / まんいつ / ばんいつ","11828","常用漢字表","校正不要"
"賛美","さんび","6級から","","","11843","常用漢字表","校正不要"
"街頭","がいとう","6級から","","","11848","常用漢字表","校正不要"
"大小","だいしょう","6級から","","","11861","常用漢字表","校正不要"
"辞職","じしょく","6級から","","","11863","常用漢字表","校正不要"
"再検討","さいけんとう","5級から","","","11865","国語辞典(JMdict)｜三字熟語","校正不要"
"要点","ようてん","6級から","","","11921","常用漢字表","校正不要"
"初対面","しょたいめん","6級から","","しょたいめん / はつたいめん","11941","国語辞典(JMdict)｜三字熟語","校正不要"
"作詞","さくし","5級から","","","11952","常用漢字表","校正不要"
"代物","しろもの","6級から","","しろもの / だいぶつ","11956","常用漢字表","校正不要"
"少人数","しょうにんずう","6級から","","しょうにんずう / しょうにんず","11971","国語辞典(JMdict)｜三字熟語","校正不要"
"井戸","いど","6級から","","","11974","常用漢字表","校正不要"
"上京","じょうきょう","6級から","","","11987","常用漢字表","校正不要"
"図形","ずけい","6級から","","","11991","常用漢字表","校正不要"
"穀物","こくもつ","5級から","","","11992","常用漢字表","校正不要"
"蒸気","じょうき","5級から","","","12001","常用漢字表","校正不要"
"味覚","みかく","6級から","","","12021","常用漢字表","校正不要"
"樹立","じゅりつ","5級から","","","12032","常用漢字表","校正不要"
"米価","べいか","6級から","","","12037","常用漢字表","校正不要"
"空手","からて","6級から","","","12050","常用漢字表","校正不要"
"力量","りきりょう","6級から","","","12068","常用漢字表","校正不要"
"有志","ゆうし","6級から","","","12076","常用漢字表","校正不要"
"処女","しょじょ","5級から","","","12090","常用漢字表","校正不要"
"小児科","しょうにか","6級から","","","12099","常用漢字表","校正不要"
"派生","はせい","5級から","","","12104","常用漢字表","校正不要"
"量産","りょうさん","6級から","","","12125","常用漢字表","校正不要"
"旅人","たびびと","6級から","","たびびと / りょじん / たびと / たびにん","12137","常用漢字表","校正不要"
"保健所","ほけんじょ","6級から","","ほけんじょ / ほけんしょ","12144","国語辞典(JMdict)｜三字熟語","校正不要"
"来訪","らいほう","5級から","","","12170","常用漢字表","校正不要"
"空腹","くうふく","5級から","","","12174","常用漢字表","校正不要"
"縄文","じょうもん","6級から","","","12191","常用漢字表","校正不要"
"頭部","とうぶ","6級から","","","12211","常用漢字表","校正不要"
"不必要","ふひつよう","6級から","","","12212","国語辞典(JMdict)｜三字熟語","校正不要"
"時速","じそく","6級から","","","12234","常用漢字表","校正不要"
"代謝","たいしゃ","6級から","","","12256","常用漢字表","校正不要"
"保留","ほりゅう","6級から","","","12264","常用漢字表","校正不要"
"長老","ちょうろう","6級から","","","12267","常用漢字表","校正不要"
"書簡","しょかん","5級から","","","12268","常用漢字表","校正不要"
"未成年","みせいねん","6級から","","","12280","国語辞典(JMdict)｜三字熟語","校正不要"
"苦戦","くせん","6級から","","","12289","常用漢字表","校正不要"
"君主","くんしゅ","6級から","","","12294","常用漢字表","校正不要"
"能率","のうりつ","6級から","","","12300","常用漢字表","校正不要"
"星座","せいざ","5級から","","","12305","常用漢字表","校正不要"
"原型","げんけい","6級から","","","12325","常用漢字表","校正不要"
"電話機","でんわき","6級から","","","12372","国語辞典(JMdict)｜三字熟語","校正不要"
"小麦","こむぎ","6級から","","","12376","常用漢字表","校正不要"
"元来","がんらい","6級から","","","12408","常用漢字表","校正不要"
"照会","しょうかい","6級から","","","12430","常用漢字表","校正不要"
"磁気","じき","5級から","","","12431","常用漢字表","校正不要"
"愛読","あいどく","6級から","","","12438","常用漢字表","校正不要"
"停車","ていしゃ","6級から","","","12481","常用漢字表","校正不要"
"原材料","げんざいりょう","6級から","","","12483","国語辞典(JMdict)｜三字熟語","校正不要"
"風情","ふぜい","6級から","","ふぜい / ふうじょう","12484","常用漢字表","校正不要"
"格別","かくべつ","6級から","","","12493","国語辞典(JMdict)｜対義語・熟語の構成で使う語","校正不要"
"潮流","ちょうりゅう","5級から","","","12506","常用漢字表","校正不要"
"段落","だんらく","5級から","","","12528","常用漢字表","校正不要"
"不可解","ふかかい","6級から","","","12537","国語辞典(JMdict)｜三字熟語","校正不要"
"非常識","ひじょうしき","6級から","","","12538","国語辞典(JMdict)｜三字熟語","校正不要"
"筆記","ひっき","6級から","","","12541","常用漢字表","校正不要"
"快晴","かいせい","6級から","","","12548","常用漢字表","校正不要"
"続行","ぞっこう","6級から","","","12552","常用漢字表","校正不要"
"精進","しょうじん","6級から","","","12583","常用漢字表","校正不要"
"結束","けっそく","6級から","","","12587","常用漢字表","校正不要"
"指先","ゆびさき","6級から","","","12593","常用漢字表","校正不要"
"信徒","しんと","6級から","","","12596","常用漢字表","校正不要"
"定休","ていきゅう","6級から","","","12597","常用漢字表","校正不要"
"草案","そうあん","6級から","","","12616","常用漢字表","校正不要"
"均一","きんいつ","6級から","","きんいつ / きんいち","12628","常用漢字表","校正不要"
"極限","きょくげん","6級から","","","12645","常用漢字表","校正不要"
"幕末","ばくまつ","5級から","","","12649","常用漢字表","校正不要"
"風車","ふうしゃ","6級から","","ふうしゃ / かざぐるま","12662","常用漢字表","校正不要"
"洋楽","ようがく","6級から","","","12677","常用漢字表","校正不要"
"紅白","こうはく","5級から","","","12709","常用漢字表","校正不要"
"独断","どくだん","6級から","","","12728","常用漢字表","校正不要"
"伝授","でんじゅ","6級から","","","12749","常用漢字表","校正不要"
"事由","じゆう","6級から","","","12759","常用漢字表","校正不要"
"乗用車","じょうようしゃ","6級から","","","12762","国語辞典(JMdict)｜三字熟語","校正不要"
"養子","ようし","6級から","","","12770","常用漢字表","校正不要"
"志願","しがん","6級から","","","12783","常用漢字表","校正不要"
"原動力","げんどうりょく","6級から","","","12785","国語辞典(JMdict)｜三字熟語","校正不要"
"花束","はなたば","6級から","","","12803","常用漢字表","校正不要"
"愛犬","あいけん","6級から","","","12808","常用漢字表","校正不要"
"上着","うわぎ","6級から","","","12844","常用漢字表","校正不要"
"白紙","はくし","6級から","","はくし / しらかみ","12971","国語辞典(JMdict)｜対義語・熟語の構成で使う語","校正不要"
"座談","ざだん","5級から","","","13011","常用漢字表","校正不要"
"飼料","しりょう","6級から","","","13016","常用漢字表","校正不要"
"顔面","がんめん","6級から","","","13048","常用漢字表","校正不要"
"宗派","しゅうは","5級から","","","13051","常用漢字表","校正不要"
"熟練","じゅくれん","5級から","","","13055","常用漢字表","校正不要"
"伝記","でんき","6級から","","","13059","常用漢字表","校正不要"
"電灯","でんとう","6級から","","","13061","常用漢字表","校正不要"
"香水","こうすい","6級から","","こうすい / こうずい","13125","常用漢字表","校正不要"
"測量","そくりょう","6級から","","","13147","常用漢字表","校正不要"
"不都合","ふつごう","6級から","","","13151","国語辞典(JMdict)｜三字熟語","校正不要"
"境内","けいだい","6級から","","","13232","常用漢字表","校正不要"
"聖人","せいじん","5級から","","せいじん / しょうにん","13239","常用漢字表","校正不要"
"馬車","ばしゃ","6級から","","ばしゃ / うまぐるま","13249","常用漢字表","校正不要"
"植木","うえき","6級から","","","13257","常用漢字表","校正不要"
"不平等","ふびょうどう","6級から","","","13273","国語辞典(JMdict)｜三字熟語","校正不要"
"下流","かりゅう","6級から","","","13281","常用漢字表","校正不要"
"雑音","ざつおん","6級から","","","13317","常用漢字表","校正不要"
"憲章","けんしょう","5級から","","","13351","常用漢字表","校正不要"
"漁師","りょうし","6級から","","","13363","常用漢字表","校正不要"
"細工","さいく","6級から","","","13402","常用漢字表","校正不要"
"技師","ぎし","6級から","","","13409","常用漢字表","校正不要"
"鉱物","こうぶつ","6級から","","","13421","常用漢字表","校正不要"
"運河","うんが","6級から","","","13435","常用漢字表","校正不要"
"疑念","ぎねん","5級から","","","13442","常用漢字表","校正不要"
"兆候","ちょうこう","6級から","","","13443","常用漢字表","校正不要"
"各位","かくい","6級から","","","13457","常用漢字表","校正不要"
"北方","ほっぽう","6級から","","","13458","常用漢字表","校正不要"
"並列","へいれつ","5級から","","","13523","常用漢字表","校正不要"
"従属","じゅうぞく","5級から","","","13530","常用漢字表","校正不要"
"器用","きよう","6級から","","","13537","常用漢字表","校正不要"
"倍率","ばいりつ","6級から","","","13540","常用漢字表","校正不要"
"風力","ふうりょく","6級から","","","13566","常用漢字表","校正不要"
"感受性","かんじゅせい","6級から","","","13609","国語辞典(JMdict)｜三字熟語","校正不要"
"人情","にんじょう","6級から","","","13613","常用漢字表","校正不要"
"初夏","しょか","6級から","","しょか / はつなつ","13625","常用漢字表","校正不要"
"造船","ぞうせん","6級から","","","13653","常用漢字表","校正不要"
"小鳥","ことり","6級から","","","13666","常用漢字表","校正不要"
"消失","しょうしつ","6級から","","","13667","常用漢字表","校正不要"
"休養","きゅうよう","6級から","","","13671","常用漢字表","校正不要"
"満月","まんげつ","6級から","","","13679","常用漢字表","校正不要"
"正午","しょうご","6級から","","","13688","常用漢字表","校正不要"
"重点的","じゅうてんてき","6級から","","","13696","国語辞典(JMdict)｜三字熟語","校正不要"
"小冊子","しょうさっし","5級から","","","13709","国語辞典(JMdict)｜三字熟語","校正不要"
"東側","ひがしがわ","6級から","","","13713","常用漢字表","校正不要"
"雑草","ざっそう","6級から","","","13715","常用漢字表","校正不要"
"銭湯","せんとう","5級から","","","13742","常用漢字表","校正不要"
"不条理","ふじょうり","6級から","","","13753","国語辞典(JMdict)｜三字熟語","校正不要"
"供養","くよう","5級から","","","13803","常用漢字表","校正不要"
"強風","きょうふう","6級から","","","13832","常用漢字表","校正不要"
"喜劇","きげき","5級から","","","13838","常用漢字表","校正不要"
"存分","ぞんぶん","5級から","","","13848","常用漢字表","校正不要"
"断絶","だんぜつ","6級から","","","13851","常用漢字表","校正不要"
"金色","きんいろ","6級から","","きんいろ / こんじき / きんしょく / かないろ","13866","常用漢字表","校正不要"
"盛大","せいだい","5級から","","","13876","常用漢字表","校正不要"
"新入生","しんにゅうせい","6級から","","","13911","国語辞典(JMdict)｜三字熟語","校正不要"
"金魚","きんぎょ","6級から","","","13925","常用漢字表","校正不要"
"将校","しょうこう","5級から","","","13940","常用漢字表","校正不要"
"再三","さいさん","6級から","","","13948","常用漢字表","校正不要"
"物色","ぶっしょく","6級から","","","13967","常用漢字表","校正不要"
"街角","まちかど","6級から","","","13986","常用漢字表","校正不要"
"数式","すうしき","6級から","","","13994","常用漢字表","校正不要"
"不特定","ふとくてい","6級から","","","13996","国語辞典(JMdict)｜三字熟語","校正不要"
"体格","たいかく","6級から","","","14013","常用漢字表","校正不要"
"護衛","ごえい","6級から","","","14024","常用漢字表","校正不要"
"愛想","あいそ","6級から","","あいそ / あいそう","14033","常用漢字表","校正不要"
"矢印","やじるし","6級から","","","14048","常用漢字表","校正不要"
"発光","はっこう","6級から","","","14089","国語辞典(JMdict)｜対義語・熟語の構成で使う語","校正不要"
"短歌","たんか","6級から","","たんか / みじかうた","14091","常用漢字表","校正不要"
"元祖","がんそ","6級から","","","14110","常用漢字表","校正不要"
"一元化","いちげんか","6級から","","","14119","国語辞典(JMdict)｜三字熟語","校正不要"
"在留","ざいりゅう","6級から","","","14121","常用漢字表","校正不要"
"天文学","てんもんがく","6級から","","","14126","常用漢字表","校正不要"
"容姿","ようし","5級から","","","14132","常用漢字表","校正不要"
"問屋","とんや","6級から","","とんや / といや","14147","常用漢字表","校正不要"
"中庭","なかにわ","6級から","","","14153","常用漢字表","校正不要"
"希少","きしょう","6級から","","","14162","常用漢字表","校正不要"
"庁舎","ちょうしゃ","5級から","","","14171","常用漢字表","校正不要"
"大前提","だいぜんてい","6級から","","","14177","国語辞典(JMdict)｜三字熟語","校正不要"
"谷川","たにがわ","6級から","","","14203","常用漢字表","校正不要"
"敬遠","けいえん","5級から","","","14208","常用漢字表","校正不要"
"晴天","せいてん","6級から","","せいてん / せいでん","14229","常用漢字表","校正不要"
"否認","ひにん","5級から","","","14238","常用漢字表","校正不要"
"神宮","じんぐう","6級から","","","14249","常用漢字表","校正不要"
"短所","たんしょ","6級から","","","14280","常用漢字表","校正不要"
"府県","ふけん","6級から","","","14286","常用漢字表","校正不要"
"動脈","どうみゃく","6級から","","","14313","常用漢字表","校正不要"
"大木","たいぼく","6級から","","","14324","常用漢字表","校正不要"
"手形","てがた","6級から","","","14351","常用漢字表","校正不要"
"境地","きょうち","6級から","","","14371","常用漢字表","校正不要"
"不合理","ふごうり","6級から","","","14373","国語辞典(JMdict)｜三字熟語","校正不要"
"異変","いへん","5級から","","","14387","常用漢字表","校正不要"
"事物","じぶつ","6級から","","","14388","常用漢字表","校正不要"
"休息","きゅうそく","6級から","","","14421","常用漢字表","校正不要"
"特産","とくさん","6級から","","","14434","常用漢字表","校正不要"
"点灯","てんとう","6級から","","","14435","常用漢字表","校正不要"
"貧弱","ひんじゃく","6級から","","","14452","常用漢字表","校正不要"
"勤勉","きんべん","5級から","","","14464","常用漢字表","校正不要"
"生態学","せいたいがく","6級から","","","14465","国語辞典(JMdict)｜三字熟語","校正不要"
"昔話","むかしばなし","6級から","","","14468","常用漢字表","校正不要"
"圧巻","あっかん","5級から","","","14474","常用漢字表","校正不要"
"人妻","ひとづま","6級から","","","14491","常用漢字表","校正不要"
"改築","かいちく","6級から","","","14502","常用漢字表","校正不要"
"支度","したく","6級から","","","14515","常用漢字表","校正不要"
"冬季","とうき","6級から","","","14518","常用漢字表","校正不要"
"生誕","せいたん","5級から","","","14555","常用漢字表","校正不要"
"激動","げきどう","5級から","","","14563","常用漢字表","校正不要"
"土俵","どひょう","5級から","","","14572","常用漢字表","校正不要"
"起立","きりつ","6級から","","","14603","常用漢字表","校正不要"
"汽車","きしゃ","6級から","","","14604","常用漢字表","校正不要"
"海辺","うみべ","6級から","","うみべ / かいへん","14618","常用漢字表","校正不要"
"目印","めじるし","6級から","","","14620","常用漢字表","校正不要"
"坂道","さかみち","6級から","","","14675","常用漢字表","校正不要"
"係員","かかりいん","6級から","","","14677","常用漢字表","校正不要"
"勝敗","しょうはい","6級から","","","14679","常用漢字表","校正不要"
"野原","のはら","6級から","","","14685","常用漢字表","校正不要"
"無制限","むせいげん","6級から","","","14686","国語辞典(JMdict)｜三字熟語","校正不要"
"耕作","こうさく","6級から","","","14709","常用漢字表","校正不要"
"林業","りんぎょう","6級から","","","14714","常用漢字表","校正不要"
"集結","しゅうけつ","6級から","","","14716","常用漢字表","校正不要"
"現像","げんぞう","6級から","","","14718","常用漢字表","校正不要"
"名声","めいせい","6級から","","","14729","常用漢字表","校正不要"
"軽快","けいかい","6級から","","","14748","常用漢字表","校正不要"
"永続","えいぞく","6級から","","","14755","常用漢字表","校正不要"
"求職","きゅうしょく","6級から","","","14756","常用漢字表","校正不要"
"一安心","ひとあんしん","6級から","","","14758","国語辞典(JMdict)｜三字熟語","校正不要"
"小切手","こぎって","6級から","","","14770","常用漢字表","校正不要"
"成就","じょうじゅ","5級から","","","14778","常用漢字表","校正不要"
"察知","さっち","6級から","","","14787","常用漢字表","校正不要"
"音読","おんどく","6級から","","","14797","常用漢字表","校正不要"
"漁船","ぎょせん","6級から","","","14803","常用漢字表","校正不要"
"便乗","びんじょう","6級から","","","14820","常用漢字表","校正不要"
"対岸","たいがん","6級から","","","14831","常用漢字表","校正不要"
"図表","ずひょう","6級から","","","14832","常用漢字表","校正不要"
"借家","しゃくや","6級から","","しゃくや / しゃっか / かりや / かりいえ","14835","常用漢字表","校正不要"
"楽屋","がくや","6級から","","","14846","常用漢字表","校正不要"
"包囲","ほうい","6級から","","","14857","常用漢字表","校正不要"
"天地","てんち","6級から","","","14879","常用漢字表","校正不要"
"元素","げんそ","6級から","","","14881","常用漢字表","校正不要"
"非公式","ひこうしき","6級から","","","14893","国語辞典(JMdict)｜三字熟語","校正不要"
"問答","もんどう","6級から","","","14936","常用漢字表","校正不要"
"優勢","ゆうせい","5級から","","","14949","常用漢字表","校正不要"
"生理学","せいりがく","6級から","","","14986","国語辞典(JMdict)｜三字熟語","校正不要"
"大自然","だいしぜん","6級から","","","15018","国語辞典(JMdict)｜三字熟語","校正不要"
"不合格","ふごうかく","6級から","","","15020","国語辞典(JMdict)｜三字熟語","校正不要"
"仮処分","かりしょぶん","5級から","","","15044","常用漢字表","校正不要"
"根気","こんき","6級から","","","15055","常用漢字表","校正不要"
"流布","るふ","6級から","","","15088","常用漢字表","校正不要"
"採集","さいしゅう","6級から","","","15090","常用漢字表","校正不要"
"磁石","じしゃく","5級から","","じしゃく / じせき","15096","常用漢字表","校正不要"
"不器用","ぶきよう","6級から","","ぶきよう / ぶきっちょ","15098","国語辞典(JMdict)｜三字熟語","校正不要"
"未経験","みけいけん","6級から","","","15116","国語辞典(JMdict)｜三字熟語","校正不要"
"場内","じょうない","6級から","","","15132","常用漢字表","校正不要"
"軍備","ぐんび","6級から","","","15152","常用漢字表","校正不要"
"水族館","すいぞくかん","6級から","","すいぞくかん / すいぞっかん","15154","国語辞典(JMdict)｜三字熟語","校正不要"
"備考","びこう","6級から","","","15157","常用漢字表","校正不要"
"沿線","えんせん","5級から","","","15168","常用漢字表","校正不要"
"断層","だんそう","5級から","","","15202","常用漢字表","校正不要"
"黒板","こくばん","6級から","","","15208","常用漢字表","校正不要"
"時効","じこう","6級から","","","15212","常用漢字表","校正不要"
"極秘","ごくひ","5級から","","","15239","常用漢字表","校正不要"
"不景気","ふけいき","6級から","","","15261","国語辞典(JMdict)｜三字熟語","校正不要"
"伝言","でんごん","6級から","","でんごん / つてこと","15271","常用漢字表","校正不要"
"月給","げっきゅう","6級から","","","15285","常用漢字表","校正不要"
"増減","ぞうげん","6級から","","","15330","常用漢字表","校正不要"
"綿密","めんみつ","5級から","","","15331","常用漢字表","校正不要"
"機関車","きかんしゃ","6級から","","","15334","国語辞典(JMdict)｜三字熟語","校正不要"
"養育","よういく","6級から","","","15353","常用漢字表","校正不要"
"鳥居","とりい","6級から","","","15359","常用漢字表","校正不要"
"見聞","けんぶん","6級から","","けんぶん / けんもん","15362","常用漢字表","校正不要"
"率先","そっせん","6級から","","","15375","常用漢字表","校正不要"
"大佐","たいさ","6級から","","たいさ / だいさ","15377","常用漢字表","校正不要"
"緑茶","りょくちゃ","6級から","","","15378","常用漢字表","校正不要"
"松原","まつばら","6級から","","","15384","常用漢字表","校正不要"
"県議会","けんぎかい","6級から","","","15392","国語辞典(JMdict)｜三字熟語","校正不要"
"幹線","かんせん","6級から","","","15395","常用漢字表","校正不要"
"頭上","ずじょう","6級から","","","15399","常用漢字表","校正不要"
"等級","とうきゅう","6級から","","","15431","常用漢字表","校正不要"
"善悪","ぜんあく","5級から","","","15438","常用漢字表","校正不要"
"専属","せんぞく","5級から","","","15469","常用漢字表","校正不要"
"館内","かんない","6級から","","","15480","常用漢字表","校正不要"
"体裁","ていさい","5級から","","ていさい / たいさい","15494","常用漢字表","校正不要"
"悪人","あくにん","6級から","","","15500","国語辞典(JMdict)｜対義語・熟語の構成で使う語","校正不要"
"号泣","ごうきゅう","6級から","","","15505","常用漢字表","校正不要"
"花屋","はなや","6級から","","","15506","常用漢字表","校正不要"
"博覧","はくらん","5級から","","","15557","常用漢字表","校正不要"
"不毛","ふもう","6級から","","","15589","常用漢字表","校正不要"
"自分勝手","じぶんかって","6級から","","じぶんかって / じぶんがって","15590","国語辞典(JMdict)｜四字熟語","校正不要"
"査察","ささつ","6級から","","","15606","常用漢字表","校正不要"
"素顔","すがお","6級から","","","15652","常用漢字表","校正不要"
"車輪","しゃりん","6級から","","","15663","常用漢字表","校正不要"
"積雪","せきせつ","6級から","","","15693","常用漢字表","校正不要"
"打破","だは","6級から","","だは / たは","15764","常用漢字表","校正不要"
"小麦粉","こむぎこ","6級から","","","15772","常用漢字表","校正不要"
"効能","こうのう","6級から","","","15786","常用漢字表","校正不要"
"服従","ふくじゅう","5級から","","","15797","常用漢字表","校正不要"
"蔵書","ぞうしょ","5級から","","","15806","常用漢字表","校正不要"
"皇后","こうごう","5級から","","","15811","常用漢字表","校正不要"
"会食","かいしょく","6級から","","","15819","常用漢字表","校正不要"
"光線","こうせん","6級から","","","15849","常用漢字表","校正不要"
"人手","ひとで","6級から","","","15850","常用漢字表","校正不要"
"酸味","さんみ","6級から","","さんみ / すみ","15877","常用漢字表","校正不要"
"主食","しゅしょく","6級から","","","15881","国語辞典(JMdict)｜対義語・熟語の構成で使う語","校正不要"
"発刊","はっかん","6級から","","","15901","常用漢字表","校正不要"
"観覧","かんらん","5級から","","","15934","常用漢字表","校正不要"
"電報","でんぽう","6級から","","","15973","常用漢字表","校正不要"
"最下位","さいかい","6級から","","","15987","国語辞典(JMdict)｜三字熟語","校正不要"
"無差別","むさべつ","6級から","","","16005","国語辞典(JMdict)｜三字熟語","校正不要"
"仏像","ぶつぞう","6級から","","","16011","常用漢字表","校正不要"
"利己","りこ","5級から","","","16028","常用漢字表","校正不要"
"旅費","りょひ","6級から","","","16038","常用漢字表","校正不要"
"山脈","やまなみ","6級から","","やまなみ / さんみゃく","16046","常用漢字表","校正不要"
"近道","ちかみち","6級から","","","16073","常用漢字表","校正不要"
"探知","たんち","5級から","","","16076","常用漢字表","校正不要"
"血統","けっとう","6級から","","","16097","常用漢字表","校正不要"
"駅伝","えきでん","6級から","","","16099","常用漢字表","校正不要"
"農作物","のうさくぶつ","6級から","","のうさくぶつ / のうさくもつ","16122","国語辞典(JMdict)｜三字熟語","校正不要"
"水銀","すいぎん","6級から","","","16136","常用漢字表","校正不要"
"割愛","かつあい","5級から","","","16139","常用漢字表","校正不要"
"調印","ちょういん","6級から","","","16157","常用漢字表","校正不要"
"旅客","りょかく","6級から","","りょかく / りょきゃく","16204","常用漢字表","校正不要"
"河口","かこう","6級から","","かこう / かわぐち","16218","常用漢字表","校正不要"
"争議","そうぎ","6級から","","","16227","常用漢字表","校正不要"
"格子","こうし","6級から","","","16230","常用漢字表","校正不要"
"静脈","じょうみゃく","6級から","","","16243","常用漢字表","校正不要"
"足音","あしおと","6級から","","","16249","常用漢字表","校正不要"
"可用性","かようせい","6級から","","","16290","国語辞典(JMdict)｜三字熟語","校正不要"
"野鳥","やちょう","6級から","","","16327","常用漢字表","校正不要"
"方角","ほうがく","6級から","","","16371","常用漢字表","校正不要"
"北西","ほくせい","6級から","","","16376","常用漢字表","校正不要"
"非課税","ひかぜい","6級から","","","16438","国語辞典(JMdict)｜三字熟語","校正不要"
"乳児","にゅうじ","5級から","","","16448","常用漢字表","校正不要"
"疑似","ぎじ","5級から","","","16452","常用漢字表","校正不要"
"新米","しんまい","6級から","","","16454","常用漢字表","校正不要"
"海運","かいうん","6級から","","","16460","常用漢字表","校正不要"
"並木","なみき","5級から","","","16488","常用漢字表","校正不要"
"海水浴","かいすいよく","6級から","","","16511","常用漢字表","校正不要"
"高学年","こうがくねん","6級から","","","16512","国語辞典(JMdict)｜三字熟語","校正不要"
"人道的","じんどうてき","6級から","","","16521","国語辞典(JMdict)｜三字熟語","校正不要"
"右派","うは","5級から","","","16555","常用漢字表","校正不要"
"別冊","べっさつ","5級から","","","16563","常用漢字表","校正不要"
"主体性","しゅたいせい","6級から","","","16571","国語辞典(JMdict)｜三字熟語","校正不要"
"迷路","めいろ","6級から","","","16580","常用漢字表","校正不要"
"乗馬","じょうば","6級から","","","16593","常用漢字表","校正不要"
"版画","はんが","6級から","","","16607","常用漢字表","校正不要"
"高血圧","こうけつあつ","6級から","","","16645","国語辞典(JMdict)｜三字熟語","校正不要"
"大名","だいみょう","6級から","","","16646","常用漢字表","校正不要"
"主眼","しゅがん","6級から","","","16659","常用漢字表","校正不要"
"特技","とくぎ","6級から","","","16663","常用漢字表","校正不要"
"酒場","さかば","6級から","","","16701","常用漢字表","校正不要"
"告示","こくじ","6級から","","","16724","常用漢字表","校正不要"
"第一線","だいいっせん","6級から","","","16737","国語辞典(JMdict)｜三字熟語","校正不要"
"士官","しかん","6級から","","","16779","常用漢字表","校正不要"
"旅先","たびさき","6級から","","","16790","常用漢字表","校正不要"
"机上","きじょう","5級から","","","16798","常用漢字表","校正不要"
"君臨","くんりん","5級から","","","16807","常用漢字表","校正不要"
"定評","ていひょう","6級から","","","16808","常用漢字表","校正不要"
"商工会","しょうこうかい","6級から","","","16810","国語辞典(JMdict)｜三字熟語","校正不要"
"官能","かんのう","6級から","","","16846","常用漢字表","校正不要"
"研究者","けんきゅうしゃ","6級から","","","16857","国語辞典(JMdict)｜三字熟語","校正不要"
"形容","けいよう","6級から","","","16858","常用漢字表","校正不要"
"製作所","せいさくしょ","6級から","","せいさくしょ / せいさくじょ","16919","国語辞典(JMdict)｜三字熟語","校正不要"
"巻頭","かんとう","5級から","","","16933","常用漢字表","校正不要"
"注視","ちゅうし","5級から","","","16935","常用漢字表","校正不要"
"骨子","こっし","5級から","","","16937","常用漢字表","校正不要"
"車庫","しゃこ","6級から","","","16941","常用漢字表","校正不要"
"織物","おりもの","6級から","","","16972","常用漢字表","校正不要"
"工学科","こうがくか","6級から","","","16986","国語辞典(JMdict)｜三字熟語","校正不要"
"国宝","こくほう","5級から","","","16992","常用漢字表","校正不要"
"入港","にゅうこう","6級から","","","17018","国語辞典(JMdict)｜対義語・熟語の構成で使う語","校正不要"
"初年度","しょねんど","6級から","","","17035","国語辞典(JMdict)｜三字熟語","校正不要"
"頭文字","かしらもじ","6級から","","","17041","常用漢字表","校正不要"
"毛皮","けがわ","6級から","","けがわ / もうひ","17048","常用漢字表","校正不要"
"農耕","のうこう","6級から","","","17055","常用漢字表","校正不要"
"校庭","こうてい","6級から","","","17072","常用漢字表","校正不要"
"下山","げざん","6級から","","げざん / げさん","17079","国語辞典(JMdict)｜対義語・熟語の構成で使う語","校正不要"
"印刷物","いんさつぶつ","6級から","","","17082","国語辞典(JMdict)｜三字熟語","校正不要"
"改名","かいめい","6級から","","かいめい / かいみょう","17090","国語辞典(JMdict)｜対義語・熟語の構成で使う語","校正不要"
"至極","しごく","5級から","","","17093","常用漢字表","校正不要"
"肥大","ひだい","6級から","","","17128","常用漢字表","校正不要"
"新生児","しんせいじ","6級から","","","17135","国語辞典(JMdict)｜三字熟語","校正不要"
"遠足","えんそく","6級から","","","17155","常用漢字表","校正不要"
"内包","ないほう","6級から","","","17201","常用漢字表","校正不要"
"待合室","まちあいしつ","6級から","","","17221","国語辞典(JMdict)｜三字熟語","校正不要"
"最年少","さいねんしょう","6級から","","","17235","国語辞典(JMdict)｜三字熟語","校正不要"
"鉄筋","てっきん","5級から","","","17239","常用漢字表","校正不要"
"首席","しゅせき","6級から","","","17248","常用漢字表","校正不要"
"高分子","こうぶんし","6級から","","","17269","国語辞典(JMdict)｜三字熟語","校正不要"
"終日","しゅうじつ","6級から","","しゅうじつ / ひねもす / ひもすがら","17271","常用漢字表","校正不要"
"下見","したみ","6級から","","","17290","常用漢字表","校正不要"
"不本意","ふほんい","6級から","","","17312","国語辞典(JMdict)｜三字熟語","校正不要"
"破片","はへん","5級から","","","17344","常用漢字表","校正不要"
"胃腸","いちょう","5級から","","","17350","常用漢字表","校正不要"
"独禁法","どっきんほう","6級から","","","17369","国語辞典(JMdict)｜三字熟語","校正不要"
"不明確","ふめいかく","6級から","","","17375","国語辞典(JMdict)｜三字熟語","校正不要"
"不規則","ふきそく","6級から","","","17385","国語辞典(JMdict)｜三字熟語","校正不要"
"貧富","ひんぷ","6級から","","","17393","常用漢字表","校正不要"
"急務","きゅうむ","6級から","","","17431","常用漢字表","校正不要"
"一直線","いっちょくせん","6級から","","","17446","国語辞典(JMdict)｜三字熟語","校正不要"
"億万","おくまん","6級から","","","17450","常用漢字表","校正不要"
"丸太","まるた","6級から","","","17459","常用漢字表","校正不要"
"貸借","たいしゃく","6級から","","","17516","常用漢字表","校正不要"
"一筋","ひとすじ","5級から","","","17564","常用漢字表","校正不要"
"鉄板","てっぱん","6級から","","","17586","常用漢字表","校正不要"
"花園","はなぞの","6級から","","はなぞの / かえん","17593","常用漢字表","校正不要"
"夏季","かき","6級から","","かき / なつき","17629","常用漢字表","校正不要"
"探訪","たんぼう","5級から","","","17634","常用漢字表","校正不要"
"無防備","むぼうび","6級から","","","17642","国語辞典(JMdict)｜三字熟語","校正不要"
"塩分","えんぶん","6級から","","","17667","常用漢字表","校正不要"
"火薬","かやく","6級から","","","17673","常用漢字表","校正不要"
"後味","あとあじ","6級から","","","17686","常用漢字表","校正不要"
"油田","ゆでん","6級から","","","17710","常用漢字表","校正不要"
"生産物","せいさんぶつ","6級から","","","17719","国語辞典(JMdict)｜三字熟語","校正不要"
"新旧","しんきゅう","6級から","","","17733","常用漢字表","校正不要"
"電柱","でんちゅう","6級から","","","17734","常用漢字表","校正不要"
"未完成","みかんせい","6級から","","","17764","国語辞典(JMdict)｜三字熟語","校正不要"
"水色","みずいろ","6級から","","みずいろ / すいしょく","17813","常用漢字表","校正不要"
"子守","こもり","6級から","","","17829","常用漢字表","校正不要"
"公文書","こうぶんしょ","6級から","","","17851","国語辞典(JMdict)｜三字熟語","校正不要"
"収拾","しゅうしゅう","5級から","","","17853","常用漢字表","校正不要"
"通帳","つうちょう","6級から","","","17874","常用漢字表","校正不要"
"真正面","ましょうめん","6級から","","ましょうめん / まとも","17883","国語辞典(JMdict)｜三字熟語","校正不要"
"非合法","ひごうほう","6級から","","","17912","国語辞典(JMdict)｜三字熟語","校正不要"
"流星","りゅうせい","6級から","","","17946","常用漢字表","校正不要"
"暴言","ぼうげん","6級から","","","17967","常用漢字表","校正不要"
"下水","げすい","6級から","","げすい / したみず","17989","常用漢字表","校正不要"
"往来","おうらい","6級から","","","18005","常用漢字表","校正不要"
"思想家","しそうか","6級から","","","18009","国語辞典(JMdict)｜三字熟語","校正不要"
"細心","さいしん","6級から","","","18016","常用漢字表","校正不要"
"絶頂","ぜっちょう","5級から","","","18024","常用漢字表","校正不要"
"席上","せきじょう","6級から","","","18028","常用漢字表","校正不要"
"悪者","わるもの","6級から","","","18030","常用漢字表","校正不要"
"発芽","はつが","6級から","","","18037","常用漢字表","校正不要"
"動植物","どうしょくぶつ","6級から","","","18038","国語辞典(JMdict)｜三字熟語","校正不要"
"呼応","こおう","5級から","","","18057","常用漢字表","校正不要"
"競走","きょうそう","6級から","","","18063","常用漢字表","校正不要"
"通信員","つうしんいん","6級から","","","18130","国語辞典(JMdict)｜三字熟語","校正不要"
"相殺","そうさい","6級から","","そうさい / そうさつ","18134","常用漢字表","校正不要"
"父兄","ふけい","6級から","","","18152","常用漢字表","校正不要"
"足下","あしもと","6級から","","あしもと / そっか","18153","常用漢字表","校正不要"
"署長","しょちょう","5級から","","","18169","常用漢字表","校正不要"
"製鉄","せいてつ","6級から","","","18187","常用漢字表","校正不要"
"車窓","しゃそう","5級から","","","18213","常用漢字表","校正不要"
"横領","おうりょう","6級から","","","18229","常用漢字表","校正不要"
"領事館","りょうじかん","6級から","","","18232","国語辞典(JMdict)｜三字熟語","校正不要"
"危害","きがい","5級から","","","18233","常用漢字表","校正不要"
"開閉","かいへい","5級から","","","18235","国語辞典(JMdict)｜対義語・熟語の構成で使う語","校正不要"
"研修生","けんしゅうせい","6級から","","","18237","国語辞典(JMdict)｜三字熟語","校正不要"
"新聞紙","しんぶんし","6級から","","しんぶんし / しんぶんがみ","18269","常用漢字表","校正不要"
"洗面","せんめん","5級から","","","18271","常用漢字表","校正不要"
"欠損","けっそん","6級から","","","18293","常用漢字表","校正不要"
"高音","こうおん","6級から","","こうおん / たかね","18306","国語辞典(JMdict)｜対義語・熟語の構成で使う語","校正不要"
"極上","ごくじょう","6級から","","","18322","常用漢字表","校正不要"
"休職","きゅうしょく","6級から","","","18360","国語辞典(JMdict)｜対義語・熟語の構成で使う語","校正不要"
"母音","ぼいん","6級から","","ぼいん / ぼおん","18382","常用漢字表","校正不要"
"老若男女","ろうにゃくなんにょ","5級から","","ろうにゃくなんにょ / ろうじゃくだんじょ","18400","国語辞典(JMdict)｜四字熟語","校正不要"
"教習所","きょうしゅうじょ","6級から","","きょうしゅうじょ / きょうしゅうしょ","18403","国語辞典(JMdict)｜三字熟語","校正不要"
"地平線","ちへいせん","6級から","","","18410","国語辞典(JMdict)｜三字熟語","校正不要"
"度胸","どきょう","5級から","","","18451","常用漢字表","校正不要"
"島国","しまぐに","6級から","","しまぐに / とうごく","18481","常用漢字表","校正不要"
"二次会","にじかい","6級から","","","18489","国語辞典(JMdict)｜三字熟語","校正不要"
"右折","うせつ","6級から","","","18527","常用漢字表","校正不要"
"競輪","けいりん","6級から","","","18547","常用漢字表","校正不要"
"日課","にっか","6級から","","","18550","常用漢字表","校正不要"
"管制","かんせい","6級から","","","18556","常用漢字表","校正不要"
"灯台","とうだい","6級から","","","18568","常用漢字表","校正不要"
"早口","はやくち","6級から","","はやくち / はやぐち","18574","常用漢字表","校正不要"
"母性","ぼせい","6級から","","","18581","常用漢字表","校正不要"
"慣例","かんれい","6級から","","","18588","常用漢字表","校正不要"
"感傷","かんしょう","5級から","","","18604","常用漢字表","校正不要"
"消火","しょうか","6級から","","","18618","国語辞典(JMdict)｜対義語・熟語の構成で使う語","校正不要"
"従順","じゅうじゅん","5級から","","","18624","常用漢字表","校正不要"
"給水","きゅうすい","6級から","","","18633","常用漢字表","校正不要"
"裏面","うらめん","5級から","","うらめん / りめん","18648","常用漢字表","校正不要"
"送別","そうべつ","6級から","","","18685","常用漢字表","校正不要"
"前兆","ぜんちょう","6級から","","","18717","常用漢字表","校正不要"
"中高生","ちゅうこうせい","6級から","","","18748","国語辞典(JMdict)｜三字熟語","校正不要"
"最大手","さいおおて","6級から","","","18750","国語辞典(JMdict)｜三字熟語","校正不要"
"合奏","がっそう","5級から","","","18770","常用漢字表","校正不要"
"菜園","さいえん","6級から","","","18819","常用漢字表","校正不要"
"可否","かひ","5級から","","","18835","常用漢字表","校正不要"
"乳製品","にゅうせいひん","5級から","","","18852","国語辞典(JMdict)｜三字熟語","校正不要"
"粉末","ふんまつ","6級から","","","18867","常用漢字表","校正不要"
"役務","えきむ","6級から","","","18884","常用漢字表","校正不要"
"蒸発","じょうはつ","5級から","","","18895","常用漢字表","校正不要"
"広義","こうぎ","6級から","","","18913","常用漢字表","校正不要"
"災難","さいなん","5級から","","","18925","常用漢字表","校正不要"
"兵役","へいえき","6級から","","","18971","常用漢字表","校正不要"
"敵意","てきい","5級から","","","18985","常用漢字表","校正不要"
"区役所","くやくしょ","6級から","","","19005","国語辞典(JMdict)｜三字熟語","校正不要"
"交番","こうばん","6級から","","","19071","常用漢字表","校正不要"
"土砂","どしゃ","5級から","","どしゃ / どさ","19089","常用漢字表","校正不要"
"家主","やぬし","6級から","","やぬし / いえぬし / いえあるじ","19138","常用漢字表","校正不要"
"馬力","ばりき","6級から","","","19145","常用漢字表","校正不要"
"窓際","まどぎわ","5級から","","","19146","常用漢字表","校正不要"
"試験場","しけんじょう","6級から","","","19147","国語辞典(JMdict)｜三字熟語","校正不要"
"岩石","がんせき","6級から","","","19183","常用漢字表","校正不要"
"歯車","はぐるま","6級から","","","19189","常用漢字表","校正不要"
"全盛期","ぜんせいき","5級から","","","19193","国語辞典(JMdict)｜三字熟語","校正不要"
"議院","ぎいん","6級から","","","19195","常用漢字表","校正不要"
"側近","そっきん","6級から","","","19250","常用漢字表","校正不要"
"伝票","でんぴょう","6級から","","","19291","常用漢字表","校正不要"
"優等生","ゆうとうせい","5級から","","","19304","国語辞典(JMdict)｜三字熟語","校正不要"
"厳禁","げんきん","5級から","","","19306","常用漢字表","校正不要"
"共犯","きょうはん","6級から","","","19311","常用漢字表","校正不要"
"酒屋","さかや","6級から","","","19345","常用漢字表","校正不要"
"雑多","ざった","6級から","","","19377","常用漢字表","校正不要"
"旅客機","りょかくき","6級から","","りょかくき / りょかっき","19398","国語辞典(JMdict)｜三字熟語","校正不要"
"高地","こうち","6級から","","","19409","国語辞典(JMdict)｜対義語・熟語の構成で使う語","校正不要"
"損得","そんとく","6級から","","","19413","常用漢字表","校正不要"
"片側","かたがわ","5級から","","","19439","常用漢字表","校正不要"
"自尊心","じそんしん","5級から","","","19464","国語辞典(JMdict)｜三字熟語","校正不要"
"談笑","だんしょう","6級から","","","19540","常用漢字表","校正不要"
"無茶苦茶","むちゃくちゃ","6級から","","","19562","国語辞典(JMdict)｜四字熟語","校正不要"
"産卵","さんらん","5級から","","","19563","常用漢字表","校正不要"
"念仏","ねんぶつ","6級から","","","19590","常用漢字表","校正不要"
"再選","さいせん","6級から","","","19602","常用漢字表","校正不要"
"党派","とうは","5級から","","","19606","常用漢字表","校正不要"
"鉄則","てっそく","6級から","","","19619","常用漢字表","校正不要"
"銅像","どうぞう","6級から","","","19624","常用漢字表","校正不要"
"国際線","こくさいせん","6級から","","","19644","国語辞典(JMdict)｜三字熟語","校正不要"
"借用","しゃくよう","6級から","","","19681","常用漢字表","校正不要"
"公私","こうし","5級から","","","19682","常用漢字表","校正不要"
"用例","ようれい","6級から","","","19696","常用漢字表","校正不要"
"国内線","こくないせん","6級から","","","19746","国語辞典(JMdict)｜三字熟語","校正不要"
"刷新","さっしん","6級から","","","19756","常用漢字表","校正不要"
"深海","しんかい","6級から","","","19788","国語辞典(JMdict)｜対義語・熟語の構成で使う語","校正不要"
"乗船","じょうせん","6級から","","","19809","常用漢字表","校正不要"
"新緑","しんりょく","6級から","","","19816","常用漢字表","校正不要"
"苦心","くしん","6級から","","","19846","常用漢字表","校正不要"
"痛快","つうかい","5級から","","","19849","常用漢字表","校正不要"
"建立","こんりゅう","6級から","","こんりゅう / けんりつ","19909","常用漢字表","校正不要"
"縦横","じゅうおう","5級から","","じゅうおう / たてよこ","19932","常用漢字表","校正不要"
"小論文","しょうろんぶん","5級から","","","20000","国語辞典(JMdict)｜三字熟語","校正不要"
"大理石","だいりせき","6級から","","","20002","国語辞典(JMdict)｜三字熟語","校正不要"
"不正確","ふせいかく","6級から","","","20037","国語辞典(JMdict)｜三字熟語","校正不要"
"洗顔","せんがん","5級から","","","20051","国語辞典(JMdict)｜対義語・熟語の構成で使う語","校正不要"
"寒冷","かんれい","6級から","","","20056","常用漢字表","校正不要"
"声楽","せいがく","6級から","","","20061","常用漢字表","校正不要"
"未確認","みかくにん","5級から","","","20063","国語辞典(JMdict)｜三字熟語","校正不要"
"仕業","しわざ","6級から","","","20095","常用漢字表","校正不要"
"未解決","みかいけつ","6級から","","","20128","国語辞典(JMdict)｜三字熟語","校正不要"
"高台","たかだい","6級から","","","20162","常用漢字表","校正不要"
"短冊","たんざく","5級から","","","20167","常用漢字表","校正不要"
"辺境","へんきょう","6級から","","","20207","常用漢字表","校正不要"
"名画","めいが","6級から","","","20225","国語辞典(JMdict)｜対義語・熟語の構成で使う語","校正不要"
"院内","いんない","6級から","","","20291","常用漢字表","校正不要"
"横顔","よこがお","6級から","","","20313","常用漢字表","校正不要"
"金具","かなぐ","6級から","","","20317","常用漢字表","校正不要"
"漁港","ぎょこう","6級から","","","20355","常用漢字表","校正不要"
"組成","そせい","6級から","","","20356","常用漢字表","校正不要"
"向上心","こうじょうしん","6級から","","","20408","国語辞典(JMdict)｜三字熟語","校正不要"
"昼夜","ちゅうや","6級から","","","20423","常用漢字表","校正不要"
"禁物","きんもつ","6級から","","","20438","常用漢字表","校正不要"
"浴場","よくじょう","6級から","","","20447","常用漢字表","校正不要"
"乳首","ちくび","5級から","","ちくび / ちちくび","20455","常用漢字表","校正不要"
"不適当","ふてきとう","6級から","","","20490","国語辞典(JMdict)｜三字熟語","校正不要"
"後続","こうぞく","6級から","","","20491","常用漢字表","校正不要"
"自業自得","じごうじとく","6級から","","","20499","常用漢字表","校正不要"
"消息","しょうそく","6級から","","","20500","常用漢字表","校正不要"
"功名","こうみょう","6級から","","こうみょう / こうめい","20520","常用漢字表","校正不要"
"無所属","むしょぞく","6級から","","","20537","国語辞典(JMdict)｜三字熟語","校正不要"
"無礼","ぶれい","6級から","","ぶれい / なめ","20559","常用漢字表","校正不要"
"非線形","ひせんけい","6級から","","","20588","国語辞典(JMdict)｜三字熟語","校正不要"
"音頭","おんど","6級から","","","20589","常用漢字表","校正不要"
"際限","さいげん","6級から","","","20594","常用漢字表","校正不要"
"赤道","せきどう","6級から","","せきどう / あかみち / あかどう","20638","常用漢字表","校正不要"
"無気力","むきりょく","6級から","","","20642","国語辞典(JMdict)｜三字熟語","校正不要"
"京阪","けいはん","6級から","","","20655","常用漢字表","校正不要"
"四角","しかく","6級から","","","20678","常用漢字表","校正不要"
"大筋","おおすじ","5級から","","","20682","常用漢字表","校正不要"
"不注意","ふちゅうい","6級から","","","20710","国語辞典(JMdict)｜三字熟語","校正不要"
"幼虫","ようちゅう","5級から","","","20717","常用漢字表","校正不要"
"染料","せんりょう","5級から","","","20742","常用漢字表","校正不要"
"害虫","がいちゅう","6級から","","","20751","常用漢字表","校正不要"
"水深","すいしん","6級から","","","20775","常用漢字表","校正不要"
"小包","こづつみ","6級から","","","20813","常用漢字表","校正不要"
"境目","さかいめ","6級から","","","20823","常用漢字表","校正不要"
"頭金","あたまきん","6級から","","","20895","常用漢字表","校正不要"
"小心","しょうしん","6級から","","","20947","常用漢字表","校正不要"
"点火","てんか","6級から","","てんか / とぼし","20959","常用漢字表","校正不要"
"全盛","ぜんせい","5級から","","","21056","常用漢字表","校正不要"
"気体","きたい","6級から","","","21118","常用漢字表","校正不要"
"読本","とくほん","6級から","","とくほん / どくほん / よみほん","21152","常用漢字表","校正不要"
"太古","たいこ","6級から","","","21163","常用漢字表","校正不要"
"悪事","あくじ","6級から","","","21181","常用漢字表","校正不要"
"横暴","おうぼう","6級から","","","21196","常用漢字表","校正不要"
"線香","せんこう","6級から","","","21213","常用漢字表","校正不要"
"親身","しんみ","6級から","","","21236","常用漢字表","校正不要"
"灰皿","はいざら","5級から","","","21237","常用漢字表","校正不要"
"総務庁","そうむちょう","5級から","","","21245","国語辞典(JMdict)｜三字熟語","校正不要"
"遠出","とおで","6級から","","","21246","常用漢字表","校正不要"
"鼻血","はなぢ","6級から","","はなぢ / はなじ","21253","常用漢字表","校正不要"
"雨天","うてん","6級から","","","21257","常用漢字表","校正不要"
"水源","すいげん","5級から","","","21313","常用漢字表","校正不要"
"多目的","たもくてき","6級から","","","21322","国語辞典(JMdict)｜三字熟語","校正不要"
"干潟","ひがた","5級から","","","21323","常用漢字表","校正不要"
"通夜","つや","6級から","","つや / つうや","21324","常用漢字表","校正不要"
"不健康","ふけんこう","6級から","","","21329","国語辞典(JMdict)｜三字熟語","校正不要"
"眼球","がんきゅう","6級から","","","21342","常用漢字表","校正不要"
"強弱","きょうじゃく","6級から","","","21368","常用漢字表","校正不要"
"梨花","りか","6級から","","","21371","国語辞典(JMdict)｜要校正","校正不要"
"号外","ごうがい","6級から","","","21452","常用漢字表","校正不要"
"支柱","しちゅう","6級から","","","21458","常用漢字表","校正不要"
"古都","こと","6級から","","","21484","国語辞典(JMdict)｜対義語・熟語の構成で使う語","校正不要"
"策略","さくりゃく","5級から","","","21499","常用漢字表","校正不要"
"発育","はついく","6級から","","","21512","常用漢字表","校正不要"
"大腸","だいちょう","5級から","","だいちょう / おおわた","21565","常用漢字表","校正不要"
"妻子","さいし","6級から","","さいし / つまこ / めこ","21584","常用漢字表","校正不要"
"前代未聞","ぜんだいみもん","6級から","","","21625","常用漢字表","校正不要"
"右往左往","うおうさおう","6級から","","","21627","国語辞典(JMdict)｜四字熟語","校正不要"
"軽率","けいそつ","6級から","","","21629","常用漢字表","校正不要"
"弱小","じゃくしょう","6級から","","","21652","常用漢字表","校正不要"
"洗面所","せんめんじょ","5級から","","","21690","国語辞典(JMdict)｜三字熟語","校正不要"
"土産物","みやげもの","6級から","","","21701","国語辞典(JMdict)｜三字熟語","校正不要"
"牧草","ぼくそう","6級から","","","21736","常用漢字表","校正不要"
"指南","しなん","6級から","","","21788","常用漢字表","校正不要"
"雑穀","ざっこく","5級から","","","21795","常用漢字表","校正不要"
"最上階","さいじょうかい","6級から","","","21796","国語辞典(JMdict)｜三字熟語","校正不要"
"未亡人","みぼうじん","5級から","","みぼうじん / びぼうじん","21813","国語辞典(JMdict)｜三字熟語","校正不要"
"氷山","ひょうざん","6級から","","","21818","常用漢字表","校正不要"
"自由自在","じゆうじざい","6級から","","","21866","国語辞典(JMdict)｜四字熟語","校正不要"
"無表情","むひょうじょう","6級から","","","21949","国語辞典(JMdict)｜三字熟語","校正不要"
"訳文","やくぶん","5級から","","","21955","常用漢字表","校正不要"
"常備","じょうび","6級から","","","21964","常用漢字表","校正不要"
"開口","かいこう","6級から","","","21975","常用漢字表","校正不要"
"治水","ちすい","6級から","","","22004","常用漢字表","校正不要"
"漁村","ぎょそん","6級から","","","22013","常用漢字表","校正不要"
"論証","ろんしょう","5級から","","","22014","常用漢字表","校正不要"
"縦断","じゅうだん","5級から","","","22032","常用漢字表","校正不要"
"手品","てじな","6級から","","","22035","常用漢字表","校正不要"
"銀行員","ぎんこういん","6級から","","","22039","国語辞典(JMdict)｜三字熟語","校正不要"
"激増","げきぞう","5級から","","","22064","常用漢字表","校正不要"
"祝賀","しゅくが","6級から","","","22071","常用漢字表","校正不要"
"面目","めんぼく","6級から","","めんぼく / めんもく","22085","常用漢字表","校正不要"
"逆境","ぎゃっきょう","6級から","","","22102","常用漢字表","校正不要"
"高学歴","こうがくれき","6級から","","","22111","国語辞典(JMdict)｜三字熟語","校正不要"
"大義名分","たいぎめいぶん","6級から","","","22156","国語辞典(JMdict)｜四字熟語","校正不要"
"不可分","ふかぶん","6級から","","","22198","国語辞典(JMdict)｜三字熟語","校正不要"
"山林","さんりん","6級から","","","22199","常用漢字表","校正不要"
"手荷物","てにもつ","6級から","","","22201","国語辞典(JMdict)｜三字熟語","校正不要"
"塩味","しおあじ","6級から","","しおあじ / えんみ / しおみ","22204","常用漢字表","校正不要"
"四苦八苦","しくはっく","6級から","","","22214","国語辞典(JMdict)｜四字熟語","校正不要"
"家路","いえじ","6級から","","","22226","常用漢字表","校正不要"
"使者","ししゃ","6級から","","","22253","常用漢字表","校正不要"
"魚屋","さかなや","6級から","","","22258","常用漢字表","校正不要"
"挙手","きょしゅ","6級から","","","22300","常用漢字表","校正不要"
"半信半疑","はんしんはんぎ","5級から","","","22308","国語辞典(JMdict)｜四字熟語","校正不要"
"光明","こうみょう","6級から","","こうみょう / こうめい","22310","常用漢字表","校正不要"
"不用意","ふようい","6級から","","","22331","国語辞典(JMdict)｜三字熟語","校正不要"
"高周波","こうしゅうは","6級から","","","22415","国語辞典(JMdict)｜三字熟語","校正不要"
"変則","へんそく","6級から","","","22524","常用漢字表","校正不要"
"善処","ぜんしょ","5級から","","","22534","常用漢字表","校正不要"
"勉学","べんがく","6級から","","","22570","常用漢字表","校正不要"
"火花","ひばな","6級から","","","22581","常用漢字表","校正不要"
"肉親","にくしん","6級から","","","22633","常用漢字表","校正不要"
"混迷","こんめい","6級から","","","22636","常用漢字表","校正不要"
"温水","おんすい","6級から","","","22673","国語辞典(JMdict)｜対義語・熟語の構成で使う語","校正不要"
"味見","あじみ","6級から","","","22691","常用漢字表","校正不要"
"不可思議","ふかしぎ","6級から","","","22755","国語辞典(JMdict)｜四字熟語","校正不要"
"不得意","ふとくい","6級から","","","22756","国語辞典(JMdict)｜三字熟語","校正不要"
"紀元","きげん","6級から","","","22786","常用漢字表","校正不要"
"高水準","こうすいじゅん","6級から","","","22794","国語辞典(JMdict)｜三字熟語","校正不要"
"総動員","そうどういん","6級から","","","22812","国語辞典(JMdict)｜三字熟語","校正不要"
"春季","しゅんき","6級から","","","22820","常用漢字表","校正不要"
"女流","じょりゅう","6級から","","","22823","常用漢字表","校正不要"
"改宗","かいしゅう","5級から","","","22837","常用漢字表","校正不要"
"万年筆","まんねんひつ","6級から","","まんねんひつ / まんねんぴつ / まんねんふで","22842","常用漢字表","校正不要"
"明暗","めいあん","6級から","","","22862","常用漢字表","校正不要"
"指図","さしず","6級から","","","22875","常用漢字表","校正不要"
"高画質","こうがしつ","6級から","","","23013","国語辞典(JMdict)｜三字熟語","校正不要"
"陸地","りくち","6級から","","","23025","常用漢字表","校正不要"
"自他","じた","6級から","","","23041","常用漢字表","校正不要"
"発火","はっか","6級から","","","23055","常用漢字表","校正不要"
"公権力","こうけんりょく","5級から","","","23056","国語辞典(JMdict)｜三字熟語","校正不要"
"年功序列","ねんこうじょれつ","6級から","","","23066","国語辞典(JMdict)｜四字熟語","校正不要"
"流動的","りゅうどうてき","6級から","","","23074","国語辞典(JMdict)｜三字熟語","校正不要"
"門戸","もんこ","6級から","","","23090","常用漢字表","校正不要"
"二分","にぶん","6級から","","にぶん / にふん","23100","常用漢字表","校正不要"
"島民","とうみん","6級から","","","23124","常用漢字表","校正不要"
"名字","みょうじ","6級から","","","23132","常用漢字表","校正不要"
"半面","はんめん","6級から","","","23133","常用漢字表","校正不要"
"高金利","こうきんり","6級から","","","23142","国語辞典(JMdict)｜三字熟語","校正不要"
"力作","りきさく","6級から","","りきさく / りょくさく","23153","常用漢字表","校正不要"
"鋼鉄","こうてつ","5級から","","","23199","常用漢字表","校正不要"
"安否","あんぴ","5級から","","あんぴ / あんぷ / あんぶ / あんび","23225","常用漢字表","校正不要"
"色調","しきちょう","6級から","","","23228","常用漢字表","校正不要"
"自問自答","じもんじとう","6級から","","","23250","国語辞典(JMdict)｜四字熟語","校正不要"
"耕地","こうち","6級から","","","23275","常用漢字表","校正不要"
"出張所","しゅっちょうじょ","6級から","","","23314","国語辞典(JMdict)｜三字熟語","校正不要"
"金物","かなもの","6級から","","","23330","常用漢字表","校正不要"
"寄港","きこう","6級から","","","23339","常用漢字表","校正不要"
"和服","わふく","6級から","","","23359","常用漢字表","校正不要"
"上級生","じょうきゅうせい","6級から","","","23373","国語辞典(JMdict)｜三字熟語","校正不要"
"安静","あんせい","6級から","","","23392","常用漢字表","校正不要"
"材木","ざいもく","6級から","","","23446","常用漢字表","校正不要"
"高低","こうてい","6級から","","こうてい / たかひく","23458","常用漢字表","校正不要"
"梅酒","うめしゅ","6級から","","","23465","常用漢字表","校正不要"
"安住","あんじゅう","6級から","","","23524","常用漢字表","校正不要"
"旅券","りょけん","5級から","","","23561","常用漢字表","校正不要"
"謝礼","しゃれい","6級から","","","23605","常用漢字表","校正不要"
"熱湯","ねっとう","6級から","","ねっとう / あつゆ","23606","常用漢字表","校正不要"
"総意","そうい","6級から","","","23609","常用漢字表","校正不要"
"遠近","えんきん","6級から","","えんきん / おちこち","23630","常用漢字表","校正不要"
"史学","しがく","6級から","","","23631","常用漢字表","校正不要"
"域内","いきない","5級から","","","23633","常用漢字表","校正不要"
"密閉","みっぺい","5級から","","","23655","常用漢字表","校正不要"
"草花","くさばな","6級から","","くさばな / そうか","23669","常用漢字表","校正不要"
"年始","ねんし","6級から","","","23678","常用漢字表","校正不要"
"臨機応変","りんきおうへん","5級から","","","23679","国語辞典(JMdict)｜四字熟語","校正不要"
"作業場","さぎょうば","6級から","","","23688","国語辞典(JMdict)｜三字熟語","校正不要"
"洋風","ようふう","6級から","","","23736","常用漢字表","校正不要"
"信号機","しんごうき","6級から","","","23757","国語辞典(JMdict)｜三字熟語","校正不要"
"魚類","ぎょるい","6級から","","","23784","常用漢字表","校正不要"
"整列","せいれつ","6級から","","","23820","常用漢字表","校正不要"
"仮装","かそう","5級から","","","23838","常用漢字表","校正不要"
"簡便","かんべん","5級から","","","23868","常用漢字表","校正不要"
"引率","いんそつ","6級から","","","23872","常用漢字表","校正不要"
"毒舌","どくぜつ","5級から","","","23913","常用漢字表","校正不要"
"千差万別","せんさばんべつ","6級から","","せんさばんべつ / せんさまんべつ","23982","常用漢字表","校正不要"
"夏至","げし","5級から","","","23989","常用漢字表","校正不要"
"漢語","かんご","6級から","","","23994","常用漢字表","校正不要"
"無造作","むぞうさ","6級から","","","24021","国語辞典(JMdict)｜三字熟語","校正不要"
"障子","しょうじ","5級から","","","24028","常用漢字表","校正不要"
"出港","しゅっこう","6級から","","","24033","常用漢字表","校正不要"
"大司教","だいしきょう","6級から","","","24037","国語辞典(JMdict)｜三字熟語","校正不要"
"絵葉書","えはがき","6級から","","","24075","国語辞典(JMdict)｜三字熟語","校正不要"
"不参加","ふさんか","6級から","","","24125","国語辞典(JMdict)｜三字熟語","校正不要"
"一石二鳥","いっせきにちょう","6級から","","","24149","常用漢字表","校正不要"
"居室","きょしつ","6級から","","","24158","常用漢字表","校正不要"
"家政","かせい","6級から","","","24159","常用漢字表","校正不要"
"村落","そんらく","6級から","","","24179","常用漢字表","校正不要"
"空前","くうぜん","6級から","","","24213","常用漢字表","校正不要"
"好都合","こうつごう","6級から","","","24217","国語辞典(JMdict)｜三字熟語","校正不要"
"豊作","ほうさく","6級から","","","24235","常用漢字表","校正不要"
"自給自足","じきゅうじそく","6級から","","","24314","国語辞典(JMdict)｜四字熟語","校正不要"
"白米","はくまい","6級から","","はくまい / しらよね / しろごめ","24329","常用漢字表","校正不要"
"著述","ちょじゅつ","5級から","","","24382","常用漢字表","校正不要"
"降雨","こうう","5級から","","","24391","常用漢字表","校正不要"
"小石","こいし","6級から","","","24407","常用漢字表","校正不要"
"実録","じつろく","6級から","","","24424","常用漢字表","校正不要"
"歩道橋","ほどうきょう","6級から","","","24449","常用漢字表","校正不要"
"不信任","ふしんにん","6級から","","","24454","国語辞典(JMdict)｜三字熟語","校正不要"
"球技","きゅうぎ","6級から","","","24472","常用漢字表","校正不要"
"裏表","うらおもて","5級から","","","24477","常用漢字表","校正不要"
"閉幕","へいまく","5級から","","","24503","国語辞典(JMdict)｜対義語・熟語の構成で使う語","校正不要"
"閉口","へいこう","5級から","","","24684","常用漢字表","校正不要"
"三日月","みかづき","6級から","","みかづき / みかずき","24690","常用漢字表","校正不要"
"底力","そこぢから","6級から","","","24695","常用漢字表","校正不要"
"一人物","いちじんぶつ","6級から","","","24702","国語辞典(JMdict)｜三字熟語","校正不要"
"無神経","むしんけい","6級から","","","24706","国語辞典(JMdict)｜三字熟語","校正不要"
"農夫","のうふ","6級から","","","24707","常用漢字表","校正不要"
"礼賛","らいさん","6級から","","","24717","常用漢字表","校正不要"
"口笛","くちぶえ","6級から","","","24777","常用漢字表","校正不要"
"直筆","じきひつ","6級から","","じきひつ / ちょくひつ","24786","常用漢字表","校正不要"
"一期一会","いちごいちえ","6級から","","","24816","国語辞典(JMdict)｜四字熟語","校正不要"
"岐路","きろ","6級から","","きろ / えだみち","24843","常用漢字表","校正不要"
"子息","しそく","6級から","","","24860","常用漢字表","校正不要"
"鳥類","ちょうるい","6級から","","","24925","常用漢字表","校正不要"
"定規","じょうぎ","6級から","","","24952","常用漢字表","校正不要"
"歌曲","かきょく","6級から","","","24965","常用漢字表","校正不要"
"衣食住","いしょくじゅう","6級から","","","25013","常用漢字表","校正不要"
"進言","しんげん","6級から","","","25093","常用漢字表","校正不要"
"未完","みかん","6級から","","","25147","常用漢字表","校正不要"
"係争","けいそう","6級から","","","25178","常用漢字表","校正不要"
"羽毛","うもう","6級から","","","25206","常用漢字表","校正不要"
"増刷","ぞうさつ","6級から","","","25211","常用漢字表","校正不要"
"上人","しょうにん","6級から","","","25320","常用漢字表","校正不要"
"看病","かんびょう","5級から","","","25451","常用漢字表","校正不要"
"意気投合","いきとうごう","6級から","","","25485","国語辞典(JMdict)｜四字熟語","校正不要"
"石灰","せっかい","5級から","","せっかい / いしばい","25505","常用漢字表","校正不要"
"物音","ものおと","6級から","","","25543","常用漢字表","校正不要"
"卵巣","らんそう","5級から","","","25550","常用漢字表","校正不要"
"素性","すじょう","6級から","","すじょう / そせい","25561","常用漢字表","校正不要"
"始終","しじゅう","6級から","","","25609","常用漢字表","校正不要"
"土着","どちゃく","6級から","","","25661","常用漢字表","校正不要"
"変装","へんそう","5級から","","","25724","常用漢字表","校正不要"
"養蚕","ようさん","5級から","","","25780","常用漢字表","校正不要"
"口紅","くちべに","5級から","","","25813","常用漢字表","校正不要"
"居候","いそうろう","6級から","","","25864","常用漢字表","校正不要"
"仁義","じんぎ","5級から","","","25874","常用漢字表","校正不要"
"奮起","ふんき","5級から","","","25878","常用漢字表","校正不要"
"純真","じゅんしん","5級から","","","25885","常用漢字表","校正不要"
"大群","たいぐん","6級から","","","25972","常用漢字表","校正不要"
"神代","かみよ","6級から","","かみよ / じんだい / しんだい","25992","常用漢字表","校正不要"
"耳鼻科","じびか","6級から","","","26028","常用漢字表","校正不要"
"子弟","してい","6級から","","","26155","常用漢字表","校正不要"
"名札","なふだ","6級から","","","26164","常用漢字表","校正不要"
"表裏一体","ひょうりいったい","5級から","","","26198","国語辞典(JMdict)｜四字熟語","校正不要"
"鋼材","こうざい","5級から","","","26216","常用漢字表","校正不要"
"化身","けしん","6級から","","","26242","常用漢字表","校正不要"
"万国","ばんこく","6級から","","","26274","常用漢字表","校正不要"
"大判","おおばん","6級から","","","26280","常用漢字表","校正不要"
"就航","しゅうこう","5級から","","","26312","常用漢字表","校正不要"
"植樹","しょくじゅ","5級から","","","26321","常用漢字表","校正不要"
"郷里","きょうり","5級から","","きょうり / くに","26442","常用漢字表","校正不要"
"枝葉","えだは","6級から","","えだは / しよう","26474","常用漢字表","校正不要"
"陽光","ようこう","6級から","","","26478","常用漢字表","校正不要"
"竹林","ちくりん","6級から","","ちくりん / たけばやし","26497","常用漢字表","校正不要"
"白状","はくじょう","6級から","","","26565","常用漢字表","校正不要"
"首輪","くびわ","6級から","","","26640","常用漢字表","校正不要"
"三流","さんりゅう","6級から","","さんりゅう / さんる","26662","常用漢字表","校正不要"
"持久","じきゅう","6級から","","","26672","常用漢字表","校正不要"
"番人","ばんにん","6級から","","","26677","常用漢字表","校正不要"
"余興","よきょう","6級から","","","26690","常用漢字表","校正不要"
"岩場","いわば","6級から","","","26730","常用漢字表","校正不要"
"班長","はんちょう","5級から","","","26749","常用漢字表","校正不要"
"無愛想","ぶあいそう","6級から","","ぶあいそう / ぶあいそ","26767","常用漢字表","校正不要"
"内気","うちき","6級から","","","26774","常用漢字表","校正不要"
"素手","すで","6級から","","","26782","常用漢字表","校正不要"
"糖分","とうぶん","5級から","","","26794","常用漢字表","校正不要"
"沿革","えんかく","5級から","","","26811","常用漢字表","校正不要"
"北風","きたかぜ","6級から","","きたかぜ / ほくふう","26815","常用漢字表","校正不要"
"師事","しじ","6級から","","","26825","常用漢字表","校正不要"
"油絵","あぶらえ","6級から","","","26836","常用漢字表","校正不要"
"新案","しんあん","6級から","","","26851","常用漢字表","校正不要"
"組長","くみちょう","6級から","","","26874","常用漢字表","校正不要"
"旅路","たびじ","6級から","","","26909","常用漢字表","校正不要"
"慣性","かんせい","6級から","","","26929","常用漢字表","校正不要"
"誌面","しめん","5級から","","","26954","常用漢字表","校正不要"
"直立","ちょくりつ","6級から","","","27020","常用漢字表","校正不要"
"恩人","おんじん","5級から","","","27044","常用漢字表","校正不要"
"節句","せっく","6級から","","","27065","常用漢字表","校正不要"
"助力","じょりょく","6級から","","","27072","常用漢字表","校正不要"
"吸入","きゅうにゅう","5級から","","","27178","常用漢字表","校正不要"
"宮司","ぐうじ","6級から","","","27228","常用漢字表","校正不要"
"日常茶飯","にちじょうさはん","6級から","","","27245","国語辞典(JMdict)｜四字熟語","校正不要"
"枚挙","まいきょ","5級から","","","27276","常用漢字表","校正不要"
"炭火","すみび","6級から","","","27383","常用漢字表","校正不要"
"出納","すいとう","5級から","","","27452","常用漢字表","校正不要"
"一部始終","いちぶしじゅう","6級から","","","27483","国語辞典(JMdict)｜四字熟語","校正不要"
"城内","じょうない","6級から","","","27493","常用漢字表","校正不要"
"性分","しょうぶん","6級から","","","27533","常用漢字表","校正不要"
"秋季","しゅうき","6級から","","","27547","常用漢字表","校正不要"
"言語道断","ごんごどうだん","6級から","","","27560","国語辞典(JMdict)｜四字熟語","校正不要"
"針金","はりがね","5級から","","","27593","常用漢字表","校正不要"
"示談","じだん","6級から","","","27613","常用漢字表","校正不要"
"武勇","ぶゆう","6級から","","","27665","常用漢字表","校正不要"
"財宝","ざいほう","5級から","","","27688","常用漢字表","校正不要"
"温厚","おんこう","6級から","","","27807","常用漢字表","校正不要"
"平素","へいそ","6級から","","","27906","常用漢字表","校正不要"
"弱肉強食","じゃくにくきょうしょく","6級から","","","27968","国語辞典(JMdict)｜四字熟語","校正不要"
"形相","ぎょうそう","6級から","","ぎょうそう / けいそう","28020","常用漢字表","校正不要"
"奮発","ふんぱつ","5級から","","","28102","常用漢字表","校正不要"
"歩合","ぶあい","6級から","","","28142","常用漢字表","校正不要"
"進級","しんきゅう","6級から","","","28171","常用漢字表","校正不要"
"食塩","しょくえん","6級から","","","28254","常用漢字表","校正不要"
"帰納","きのう","5級から","","","28295","常用漢字表","校正不要"
"晩秋","ばんしゅう","5級から","","","28335","常用漢字表","校正不要"
"門外漢","もんがいかん","6級から","","","28345","常用漢字表","校正不要"
"護身","ごしん","6級から","","","28364","国語辞典(JMdict)｜対義語・熟語の構成で使う語","校正不要"
"風上","かざかみ","6級から","","","28381","常用漢字表","校正不要"
"縮図","しゅくず","5級から","","","28425","常用漢字表","校正不要"
"元日","がんじつ","6級から","","がんじつ / がんにち","28460","常用漢字表","校正不要"
"論戦","ろんせん","5級から","","","28515","常用漢字表","校正不要"
"原色","げんしょく","6級から","","","28539","常用漢字表","校正不要"
"職責","しょくせき","6級から","","","28560","常用漢字表","校正不要"
"毛糸","けいと","6級から","","","28565","常用漢字表","校正不要"
"城下町","じょうかまち","6級から","","","28586","常用漢字表","校正不要"
"引力","いんりょく","6級から","","","28597","常用漢字表","校正不要"
"多元","たげん","6級から","","","28651","常用漢字表","校正不要"
"流派","りゅうは","5級から","","","28668","常用漢字表","校正不要"
"号令","ごうれい","6級から","","","28689","常用漢字表","校正不要"
"誤植","ごしょく","5級から","","","28728","常用漢字表","校正不要"
"本尊","ほんぞん","5級から","","","28734","常用漢字表","校正不要"
"合点","がてん","6級から","","がてん / がってん / ごうてん","28761","常用漢字表","校正不要"
"冬至","とうじ","5級から","","","28794","常用漢字表","校正不要"
"円周","えんしゅう","6級から","","","28867","常用漢字表","校正不要"
"残余","ざんよ","6級から","","","28892","常用漢字表","校正不要"
"口述","こうじゅつ","6級から","","","28905","常用漢字表","校正不要"
"存亡","そんぼう","5級から","","","28906","常用漢字表","校正不要"
"夜半","やはん","6級から","","やはん / よわ","29048","常用漢字表","校正不要"
"進退","しんたい","5級から","","しんたい / しんだい","29061","常用漢字表","校正不要"
"片一方","かたいっぽう","5級から","","","29071","常用漢字表","校正不要"
"明星","みょうじょう","6級から","","","29129","常用漢字表","校正不要"
"初雪","はつゆき","6級から","","","29153","常用漢字表","校正不要"
"春夏秋冬","しゅんかしゅうとう","6級から","","","29174","国語辞典(JMdict)｜四字熟語","校正不要"
"残暑","ざんしょ","6級から","","","29189","常用漢字表","校正不要"
"雨季","うき","6級から","","","29244","常用漢字表","校正不要"
"度量","どりょう","6級から","","","29292","常用漢字表","校正不要"
"降雪","こうせつ","5級から","","","29314","常用漢字表","校正不要"
"庭先","にわさき","6級から","","","29335","常用漢字表","校正不要"
"石材","せきざい","6級から","","","29347","常用漢字表","校正不要"
"野性","やせい","6級から","","","29436","常用漢字表","校正不要"
"精米","せいまい","6級から","","","29442","常用漢字表","校正不要"
"桜花","おうか","6級から","","おうか / さくらばな","29530","常用漢字表","校正不要"
"隊列","たいれつ","6級から","","","29615","常用漢字表","校正不要"
"肉類","にくるい","6級から","","","29656","常用漢字表","校正不要"
"初耳","はつみみ","6級から","","","29668","常用漢字表","校正不要"
"死角","しかく","6級から","","","29669","常用漢字表","校正不要"
"雑木林","ぞうきばやし","6級から","","ぞうきばやし / ざつぼくりん","29690","常用漢字表","校正不要"
"家来","けらい","6級から","","","29729","常用漢字表","校正不要"
"再来週","さらいしゅう","6級から","","","29813","常用漢字表","校正不要"
"等分","とうぶん","6級から","","","29820","常用漢字表","校正不要"
"不純","ふじゅん","5級から","","","29844","常用漢字表","校正不要"
"皮革","ひかく","5級から","","","29852","常用漢字表","校正不要"
"表裏","ひょうり","5級から","","ひょうり / おもてうら","29869","常用漢字表","校正不要"
"街路樹","がいろじゅ","5級から","","","29876","常用漢字表","校正不要"
"快活","かいかつ","6級から","","","29904","常用漢字表","校正不要"
"会得","えとく","6級から","","","29946","常用漢字表","校正不要"
"鉄製","てっせい","6級から","","てっせい / てつせい","29979","常用漢字表","校正不要"
"菜食","さいしょく","6級から","","","30162","常用漢字表","校正不要"
"不協和音","ふきょうわおん","6級から","","","30226","国語辞典(JMdict)｜四字熟語","校正不要"
"市井","しせい","6級から","","しせい / いちい","30234","常用漢字表","校正不要"
"円柱","えんちゅう","6級から","","えんちゅう / まるばしら","30295","常用漢字表","校正不要"
"成仏","じょうぶつ","6級から","","","30314","常用漢字表","校正不要"
"救護","きゅうご","6級から","","","30395","常用漢字表","校正不要"
"干物","ほしもの","5級から","","ほしもの / ひもの / かんぶつ","30449","常用漢字表","校正不要"
"一朝一夕","いっちょういっせき","6級から","","","30459","常用漢字表","校正不要"
"鉄鉱","てっこう","6級から","","","30469","常用漢字表","校正不要"
"定石","じょうせき","6級から","","","30489","常用漢字表","校正不要"
"年頭","ねんとう","6級から","","ねんとう / としがしら","30500","常用漢字表","校正不要"
"落葉","おちば","6級から","","おちば / らくよう","30562","常用漢字表","校正不要"
"表札","ひょうさつ","6級から","","","30586","常用漢字表","校正不要"
"格式","かくしき","6級から","","かくしき / きゃくしき","30587","常用漢字表","校正不要"
"映写","えいしゃ","5級から","","","30628","常用漢字表","校正不要"
"散文","さんぶん","6級から","","","30634","常用漢字表","校正不要"
"装束","しょうぞく","5級から","","しょうぞく / そうぞく","30638","常用漢字表","校正不要"
"内省","ないせい","6級から","","","30684","常用漢字表","校正不要"
"実直","じっちょく","6級から","","","30688","常用漢字表","校正不要"
"美男","びなん","6級から","","びなん / びだん","30730","常用漢字表","校正不要"
"天女","てんにょ","6級から","","","30732","常用漢字表","校正不要"
"敬服","けいふく","5級から","","","30843","常用漢字表","校正不要"
"転出","てんしゅつ","6級から","","","30884","常用漢字表","校正不要"
"岸辺","きしべ","6級から","","","30885","常用漢字表","校正不要"
"実働","じつどう","6級から","","","30901","常用漢字表","校正不要"
"出入","しゅつにゅう","6級から","","","30930","常用漢字表","校正不要"
"改組","かいそ","6級から","","","30933","常用漢字表","校正不要"
"険悪","けんあく","6級から","","","30936","常用漢字表","校正不要"
"冷水","れいすい","6級から","","","30960","国語辞典(JMdict)｜対義語・熟語の構成で使う語","校正不要"
"交配","こうはい","6級から","","","31001","常用漢字表","校正不要"
"裏口","うらぐち","5級から","","","31026","常用漢字表","校正不要"
"転回","てんかい","6級から","","","31035","常用漢字表","校正不要"
"新芽","しんめ","6級から","","","31036","常用漢字表","校正不要"
"通読","つうどく","6級から","","","31042","常用漢字表","校正不要"
"心機一転","しんきいってん","6級から","","","31435","国語辞典(JMdict)｜四字熟語","校正不要"
"官憲","かんけん","5級から","","","31444","常用漢字表","校正不要"
"罪状","ざいじょう","6級から","","","31544","常用漢字表","校正不要"
"布地","ぬのじ","6級から","","ぬのじ / きれじ","31548","常用漢字表","校正不要"
"開口一番","かいこういちばん","6級から","","","31580","国語辞典(JMdict)｜四字熟語","校正不要"
"他力本願","たりきほんがん","6級から","","","31632","国語辞典(JMdict)｜四字熟語","校正不要"
"素足","すあし","6級から","","","31660","常用漢字表","校正不要"
"湖水","こすい","6級から","","","31681","常用漢字表","校正不要"
"英断","えいだん","6級から","","","31701","常用漢字表","校正不要"
"人望","じんぼう","6級から","","","31825","常用漢字表","校正不要"
"木立","こだち","6級から","","","31827","常用漢字表","校正不要"
"弓道","きゅうどう","6級から","","","31828","常用漢字表","校正不要"
"悪寒","おかん","6級から","","","31837","常用漢字表","校正不要"
"寄宿舎","きしゅくしゃ","6級から","","","31922","常用漢字表","校正不要"
"神主","かんぬし","6級から","","","31930","常用漢字表","校正不要"
"長短","ちょうたん","6級から","","","31937","常用漢字表","校正不要"
"四六時中","しろくじちゅう","6級から","","","31941","国語辞典(JMdict)｜四字熟語","校正不要"
"新語","しんご","6級から","","","32090","常用漢字表","校正不要"
"羊毛","ようもう","6級から","","","32190","常用漢字表","校正不要"
"一座","いちざ","5級から","","","32259","常用漢字表","校正不要"
"早晩","そうばん","5級から","","","32266","常用漢字表","校正不要"
"節操","せっそう","5級から","","","32310","常用漢字表","校正不要"
"自首","じしゅ","6級から","","","32342","常用漢字表","校正不要"
"徒党","ととう","5級から","","","32349","常用漢字表","校正不要"
"旗手","きしゅ","6級から","","","32406","常用漢字表","校正不要"
"名医","めいい","6級から","","","32417","常用漢字表","校正不要"
"潔白","けっぱく","6級から","","","32454","常用漢字表","校正不要"
"雨雲","あまぐも","6級から","","","32558","常用漢字表","校正不要"
"小皿","こざら","6級から","","","32583","国語辞典(JMdict)｜要校正","校正不要"
"不労所得","ふろうしょとく","6級から","","","32601","国語辞典(JMdict)｜四字熟語","校正不要"
"開眼","かいがん","6級から","","かいがん / かいげん","32609","常用漢字表","校正不要"
"林立","りんりつ","6級から","","","32612","常用漢字表","校正不要"
"再来年","さらいねん","6級から","","","32621","常用漢字表","校正不要"
"降参","こうさん","5級から","","","32625","常用漢字表","校正不要"
"曲面","きょくめん","6級から","","","32679","常用漢字表","校正不要"
"亡者","もうじゃ","5級から","","","32694","常用漢字表","校正不要"
"孝行","こうこう","5級から","","","32735","常用漢字表","校正不要"
"殺生","せっしょう","6級から","","","32842","常用漢字表","校正不要"
"灯火","とうか","6級から","","とうか / ともしび","32929","常用漢字表","校正不要"
"大黒柱","だいこくばしら","6級から","","","32954","常用漢字表","校正不要"
"局部","きょくぶ","6級から","","","32996","常用漢字表","校正不要"
"沿海","えんかい","5級から","","","33037","常用漢字表","校正不要"
"潮風","しおかぜ","5級から","","","33262","常用漢字表","校正不要"
"月見","つきみ","6級から","","","33301","常用漢字表","校正不要"
"型紙","かたがみ","6級から","","","33311","常用漢字表","校正不要"
"絵図","えず","6級から","","","33331","常用漢字表","校正不要"
"川岸","かわぎし","6級から","","","33378","常用漢字表","校正不要"
"処世","しょせい","5級から","","","33448","常用漢字表","校正不要"
"酒蔵","さかぐら","5級から","","","33481","常用漢字表","校正不要"
"一対","いっつい","6級から","","","33505","常用漢字表","校正不要"
"火山灰","かざんばい","5級から","","","33574","常用漢字表","校正不要"
"外道","げどう","6級から","","","33589","常用漢字表","校正不要"
"木炭","もくたん","6級から","","もくたん / きずみ","33617","常用漢字表","校正不要"
"適材適所","てきざいてきしょ","6級から","","","33651","国語辞典(JMdict)｜四字熟語","校正不要"
"義兄","ぎけい","6級から","","ぎけい / あに","33700","常用漢字表","校正不要"
"船頭","せんどう","6級から","","","33816","常用漢字表","校正不要"
"句読点","くとうてん","6級から","","","33906","常用漢字表","校正不要"
"親心","おやごころ","6級から","","","33986","常用漢字表","校正不要"
"赤土","あかつち","6級から","","","34015","常用漢字表","校正不要"
"形見","かたみ","6級から","","","34051","常用漢字表","校正不要"
"生糸","きいと","6級から","","","34069","常用漢字表","校正不要"
"湯治","とうじ","6級から","","","34113","常用漢字表","校正不要"
"花弁","かべん","6級から","","","34126","常用漢字表","校正不要"
"八方","はっぽう","6級から","","","34173","常用漢字表","校正不要"
"事実無根","じじつむこん","6級から","","","34229","国語辞典(JMdict)｜四字熟語","校正不要"
"台地","だいち","6級から","","","34280","常用漢字表","校正不要"
"客車","きゃくしゃ","6級から","","きゃくしゃ / かくしゃ","34314","常用漢字表","校正不要"
"大船","おおぶね","6級から","","おおぶね / おおふね / たいせん","34342","常用漢字表","校正不要"
"詩歌","しか","6級から","","","34367","常用漢字表","校正不要"
"宿屋","やどや","6級から","","","34408","常用漢字表","校正不要"
"奈落","ならく","6級から","","","34529","常用漢字表","校正不要"
"誠心誠意","せいしんせいい","5級から","","","34538","国語辞典(JMdict)｜四字熟語","校正不要"
"女心","おんなごころ","6級から","","","34604","常用漢字表","校正不要"
"月夜","つきよ","6級から","","つきよ / げつや","34618","常用漢字表","校正不要"
"一心不乱","いっしんふらん","5級から","","","34642","国語辞典(JMdict)｜四字熟語","校正不要"
"字句","じく","6級から","","","34669","常用漢字表","校正不要"
"全焼","ぜんしょう","6級から","","","34702","常用漢字表","校正不要"
"立春","りっしゅん","6級から","","","34730","常用漢字表","校正不要"
"雨戸","あまど","6級から","","","34745","常用漢字表","校正不要"
"夕立","ゆうだち","6級から","","","34832","常用漢字表","校正不要"
"一長一短","いっちょういったん","6級から","","","34841","国語辞典(JMdict)｜四字熟語","校正不要"
"墓穴","ぼけつ","5級から","","ぼけつ / はかあな","34852","常用漢字表","校正不要"
"衆生","しゅじょう","5級から","","しゅじょう / しゅうせい","34877","常用漢字表","校正不要"
"鉄橋","てっきょう","6級から","","","34901","常用漢字表","校正不要"
"大字","おおあざ","6級から","","おおあざ / だいじ","34906","常用漢字表","校正不要"
"自供","じきょう","5級から","","","34998","常用漢字表","校正不要"
"帰京","ききょう","6級から","","","35089","常用漢字表","校正不要"
"毒薬","どくやく","6級から","","","35092","常用漢字表","校正不要"
"弓矢","ゆみや","6級から","","ゆみや / きゅうし","35094","常用漢字表","校正不要"
"箱庭","はこにわ","6級から","","","35120","常用漢字表","校正不要"
"文武","ぶんぶ","6級から","","","35168","常用漢字表","校正不要"
"建議","けんぎ","6級から","","","35174","常用漢字表","校正不要"
"本望","ほんもう","6級から","","","35228","常用漢字表","校正不要"
"砂場","すなば","5級から","","","35292","常用漢字表","校正不要"
"納屋","なや","5級から","","","35295","常用漢字表","校正不要"
"張力","ちょうりょく","6級から","","","35360","常用漢字表","校正不要"
"底流","ていりゅう","6級から","","","35367","常用漢字表","校正不要"
"鉄棒","てつぼう","5級から","","","35370","常用漢字表","校正不要"
"毛虫","けむし","6級から","","","35371","常用漢字表","校正不要"
"純潔","じゅんけつ","5級から","","","35398","常用漢字表","校正不要"
"供物","くもつ","5級から","","","35443","常用漢字表","校正不要"
"女人","にょにん","6級から","","にょにん / じょじん","35450","常用漢字表","校正不要"
"祭礼","さいれい","6級から","","","35506","常用漢字表","校正不要"
"町会","ちょうかい","6級から","","","35509","常用漢字表","校正不要"
"国史","こくし","6級から","","","35517","常用漢字表","校正不要"
"頭角","とうかく","6級から","","","35580","常用漢字表","校正不要"
"七五三","しちごさん","6級から","","","35601","常用漢字表","校正不要"
"戸外","こがい","6級から","","","35735","常用漢字表","校正不要"
"守衛","しゅえい","6級から","","","35785","常用漢字表","校正不要"
"地階","ちかい","6級から","","","35806","常用漢字表","校正不要"
"雨量","うりょう","6級から","","","35883","常用漢字表","校正不要"
"北半球","きたはんきゅう","6級から","","","35900","常用漢字表","校正不要"
"赤飯","せきはん","6級から","","","35926","常用漢字表","校正不要"
"今昔","こんじゃく","6級から","","こんじゃく / こんせき","36013","常用漢字表","校正不要"
"害悪","がいあく","6級から","","","36078","常用漢字表","校正不要"
"眼力","がんりき","6級から","","がんりき / がんりょく","36079","常用漢字表","校正不要"
"西日","にしび","6級から","","にしび / せいにち","36094","常用漢字表","校正不要"
"給仕","きゅうじ","6級から","","","36190","常用漢字表","校正不要"
"法皇","ほうおう","5級から","","","36212","常用漢字表","校正不要"
"液状","えきじょう","6級から","","","36238","常用漢字表","校正不要"
"一問一答","いちもんいっとう","6級から","","","36277","国語辞典(JMdict)｜四字熟語","校正不要"
"船旅","ふなたび","6級から","","","36332","常用漢字表","校正不要"
"因果応報","いんがおうほう","6級から","","","36347","国語辞典(JMdict)｜四字熟語","校正不要"
"必定","ひつじょう","6級から","","","36385","常用漢字表","校正不要"
"十人十色","じゅうにんといろ","6級から","","","36412","国語辞典(JMdict)｜四字熟語","校正不要"
"一念発起","いちねんほっき","6級から","","","36522","国語辞典(JMdict)｜四字熟語","校正不要"
"青銅","せいどう","6級から","","","36534","常用漢字表","校正不要"
"尊大","そんだい","5級から","","","36547","常用漢字表","校正不要"
"容態","ようだい","6級から","","ようだい / ようたい","36559","常用漢字表","校正不要"
"起承転結","きしょうてんけつ","5級から","","","36576","国語辞典(JMdict)｜四字熟語","校正不要"
"胸中","きょうちゅう","5級から","","","36579","常用漢字表","校正不要"
"一夫多妻","いっぷたさい","6級から","","","36582","国語辞典(JMdict)｜四字熟語","校正不要"
"質屋","しちや","6級から","","","36637","常用漢字表","校正不要"
"番茶","ばんちゃ","6級から","","","36714","常用漢字表","校正不要"
"真紅","しんく","5級から","","","36734","常用漢字表","校正不要"
"逆上","ぎゃくじょう","6級から","","","36755","常用漢字表","校正不要"
"言行","げんこう","6級から","","","36756","常用漢字表","校正不要"
"松林","まつばやし","6級から","","","36760","常用漢字表","校正不要"
"球形","きゅうけい","6級から","","","36772","常用漢字表","校正不要"
"正誤","せいご","5級から","","","36815","常用漢字表","校正不要"
"徒労","とろう","6級から","","","36838","常用漢字表","校正不要"
"銀貨","ぎんか","6級から","","","36843","常用漢字表","校正不要"
"真昼","まひる","6級から","","","36844","常用漢字表","校正不要"
"白昼","はくちゅう","6級から","","","36857","常用漢字表","校正不要"
"門下生","もんかせい","6級から","","","36881","常用漢字表","校正不要"
"修養","しゅうよう","6級から","","","36915","常用漢字表","校正不要"
"採光","さいこう","6級から","","","36971","常用漢字表","校正不要"
"一輪","いちりん","6級から","","","36998","常用漢字表","校正不要"
"計略","けいりゃく","6級から","","","37191","常用漢字表","校正不要"
"単刀直入","たんとうちょくにゅう","6級から","","","37198","国語辞典(JMdict)｜四字熟語","校正不要"
"一進一退","いっしんいったい","5級から","","","37235","国語辞典(JMdict)｜四字熟語","校正不要"
"深山","みやま","6級から","","みやま / しんざん","37238","常用漢字表","校正不要"
"義妹","ぎまい","6級から","","","37408","常用漢字表","校正不要"
"器量","きりょう","6級から","","","37448","常用漢字表","校正不要"
"工面","くめん","6級から","","くめん / ぐめん","37530","常用漢字表","校正不要"
"絶体絶命","ぜったいぜつめい","6級から","","","37555","国語辞典(JMdict)｜四字熟語","校正不要"
"一巻","いっかん","5級から","","いっかん / ひとまき / いちまき","37675","常用漢字表","校正不要"
"天変地異","てんぺんちい","5級から","","","37732","国語辞典(JMdict)｜四字熟語","校正不要"
"川下","かわしも","6級から","","","37795","常用漢字表","校正不要"
"新妻","にいづま","6級から","","","37891","常用漢字表","校正不要"
"製糖","せいとう","5級から","","","37949","常用漢字表","校正不要"
"権現","ごんげん","5級から","","","38015","常用漢字表","校正不要"
"唱歌","しょうか","6級から","","しょうか / しょうが","38076","常用漢字表","校正不要"
"風雲","ふううん","6級から","","ふううん / かざぐも / かぜくも","38101","常用漢字表","校正不要"
"寒空","さむぞら","6級から","","","38124","常用漢字表","校正不要"
"円熟","えんじゅく","5級から","","","38183","常用漢字表","校正不要"
"権化","ごんげ","5級から","","","38304","常用漢字表","校正不要"
"岩塩","がんえん","6級から","","がんえん / いわしお","38398","常用漢字表","校正不要"
"義弟","ぎてい","6級から","","","38441","常用漢字表","校正不要"
"筆舌","ひつぜつ","5級から","","","38535","常用漢字表","校正不要"
"富国強兵","ふこくきょうへい","6級から","","","38555","国語辞典(JMdict)｜四字熟語","校正不要"
"米作","べいさく","6級から","","","38561","常用漢字表","校正不要"
"滋養","じよう","6級から","","","38678","常用漢字表","校正不要"
"晴耕雨読","せいこううどく","6級から","","","38722","国語辞典(JMdict)｜四字熟語","校正不要"
"社寺","しゃじ","6級から","","","38806","常用漢字表","校正不要"
"悲喜","ひき","6級から","","","39034","常用漢字表","校正不要"
"初夢","はつゆめ","6級から","","","39079","常用漢字表","校正不要"
"歴訪","れきほう","5級から","","","39085","常用漢字表","校正不要"
"旧道","きゅうどう","6級から","","","39172","常用漢字表","校正不要"
"樹皮","じゅひ","5級から","","","39185","常用漢字表","校正不要"
"明朗","めいろう","5級から","","","39193","常用漢字表","校正不要"
"並立","へいりつ","5級から","","","39219","常用漢字表","校正不要"
"所望","しょもう","6級から","","","39265","常用漢字表","校正不要"
"弱虫","よわむし","6級から","","","39305","常用漢字表","校正不要"
"不老不死","ふろうふし","6級から","","","39309","国語辞典(JMdict)｜四字熟語","校正不要"
"点呼","てんこ","5級から","","","39505","常用漢字表","校正不要"
"治外法権","ちがいほうけん","5級から","","","39601","国語辞典(JMdict)｜四字熟語","校正不要"
"追試","ついし","6級から","","","39656","常用漢字表","校正不要"
"点線","てんせん","6級から","","","39692","常用漢字表","校正不要"
"異口同音","いくどうおん","5級から","","いくどうおん / いこうどうおん","39759","常用漢字表","校正不要"
"無比","むひ","6級から","","","39760","常用漢字表","校正不要"
"以心伝心","いしんでんしん","6級から","","","39840","国語辞典(JMdict)｜四字熟語","校正不要"
"七福神","しちふくじん","6級から","","","39843","常用漢字表","校正不要"
"大皿","おおざら","6級から","","","39901","国語辞典(JMdict)｜要校正","校正不要"
"子宝","こだから","5級から","","","40037","常用漢字表","校正不要"
"東宮","とうぐう","6級から","","","40041","常用漢字表","校正不要"
"知己","ちき","5級から","","","40077","常用漢字表","校正不要"
"絶食","ぜっしょく","6級から","","","40078","常用漢字表","校正不要"
"童顔","どうがん","6級から","","","40107","常用漢字表","校正不要"
"秒速","びょうそく","6級から","","","40117","常用漢字表","校正不要"
"常夏","とこなつ","6級から","","","40133","常用漢字表","校正不要"
"捨象","しゃしょう","5級から","","","40296","常用漢字表","校正不要"
"美点","びてん","6級から","","","40340","国語辞典(JMdict)｜対義語・熟語の構成で使う語","校正不要"
"写経","しゃきょう","6級から","","","40342","常用漢字表","校正不要"
"豊満","ほうまん","6級から","","","40346","常用漢字表","校正不要"
"日進月歩","にっしんげっぽ","6級から","","","40352","国語辞典(JMdict)｜四字熟語","校正不要"
"童心","どうしん","6級から","","","40359","常用漢字表","校正不要"
"大枚","たいまい","5級から","","","40370","常用漢字表","校正不要"
"玉座","ぎょくざ","5級から","","","40372","常用漢字表","校正不要"
"敵役","かたきやく","5級から","","かたきやく / てきやく","40387","常用漢字表","校正不要"
"立身出世","りっしんしゅっせ","6級から","","","40407","国語辞典(JMdict)｜四字熟語","校正不要"
"臣下","しんか","6級から","","","40501","常用漢字表","校正不要"
"厚紙","あつがみ","6級から","","","40511","常用漢字表","校正不要"
"四方八方","しほうはっぽう","6級から","","","40539","国語辞典(JMdict)｜四字熟語","校正不要"
"雨具","あまぐ","6級から","","","40601","常用漢字表","校正不要"
"板前","いたまえ","6級から","","","40636","常用漢字表","校正不要"
"満潮","まんちょう","5級から","","まんちょう / みちしお","40641","常用漢字表","校正不要"
"六法","ろっぽう","6級から","","","40660","常用漢字表","校正不要"
"羽化","うか","6級から","","","40699","常用漢字表","校正不要"
"句集","くしゅう","6級から","","","40747","常用漢字表","校正不要"
"羽衣","はごろも","6級から","","はごろも / うい","40768","常用漢字表","校正不要"
"才覚","さいかく","6級から","","","40866","常用漢字表","校正不要"
"力仕事","ちからしごと","6級から","","","40893","常用漢字表","校正不要"
"使役","しえき","6級から","","","40927","常用漢字表","校正不要"
"後刻","ごこく","5級から","","","40936","常用漢字表","校正不要"
"絵馬","えま","6級から","","えま / えうま","41004","常用漢字表","校正不要"
"質実","しつじつ","6級から","","","41037","常用漢字表","校正不要"
"天下一品","てんかいっぴん","6級から","","","41131","国語辞典(JMdict)｜四字熟語","校正不要"
"座右","ざゆう","5級から","","ざゆう / ざう","41164","常用漢字表","校正不要"
"塩酸","えんさん","6級から","","","41262","常用漢字表","校正不要"
"図画","ずが","6級から","","ずが / とが","41266","常用漢字表","校正不要"
"汽笛","きてき","6級から","","","41299","常用漢字表","校正不要"
"来歴","らいれき","6級から","","","41312","常用漢字表","校正不要"
"適否","てきひ","5級から","","","41357","常用漢字表","校正不要"
"口絵","くちえ","6級から","","","41373","常用漢字表","校正不要"
"黒白","くろしろ","6級から","","くろしろ / こくはく / こくびゃく","41448","常用漢字表","校正不要"
"一刀両断","いっとうりょうだん","6級から","","","41568","国語辞典(JMdict)｜四字熟語","校正不要"
"小春日和","こはるびより","6級から","","","41574","国語辞典(JMdict)｜四字熟語","校正不要"
"諸行無常","しょぎょうむじょう","5級から","","","41591","国語辞典(JMdict)｜四字熟語","校正不要"
"条理","じょうり","6級から","","","41622","常用漢字表","校正不要"
"分家","ぶんけ","6級から","","","41627","常用漢字表","校正不要"
"旅情","りょじょう","6級から","","","41637","常用漢字表","校正不要"
"納戸","なんど","5級から","","","41650","常用漢字表","校正不要"
"我流","がりゅう","5級から","","","41744","常用漢字表","校正不要"
"卵黄","らんおう","5級から","","","41766","常用漢字表","校正不要"
"行幸","ぎょうこう","6級から","","ぎょうこう / みゆき / ぎょうごう","41785","常用漢字表","校正不要"
"群青","ぐんじょう","6級から","","","41879","常用漢字表","校正不要"
"麦芽","ばくが","6級から","","","41923","常用漢字表","校正不要"
"血眼","ちまなこ","6級から","","ちまなこ / ちめ","41951","常用漢字表","校正不要"
"久遠","くおん","6級から","","くおん / きゅうえん","42073","常用漢字表","校正不要"
"湯水","ゆみず","6級から","","","42081","常用漢字表","校正不要"
"陸橋","りっきょう","6級から","","りっきょう / りくきょう","42086","常用漢字表","校正不要"
"競泳","きょうえい","6級から","","","42185","常用漢字表","校正不要"
"明月","めいげつ","6級から","","","42219","常用漢字表","校正不要"
"正副","せいふく","6級から","","","42263","常用漢字表","校正不要"
"客間","きゃくま","6級から","","","42268","常用漢字表","校正不要"
"軽重","けいちょう","6級から","","けいちょう / けいじゅう","42270","国語辞典(JMdict)｜対義語・熟語の構成で使う語","校正不要"
"苦楽","くらく","6級から","","","42285","国語辞典(JMdict)｜対義語・熟語の構成で使う語","校正不要"
"博識","はくしき","6級から","","","42320","常用漢字表","校正不要"
"無我夢中","むがむちゅう","5級から","","","42450","国語辞典(JMdict)｜四字熟語","校正不要"
"駅長","えきちょう","6級から","","","42471","常用漢字表","校正不要"
"温故知新","おんこちしん","6級から","","","42474","国語辞典(JMdict)｜四字熟語","校正不要"
"警笛","けいてき","5級から","","","42480","常用漢字表","校正不要"
"流転","るてん","6級から","","るてん / りゅうてん","42779","常用漢字表","校正不要"
"下戸","げこ","6級から","","","42795","常用漢字表","校正不要"
"大漁","たいりょう","6級から","","たいりょう / たいぎょ","42824","常用漢字表","校正不要"
"八方美人","はっぽうびじん","6級から","","","42880","国語辞典(JMdict)｜四字熟語","校正不要"
"南無","なむ","6級から","","なむ / なも","42886","常用漢字表","校正不要"
"望郷","ぼうきょう","5級から","","","43098","常用漢字表","校正不要"
"功徳","くどく","6級から","","","43207","常用漢字表","校正不要"
"黒星","くろぼし","6級から","","","43214","常用漢字表","校正不要"
"去来","きょらい","6級から","","","43252","国語辞典(JMdict)｜対義語・熟語の構成で使う語","校正不要"
"純金","じゅんきん","5級から","","","43255","常用漢字表","校正不要"
"夜店","よみせ","6級から","","","43275","常用漢字表","校正不要"
"畑作","はたさく","6級から","","","43295","常用漢字表","校正不要"
"密約","みつやく","5級から","","","43298","常用漢字表","校正不要"
"遊牧","ゆうぼく","6級から","","","43397","常用漢字表","校正不要"
"桜色","さくらいろ","6級から","","","43442","常用漢字表","校正不要"
"紙片","しへん","5級から","","","43449","常用漢字表","校正不要"
"麦畑","むぎばたけ","6級から","","","43465","常用漢字表","校正不要"
"染織","せんしょく","5級から","","","43487","常用漢字表","校正不要"
"品評","ひんぴょう","6級から","","","43543","常用漢字表","校正不要"
"乳歯","にゅうし","5級から","","","43616","常用漢字表","校正不要"
"起死回生","きしかいせい","6級から","","","43690","国語辞典(JMdict)｜四字熟語","校正不要"
"空色","そらいろ","6級から","","","43808","常用漢字表","校正不要"
"夏服","なつふく","6級から","","","44097","常用漢字表","校正不要"
"織機","しょっき","6級から","","しょっき / おりき","44181","常用漢字表","校正不要"
"八重桜","やえざくら","6級から","","","44249","常用漢字表","校正不要"
"粉雪","こなゆき","6級から","","こなゆき / こゆき","44254","常用漢字表","校正不要"
"家元","いえもと","6級から","","","44282","常用漢字表","校正不要"
"防備","ぼうび","6級から","","","44285","常用漢字表","校正不要"
"一本調子","いっぽんぢょうし","6級から","","いっぽんぢょうし / いっぽんちょうし","44332","国語辞典(JMdict)｜四字熟語","校正不要"
"秒針","びょうしん","5級から","","","44350","常用漢字表","校正不要"
"五色","ごしき","6級から","","ごしき / ごしょく","44468","常用漢字表","校正不要"
"清貧","せいひん","6級から","","","44495","常用漢字表","校正不要"
"私財","しざい","5級から","","","44526","常用漢字表","校正不要"
"干潮","かんちょう","5級から","","かんちょう / ひしお","44556","常用漢字表","校正不要"
"式辞","しきじ","6級から","","","44569","常用漢字表","校正不要"
"交遊","こうゆう","6級から","","","44700","常用漢字表","校正不要"
"遊説","ゆうぜい","6級から","","","44724","常用漢字表","校正不要"
"言質","げんち","6級から","","げんち / げんしつ / げんしち","44755","常用漢字表","校正不要"
"遺失","いしつ","5級から","","","44932","常用漢字表","校正不要"
"愛媛県","えひめけん","6級から","","","","常用漢字表（都道府県）","校正不要"
"悪因悪果","あくいんあっか","6級から","","","","国語辞典(JMdict)｜四字熟語","校正不要"
"悪逆無道","あくぎゃくむどう","6級から","","あくぎゃくむどう / あくぎゃくぶとう / あくぎゃくぶどう","","国語辞典(JMdict)｜四字熟語","校正不要"
"悪口雑言","あっこうぞうごん","6級から","","","","国語辞典(JMdict)｜四字熟語","校正不要"
"安危","あんき","5級から","","","","常用漢字表","校正不要"
"安心立命","あんしんりつめい","6級から","","あんしんりつめい / あんじんりゅうめい / あんじんりゅうみょう / あんじんりつめい","","国語辞典(JMdict)｜四字熟語","校正不要"
"暗黒時代","あんこくじだい","6級から","","","","国語辞典(JMdict)｜四字熟語","校正不要"
"暗幕","あんまく","5級から","","","","常用漢字表","校正不要"
"案文","あんぶん","6級から","","あんぶん / あんもん","","常用漢字表","校正不要"
"以東","いとう","6級から","","","","常用漢字表","校正不要"
"委細","いさい","6級から","","","","常用漢字表","校正不要"
"意志表示","いしひょうじ","6級から","","","","国語辞典(JMdict)｜四字熟語","校正不要"
"意思表示","いしひょうじ","6級から","","","","国語辞典(JMdict)｜四字熟語","校正不要"
"意味深重","いみしんちょう","6級から","","","","国語辞典(JMdict)｜四字熟語","校正不要"
"意味深長","いみしんちょう","6級から","","","","国語辞典(JMdict)｜四字熟語","校正不要"
"易者","えきしゃ","6級から","","","","常用漢字表","校正不要"
"異郷","いきょう","5級から","","","","常用漢字表","校正不要"
"異句同音","いくどうおん","5級から","","","","国語辞典(JMdict)｜四字熟語","校正不要"
"異同","いどう","5級から","","","","常用漢字表","校正不要"
"胃下垂","いかすい","5級から","","","","常用漢字表","校正不要"
"胃酸","いさん","5級から","","","","常用漢字表","校正不要"
"胃弱","いじゃく","5級から","","","","常用漢字表","校正不要"
"一意専心","いちいせんしん","5級から","","","","国語辞典(JMdict)｜四字熟語","校正不要"
"一衣帯水","いちいたいすい","6級から","","","","国語辞典(JMdict)｜四字熟語","校正不要"
"一円","いちえん","6級から","","","","常用漢字表","校正不要"
"一億","いちおく","6級から","","","","常用漢字表","校正不要"
"一挙一動","いっきょいちどう","6級から","","","","国語辞典(JMdict)｜四字熟語","校正不要"
"一挙両得","いっきょりょうとく","6級から","","","","国語辞典(JMdict)｜四字熟語","校正不要"
"一言一行","いちげんいっこう","6級から","","","","国語辞典(JMdict)｜四字熟語","校正不要"
"一言居士","いちげんこじ","6級から","","いちげんこじ / いちごんこじ","","国語辞典(JMdict)｜四字熟語","校正不要"
"一個","いっこ","6級から","","","","常用漢字表","校正不要"
"一刻千金","いっこくせんきん","5級から","","","","国語辞典(JMdict)｜四字熟語","校正不要"
"一子相伝","いっしそうでん","6級から","","","","国語辞典(JMdict)｜四字熟語","校正不要"
"一死報国","いっしほうこく","6級から","","","","国語辞典(JMdict)｜四字熟語","校正不要"
"一紙半銭","いっしはんせん","5級から","","","","国語辞典(JMdict)｜四字熟語","校正不要"
"一視同人","いっしどうじん","5級から","","","","国語辞典(JMdict)｜四字熟語","校正不要"
"一視同仁","いっしどうじん","5級から","","","","国語辞典(JMdict)｜四字熟語","校正不要"
"一字千金","いちじせんきん","6級から","","","","国語辞典(JMdict)｜四字熟語","校正不要"
"一重","ひとえ","6級から","","","","常用漢字表","校正不要"
"一宿一飯","いっしゅくいっぱん","6級から","","","","国語辞典(JMdict)｜四字熟語","校正不要"
"一心同体","いっしんどうたい","6級から","","","","国語辞典(JMdict)｜四字熟語","校正不要"
"一新紀元","いっしんきげん","6級から","","いっしんきげん / いちしんきげん","","国語辞典(JMdict)｜四字熟語","校正不要"
"一寸先","いっすんさき","5級から","","","","常用漢字表","校正不要"
"一切衆生","いっさいしゅじょう","5級から","","","","国語辞典(JMdict)｜四字熟語","校正不要"
"一台","いちだい","6級から","","","","常用漢字表","校正不要"
"一知半解","いっちはんかい","6級から","","","","国語辞典(JMdict)｜四字熟語","校正不要"
"一天四海","いってんしかい","6級から","","","","国語辞典(JMdict)｜四字熟語","校正不要"
"一天万乗","いってんばんじょう","6級から","","","","国語辞典(JMdict)｜四字熟語","校正不要"
"一得一失","いっとくいっしつ","6級から","","","","国語辞典(JMdict)｜四字熟語","校正不要"
"一日片時","いちにちへんじ","5級から","","","","国語辞典(JMdict)｜四字熟語","校正不要"
"一俵","いっぴょう","5級から","","","","常用漢字表","校正不要"
"一夫一婦","いっぷいっぷ","6級から","","","","国語辞典(JMdict)｜四字熟語","校正不要"
"一方通行","いっぽうつうこう","6級から","","","","国語辞典(JMdict)｜四字熟語","校正不要"
"一望千里","いちぼうせんり","6級から","","","","国語辞典(JMdict)｜四字熟語","校正不要"
"一枚看板","いちまいかんばん","5級から","","","","国語辞典(JMdict)｜四字熟語","校正不要"
"一利一害","いちりいちがい","6級から","","","","国語辞典(JMdict)｜四字熟語","校正不要"
"一六勝負","いちろくしょうぶ","6級から","","","","国語辞典(JMdict)｜四字熟語","校正不要"
"茨城県","いばらきけん","6級から","","","","常用漢字表（都道府県）","校正不要"
"右岸","うがん","6級から","","","","常用漢字表","校正不要"
"運針","うんしん","5級から","","","","常用漢字表","校正不要"
"雲海","うんかい","6級から","","","","常用漢字表","校正不要"
"営巣","えいそう","6級から","","","","常用漢字表","校正不要"
"永世中立","えいせいちゅうりつ","6級から","","","","国語辞典(JMdict)｜四字熟語","校正不要"
"泳法","えいほう","6級から","","","","常用漢字表","校正不要"
"円高","えんだか","6級から","","","","国語辞典(JMdict)｜対義語・熟語の構成で使う語","校正不要"
"遠浅","とおあさ","6級から","","","","常用漢字表","校正不要"
"黄金時代","おうごんじだい","6級から","","","","国語辞典(JMdict)｜四字熟語","校正不要"
"黄葉","もみじ","6級から","","もみじ / こうよう","","常用漢字表","校正不要"
"岡山県","おかやまけん","6級から","","","","常用漢字表（都道府県）","校正不要"
"沖積層","ちゅうせきそう","5級から","","","","常用漢字表","校正不要"
"沖天","ちゅうてん","6級から","","","","常用漢字表","校正不要"
"億兆","おくちょう","6級から","","","","常用漢字表","校正不要"
"恩情","おんじょう","5級から","","","","常用漢字表","校正不要"
"音訓","おんくん","6級から","","","","常用漢字表","校正不要"
"下肥","しもごえ","6級から","","","","常用漢字表","校正不要"
"仮病","けびょう","6級から","","","","常用漢字表","校正不要"
"何十","なんじゅう","6級から","","","","常用漢字表","校正不要"
"何点","なんてん","6級から","","","","常用漢字表","校正不要"
"何本","なにもと","6級から","","","","常用漢字表","校正不要"
"可燃性","かねんせい","6級から","","","","常用漢字表","校正不要"
"科学的","かがくてき","6級から","","","","常用漢字表","校正不要"
"果断","かだん","6級から","","","","常用漢字表","校正不要"
"河海","かかい","6級から","","","","国語辞典(JMdict)｜対義語・熟語の構成で使う語","校正不要"
"火成岩","かせいがん","6級から","","","","常用漢字表","校正不要"
"花鳥風月","かちょうふうげつ","6級から","","","","国語辞典(JMdict)｜四字熟語","校正不要"
"荷役","にやく","6級から","","","","常用漢字表","校正不要"
"貨物駅","かもつえき","6級から","","","","常用漢字表","校正不要"
"過小評価","かしょうひょうか","6級から","","","","国語辞典(JMdict)｜四字熟語","校正不要"
"過少評価","かしょうひょうか","6級から","","","","国語辞典(JMdict)｜四字熟語","校正不要"
"過大評価","かだいひょうか","6級から","","","","国語辞典(JMdict)｜四字熟語","校正不要"
"我田引水","がでんいんすい","5級から","","","","国語辞典(JMdict)｜四字熟語","校正不要"
"賀状","がじょう","6級から","","","","常用漢字表","校正不要"
"回向","えこう","6級から","","","","常用漢字表","校正不要"
"海千山千","うみせんやません","6級から","","","","国語辞典(JMdict)｜四字熟語","校正不要"
"灰白色","かいはくしょく","5級から","","","","常用漢字表","校正不要"
"貝細工","かいざいく","6級から","","","","常用漢字表","校正不要"
"外題","げだい","6級から","","","","常用漢字表","校正不要"
"拡声器","かくせいき","5級から","","","","常用漢字表","校正不要"
"角帯","かくおび","6級から","","","","常用漢字表","校正不要"
"角笛","つのぶえ","6級から","","","","常用漢字表","校正不要"
"学究","がっきゅう","6級から","","","","常用漢字表","校正不要"
"楽隊","がくたい","6級から","","","","常用漢字表","校正不要"
"寒暑","かんしょ","6級から","","","","常用漢字表","校正不要"
"寒村","かんそん","6級から","","","","常用漢字表","校正不要"
"寒暖","かんだん","5級から","","","","国語辞典(JMdict)｜対義語・熟語の構成で使う語","校正不要"
"寒暖計","かんだんけい","5級から","","","","常用漢字表","校正不要"
"感泣","かんきゅう","6級から","","","","常用漢字表","校正不要"
"感情移入","かんじょういにゅう","6級から","","","","国語辞典(JMdict)｜四字熟語","校正不要"
"看破","かんぱ","5級から","","","","常用漢字表","校正不要"
"観桜","かんおう","6級から","","","","常用漢字表","校正不要"
"関取","せきとり","6級から","","","","常用漢字表","校正不要"
"丸木橋","まるきばし","6級から","","","","常用漢字表","校正不要"
"丸薬","がんやく","6級から","","","","常用漢字表","校正不要"
"危機一発","ききいっぱつ","5級から","","","","国語辞典(JMdict)｜四字熟語","校正不要"
"危急存亡","ききゅうそんぼう","5級から","","","","国語辞典(JMdict)｜四字熟語","校正不要"
"喜捨","きしゃ","5級から","","","","常用漢字表","校正不要"
"喜色満面","きしょくまんめん","6級から","","","","国語辞典(JMdict)｜四字熟語","校正不要"
"寄宿","きしゅく","6級から","","","","常用漢字表","校正不要"
"岐阜県","ぎふけん","6級から","","","","常用漢字表（都道府県）","校正不要"
"希少価値","きしょうかち","5級から","","","","国語辞典(JMdict)｜四字熟語","校正不要"
"揮発油","きはつゆ","5級から","","","","常用漢字表","校正不要"
"机辺","きへん","5級から","","","","常用漢字表","校正不要"
"旗色","はたいろ","6級から","","はたいろ / きしょく","","常用漢字表","校正不要"
"旗頭","はたがしら","6級から","","","","常用漢字表","校正不要"
"旗本","はたもと","6級から","","","","常用漢字表","校正不要"
"気宇","きう","5級から","","","","常用漢字表","校正不要"
"汽船","きせん","6級から","","","","常用漢字表","校正不要"
"貴下","きか","5級から","","","","常用漢字表","校正不要"
"義歯","ぎし","6級から","","","","常用漢字表","校正不要"
"客死","かくし","6級から","","かくし / きゃくし","","常用漢字表","校正不要"
"宮城県","みやぎけん","6級から","","","","常用漢字表（都道府県）","校正不要"
"宮様","みやさま","6級から","","","","常用漢字表","校正不要"
"弓状","きゅうじょう","6級から","","","","常用漢字表","校正不要"
"急坂","きゅうはん","6級から","","きゅうはん / きゅうざか","","常用漢字表","校正不要"
"急転直下","きゅうてんちょっか","6級から","","","","国語辞典(JMdict)｜四字熟語","校正不要"
"急流","きゅうりゅう","6級から","","","","国語辞典(JMdict)｜対義語・熟語の構成で使う語","校正不要"
"救護班","きゅうごはん","5級から","","","","常用漢字表","校正不要"
"牛馬","ぎゅうば","6級から","","","","常用漢字表","校正不要"
"去就","きょしゅう","5級から","","","","常用漢字表","校正不要"
"挙国","きょこく","6級から","","","","常用漢字表","校正不要"
"魚市場","うおいちば","6級から","","","","常用漢字表","校正不要"
"京風","きょうふう","6級から","","","","常用漢字表","校正不要"
"共存共栄","きょうそんきょうえい","5級から","","きょうそんきょうえい / きょうぞんきょうえい","","国語辞典(JMdict)｜四字熟語","校正不要"
"強健","きょうけん","6級から","","","","常用漢字表","校正不要"
"強情","ごうじょう","6級から","","","","常用漢字表","校正不要"
"胸囲","きょうい","5級から","","","","常用漢字表","校正不要"
"胸板","むないた","5級から","","","","常用漢字表","校正不要"
"胸毛","むなげ","5級から","","","","常用漢字表","校正不要"
"興味本位","きょうみほんい","6級から","","","","国語辞典(JMdict)｜四字熟語","校正不要"
"郷士","ごうし","5級から","","","","常用漢字表","校正不要"
"鏡台","きょうだい","6級から","","","","常用漢字表","校正不要"
"業病","ごうびょう","6級から","","","","常用漢字表","校正不要"
"玉石","ぎょくせき","6級から","","ぎょくせき / たまいし","","常用漢字表","校正不要"
"玉石混交","ぎょくせきこんこう","6級から","","","","国語辞典(JMdict)｜四字熟語","校正不要"
"勤行","ごんぎょう","5級から","","","","常用漢字表","校正不要"
"筋骨","きんこつ","5級から","","きんこつ / すじぼね","","常用漢字表","校正不要"
"筋書","すじがき","5級から","","","","常用漢字表","校正不要"
"近郷","きんごう","5級から","","","","常用漢字表","校正不要"
"金科玉条","きんかぎょくじょう","6級から","","","","国語辞典(JMdict)｜四字熟語","校正不要"
"九死一生","きゅうしいっしょう","6級から","","","","国語辞典(JMdict)｜四字熟語","校正不要"
"九重","ここのえ","6級から","","ここのえ / きゅうちょう / くじゅう","","常用漢字表","校正不要"
"九寸五分","くすんごぶ","5級から","","","","国語辞典(JMdict)｜四字熟語","校正不要"
"九日","ここのか","6級から","","","","常用漢字表","校正不要"
"九百","きゅうひゃく","6級から","","きゅうひゃく / くひゃく","","常用漢字表","校正不要"
"苦虫","にがむし","6級から","","","","常用漢字表","校正不要"
"具体的","ぐたいてき","6級から","","","","常用漢字表","校正不要"
"具備","ぐび","6級から","","","","常用漢字表","校正不要"
"空手形","からてがた","6級から","","からてがた / くうてがた","","常用漢字表","校正不要"
"空前絶後","くうぜんぜつご","6級から","","","","国語辞典(JMdict)｜四字熟語","校正不要"
"君臣","くんしん","6級から","","","","常用漢字表","校正不要"
"群居","ぐんきょ","6級から","","","","常用漢字表","校正不要"
"群千鳥","むらちどり","6級から","","","","常用漢字表","校正不要"
"郡部","ぐんぶ","6級から","","","","常用漢字表","校正不要"
"兄事","けいじ","6級から","","","","常用漢字表","校正不要"
"経文","きょうもん","6級から","","","","常用漢字表","校正不要"
"警察署","けいさつしょ","5級から","","","","常用漢字表","校正不要"
"劇薬","げきやく","5級から","","","","常用漢字表","校正不要"
"穴居","けっきょ","5級から","","","","常用漢字表","校正不要"
"結氷","けっぴょう","6級から","","","","常用漢字表","校正不要"
"血液型","けつえきがた","6級から","","","","常用漢字表","校正不要"
"月下氷人","げっかひょうじん","6級から","","","","国語辞典(JMdict)｜四字熟語","校正不要"
"犬歯","けんし","6級から","","","","常用漢字表","校正不要"
"絹布","けんぷ","5級から","","","","常用漢字表","校正不要"
"見積書","みつもりしょ","6級から","","","","常用漢字表","校正不要"
"元結","もとゆい","6級から","","","","常用漢字表","校正不要"
"元帳","もとちょう","6級から","","","","常用漢字表","校正不要"
"厳寒","げんかん","5級から","","","","常用漢字表","校正不要"
"厳正中立","げんせいちゅうりつ","5級から","","","","国語辞典(JMdict)｜四字熟語","校正不要"
"言語同断","ごんごどうだん","6級から","","","","国語辞典(JMdict)｜四字熟語","校正不要"
"言上","ごんじょう","6級から","","","","常用漢字表","校正不要"
"古往今来","こおうこんらい","6級から","","","","国語辞典(JMdict)｜四字熟語","校正不要"
"古株","ふるかぶ","5級から","","","","常用漢字表","校正不要"
"古今東西","ここんとうざい","6級から","","","","国語辞典(JMdict)｜四字熟語","校正不要"
"古傷","ふるきず","5級から","","","","常用漢字表","校正不要"
"古池","ふるいけ","6級から","","","","常用漢字表","校正不要"
"庫裏","くり","5級から","","","","常用漢字表","校正不要"
"五割","ごわり","5級から","","","","常用漢字表","校正不要"
"五穀","ごこく","5級から","","","","常用漢字表","校正不要"
"五日","いつか","6級から","","いつか / ごにち","","常用漢字表","校正不要"
"五分","ごぶ","6級から","","ごぶ / ごぶん / ごふん","","常用漢字表","校正不要"
"五分五分","ごぶごぶ","6級から","","","","国語辞典(JMdict)｜四字熟語","校正不要"
"五目飯","ごもくめし","6級から","","","","常用漢字表","校正不要"
"五里夢中","ごりむちゅう","6級から","","","","国語辞典(JMdict)｜四字熟語","校正不要"
"後生大事","ごしょうだいじ","6級から","","","","国語辞典(JMdict)｜四字熟語","校正不要"
"候文","そうろうぶん","6級から","","","","常用漢字表","校正不要"
"公平無私","こうへいむし","5級から","","","","国語辞典(JMdict)｜四字熟語","校正不要"
"公明正大","こうめいせいだい","6級から","","","","国語辞典(JMdict)｜四字熟語","校正不要"
"厚顔","こうがん","6級から","","","","常用漢字表","校正不要"
"厚情","こうじょう","6級から","","","","常用漢字表","校正不要"
"口伝","くでん","6級から","","くでん / こうでん","","常用漢字表","校正不要"
"好悪","こうお","6級から","","","","常用漢字表","校正不要"
"好事家","こうずか","6級から","","","","常用漢字表","校正不要"
"好敵手","こうてきしゅ","5級から","","","","常用漢字表","校正不要"
"孝心","こうしん","5級から","","","","常用漢字表","校正不要"
"広言","こうげん","6級から","","","","常用漢字表","校正不要"
"皇太后","こうたいごう","5級から","","こうたいごう / こうたいこう","","常用漢字表","校正不要"
"紅梅","こうばい","5級から","","こうばい / べにうめ","","常用漢字表","校正不要"
"行火","あんか","6級から","","","","常用漢字表","校正不要"
"香気","こうき","6級から","","","","常用漢字表","校正不要"
"香車","きょうしゃ","6級から","","","","常用漢字表","校正不要"
"穀倉","こくそう","5級から","","こくそう / こくぐら","","常用漢字表","校正不要"
"黒風白雨","こくふうはくう","6級から","","","","国語辞典(JMdict)｜四字熟語","校正不要"
"今上","きんじょう","6級から","","","","常用漢字表","校正不要"
"今夕","こんせき","6級から","","こんせき / こんゆう","","常用漢字表","校正不要"
"佐幕","さばく","5級から","","","","常用漢字表","校正不要"
"再三再四","さいさんさいし","6級から","","","","国語辞典(JMdict)｜四字熟語","校正不要"
"再出発","さいしゅっぱつ","6級から","","","","常用漢字表","校正不要"
"再来月","さらいげつ","6級から","","","","常用漢字表","校正不要"
"才気縦横","さいきじゅうおう","5級から","","","","国語辞典(JMdict)｜四字熟語","校正不要"
"才媛","さいえん","6級から","","","","常用漢字表","校正不要"
"細面","ほそおもて","6級から","","","","常用漢字表","校正不要"
"菜種","なたね","6級から","","","","常用漢字表","校正不要"
"在郷","ざいごう","5級から","","ざいごう / ざいきょう","","常用漢字表","校正不要"
"罪科","ざいか","6級から","","","","常用漢字表","校正不要"
"罪業","ざいごう","6級から","","","","常用漢字表","校正不要"
"埼玉県","さいたまけん","6級から","","","","常用漢字表（都道府県）","校正不要"
"作業衣","さぎょうい","6級から","","","","常用漢字表","校正不要"
"雑兵","ぞうひょう","6級から","","ぞうひょう / ざっぴょう","","常用漢字表","校正不要"
"三角州","さんかくす","6級から","","","","常用漢字表","校正不要"
"三寒四温","さんかんしおん","6級から","","","","国語辞典(JMdict)｜四字熟語","校正不要"
"三十分","さんじゅっぷん","6級から","","さんじゅっぷん / さんじっぷん","","常用漢字表","校正不要"
"三十六計","さんじゅうろっけい","6級から","","","","国語辞典(JMdict)｜四字熟語","校正不要"
"三千世界","さんぜんせかい","6級から","","","","国語辞典(JMdict)｜四字熟語","校正不要"
"三段論法","さんだんろんぽう","5級から","","","","国語辞典(JMdict)｜四字熟語","校正不要"
"三日","みっか","6級から","","","","常用漢字表","校正不要"
"三日天下","みっかてんか","6級から","","みっかてんか / みっかでんか","","国語辞典(JMdict)｜四字熟語","校正不要"
"三拝九拝","さんぱいきゅうはい","5級から","","","","常用漢字表","校正不要"
"三百代言","さんびゃくだいげん","6級から","","","","国語辞典(JMdict)｜四字熟語","校正不要"
"参内","さんだい","6級から","","","","常用漢字表","校正不要"
"山腹","さんぷく","5級から","","","","常用漢字表","校正不要"
"山路","やまじ","6級から","","やまじ / さんろ","","常用漢字表","校正不要"
"産着","うぶぎ","6級から","","","","常用漢字表","校正不要"
"産湯","うぶゆ","6級から","","","","常用漢字表","校正不要"
"産毛","うぶげ","6級から","","","","常用漢字表","校正不要"
"蚕糸","さんし","5級から","","","","常用漢字表","校正不要"
"蚕食","さんしょく","5級から","","","","常用漢字表","校正不要"
"賛否両論","さんぴりょうろん","5級から","","","","国語辞典(JMdict)｜四字熟語","校正不要"
"四十七士","しじゅうしちし","6級から","","","","常用漢字表","校正不要"
"四人","よにん","6級から","","","","常用漢字表","校正不要"
"四通八達","しつうはったつ","6級から","","","","国語辞典(JMdict)｜四字熟語","校正不要"
"士農工商","しのうこうしょう","6級から","","","","国語辞典(JMdict)｜四字熟語","校正不要"
"姉上","あねうえ","6級から","","","","常用漢字表","校正不要"
"子午線","しごせん","6級から","","","","常用漢字表","校正不要"
"思案投首","しあんなげくび","6級から","","","","国語辞典(JMdict)｜四字熟語","校正不要"
"枝葉末節","しようまっせつ","6級から","","","","国語辞典(JMdict)｜四字熟語","校正不要"
"止宿","ししゅく","6級から","","","","常用漢字表","校正不要"
"氏神","うじがみ","6級から","","","","常用漢字表","校正不要"
"私腹","しふく","5級から","","","","常用漢字表","校正不要"
"糸目","いとめ","6級から","","","","常用漢字表","校正不要"
"至誠","しせい","5級から","","","","常用漢字表","校正不要"
"至当","しとう","5級から","","","","常用漢字表","校正不要"
"詩情","しじょう","6級から","","","","常用漢字表","校正不要"
"似顔","にがお","6級から","","","","常用漢字表","校正不要"
"字引","じびき","6級から","","","","常用漢字表","校正不要"
"字画","じかく","6級から","","","","常用漢字表","校正不要"
"時局","じきょく","6級から","","","","常用漢字表","校正不要"
"時候","じこう","6級から","","","","常用漢字表","校正不要"
"時時刻刻","じじこっこく","5級から","","じじこっこく / じじこくこく","","国語辞典(JMdict)｜四字熟語","校正不要"
"時世","じせい","6級から","","じせい / ときよ","","常用漢字表","校正不要"
"滋賀県","しがけん","6級から","","","","常用漢字表（都道府県）","校正不要"
"滋味","じみ","6級から","","","","常用漢字表","校正不要"
"自我自賛","じがじさん","5級から","","","","国語辞典(JMdict)｜四字熟語","校正不要"
"自画自賛","じがじさん","6級から","","","","国語辞典(JMdict)｜四字熟語","校正不要"
"自己暗示","じこあんじ","5級から","","","","国語辞典(JMdict)｜四字熟語","校正不要"
"自己中心","じこちゅうしん","5級から","","","","国語辞典(JMdict)｜四字熟語","校正不要"
"自若","じじゃく","5級から","","","","常用漢字表","校正不要"
"自由貿易","じゆうぼうえき","6級から","","","","国語辞典(JMdict)｜四字熟語","校正不要"
"鹿児島県","かごしまけん","6級から","","","","常用漢字表（都道府県）","校正不要"
"七日","なのか","6級から","","","","常用漢字表","校正不要"
"七曜表","しちようひょう","6級から","","","","常用漢字表","校正不要"
"質疑応答","しつぎおうとう","5級から","","","","国語辞典(JMdict)｜四字熟語","校正不要"
"写真版","しゃしんばん","6級から","","","","常用漢字表","校正不要"
"謝恩","しゃおん","5級から","","","","常用漢字表","校正不要"
"謝絶","しゃぜつ","6級から","","","","常用漢字表","校正不要"
"主客","しゅかく","6級から","","しゅかく / しゅきゃく","","常用漢字表","校正不要"
"取捨","しゅしゃ","5級から","","","","常用漢字表","校正不要"
"手旗","てばた","6級から","","","","常用漢字表","校正不要"
"手練手管","てれんてくだ","6級から","","","","国語辞典(JMdict)｜四字熟語","校正不要"
"酒池肉林","しゅちにくりん","6級から","","","","国語辞典(JMdict)｜四字熟語","校正不要"
"首府","しゅふ","6級から","","","","常用漢字表","校正不要"
"宗家","そうけ","5級から","","そうけ / そうか","","常用漢字表","校正不要"
"州議会","しゅうぎかい","6級から","","","","常用漢字表","校正不要"
"拾得","しゅうとく","6級から","","","","常用漢字表","校正不要"
"秋分","しゅうぶん","6級から","","","","常用漢字表","校正不要"
"終極","しゅうきょく","6級から","","","","常用漢字表","校正不要"
"集散","しゅうさん","6級から","","","","国語辞典(JMdict)｜対義語・熟語の構成で使う語","校正不要"
"十回","じっかい","6級から","","じっかい / じゅっかい","","常用漢字表","校正不要"
"十重","とえ","6級から","","","","常用漢字表","校正不要"
"十色","といろ","6級から","","","","常用漢字表","校正不要"
"十中八九","じっちゅうはっく","6級から","","じっちゅうはっく / じゅうちゅうはっく / じゅっちゅうはっく","","国語辞典(JMdict)｜四字熟語","校正不要"
"十日","とおか","6級から","","","","常用漢字表","校正不要"
"十年一日","じゅうねんいちじつ","6級から","","じゅうねんいちじつ / じゅうねんいちにち","","国語辞典(JMdict)｜四字熟語","校正不要"
"十文字","じゅうもんじ","6級から","","","","常用漢字表","校正不要"
"十万億土","じゅうまんおくど","6級から","","","","国語辞典(JMdict)｜四字熟語","校正不要"
"従容","しょうよう","5級から","","","","常用漢字表","校正不要"
"祝言","しゅうげん","6級から","","しゅうげん / いわいごと","","常用漢字表","校正不要"
"出仕","しゅっし","6級から","","","","常用漢字表","校正不要"
"出窓","でまど","5級から","","","","常用漢字表","校正不要"
"出来心","できごころ","6級から","","","","常用漢字表","校正不要"
"術策","じゅっさく","5級から","","","","常用漢字表","校正不要"
"純綿","じゅんめん","5級から","","","","常用漢字表","校正不要"
"順逆","じゅんぎゃく","6級から","","","","常用漢字表","校正不要"
"初荷","はつに","6級から","","","","常用漢字表","校正不要"
"暑気","しょき","6級から","","しょき / あつけ","","常用漢字表","校正不要"
"書画","しょが","6級から","","","","常用漢字表","校正不要"
"諸業無常","しょぎょうむじょう","5級から","","","","国語辞典(JMdict)｜四字熟語","校正不要"
"諸行無情","しょぎょうむじょう","5級から","","","","国語辞典(JMdict)｜四字熟語","校正不要"
"諸姉","しょし","5級から","","","","常用漢字表","校正不要"
"助太刀","すけだち","6級から","","","","常用漢字表","校正不要"
"序幕","じょまく","5級から","","","","常用漢字表","校正不要"
"除数","じょすう","5級から","","","","常用漢字表","校正不要"
"商店街","しょうてんがい","6級から","","","","常用漢字表","校正不要"
"商売敵","しょうばいがたき","5級から","","","","常用漢字表","校正不要"
"小康","しょうこう","6級から","","","","常用漢字表","校正不要"
"小箱","こばこ","6級から","","","","常用漢字表","校正不要"
"小鼻","こばな","6級から","","","","常用漢字表","校正不要"
"松竹梅","しょうちくばい","6級から","","","","常用漢字表","校正不要"
"消極的","しょうきょくてき","6級から","","","","常用漢字表","校正不要"
"笑止千万","しょうしせんばん","6級から","","","","国語辞典(JMdict)｜四字熟語","校正不要"
"笑覧","しょうらん","5級から","","","","常用漢字表","校正不要"
"象眼","ぞうがん","6級から","","","","常用漢字表","校正不要"
"上背","うわぜい","5級から","","","","常用漢字表","校正不要"
"乗車券","じょうしゃけん","5級から","","","","常用漢字表","校正不要"
"乗数","じょうすう","6級から","","","","常用漢字表","校正不要"
"色香","いろか","6級から","","","","常用漢字表","校正不要"
"色欲","しきよく","5級から","","","","常用漢字表","校正不要"
"心痛","しんつう","5級から","","","","常用漢字表","校正不要"
"森厳","しんげん","5級から","","","","常用漢字表","校正不要"
"深紅","しんく","5級から","","しんく / しんこう","","常用漢字表","校正不要"
"深浅","しんせん","6級から","","","","常用漢字表","校正不要"
"深窓","しんそう","5級から","","","","常用漢字表","校正不要"
"真一文字","まいちもんじ","6級から","","","","国語辞典(JMdict)｜四字熟語","校正不要"
"真実一路","しんじついちろ","6級から","","","","国語辞典(JMdict)｜四字熟語","校正不要"
"真南","まみなみ","6級から","","","","常用漢字表","校正不要"
"真綿","まわた","6級から","","","","常用漢字表","校正不要"
"神通力","じんつうりき","6級から","","じんつうりき / じんずうりき / じんづうりき","","常用漢字表","校正不要"
"神奈川県","かながわけん","6級から","","","","常用漢字表（都道府県）","校正不要"
"親船","おやぶね","6級から","","","","常用漢字表","校正不要"
"進物","しんもつ","6級から","","","","常用漢字表","校正不要"
"針小棒大","しんしょうぼうだい","5級から","","","","国語辞典(JMdict)｜四字熟語","校正不要"
"針路","しんろ","5級から","","","","常用漢字表","校正不要"
"人海戦術","じんかいせんじゅつ","6級から","","","","国語辞典(JMdict)｜四字熟語","校正不要"
"人絹","じんけん","5級から","","","","常用漢字表","校正不要"
"人事不省","じんじふせい","6級から","","","","国語辞典(JMdict)｜四字熟語","校正不要"
"人道主義","じんどうしゅぎ","6級から","","","","国語辞典(JMdict)｜四字熟語","校正不要"
"仁王","におう","5級から","","","","常用漢字表","校正不要"
"仁術","じんじゅつ","5級から","","","","常用漢字表","校正不要"
"水油","みずあぶら","6級から","","","","常用漢字表","校正不要"
"水陸","すいりく","6級から","","","","常用漢字表","校正不要"
"数百","すうひゃく","6級から","","","","常用漢字表","校正不要"
"寸志","すんし","5級から","","","","常用漢字表","校正不要"
"寸秒","すんびょう","5級から","","","","常用漢字表","校正不要"
"晴雨","せいう","6級から","","","","常用漢字表","校正不要"
"晴天白日","せいてんはくじつ","6級から","","","","国語辞典(JMdict)｜四字熟語","校正不要"
"正当防衛","せいとうぼうえい","6級から","","","","国語辞典(JMdict)｜四字熟語","校正不要"
"正夢","まさゆめ","6級から","","","","常用漢字表","校正不要"
"生一本","きいっぽん","6級から","","","","常用漢字表","校正不要"
"生水","なまみず","6級から","","","","常用漢字表","校正不要"
"盛夏","せいか","5級から","","","","常用漢字表","校正不要"
"精麦","せいばく","6級から","","","","常用漢字表","校正不要"
"声色","こわいろ","6級から","","こわいろ / せいしょく","","常用漢字表","校正不要"
"製鋼","せいこう","5級から","","","","常用漢字表","校正不要"
"製糸","せいし","6級から","","","","常用漢字表","校正不要"
"西国","さいごく","6級から","","さいごく / さいこく","","常用漢字表","校正不要"
"誠忠","せいちゅう","5級から","","","","常用漢字表","校正不要"
"青菜","あおな","6級から","","","","常用漢字表","校正不要"
"青天","せいてん","6級から","","","","常用漢字表","校正不要"
"青天白日","せいてんはくじつ","6級から","","","","国語辞典(JMdict)｜四字熟語","校正不要"
"静岡県","しずおかけん","6級から","","","","常用漢字表（都道府県）","校正不要"
"昔時","せきじ","6級から","","","","常用漢字表","校正不要"
"昔日","せきじつ","6級から","","","","常用漢字表","校正不要"
"昔年","せきねん","6級から","","","","常用漢字表","校正不要"
"石高","こくだか","6級から","","","","常用漢字表","校正不要"
"積極的","せっきょくてき","6級から","","","","常用漢字表","校正不要"
"積乱雲","せきらんうん","5級から","","","","常用漢字表","校正不要"
"赤組","あかぐみ","6級から","","","","常用漢字表","校正不要"
"赤銅","しゃくどう","6級から","","","","常用漢字表","校正不要"
"赤貧","せきひん","6級から","","","","常用漢字表","校正不要"
"節穴","ふしあな","5級から","","","","常用漢字表","校正不要"
"絶対絶命","ぜったいぜつめい","6級から","","","","国語辞典(JMdict)｜四字熟語","校正不要"
"絶対値","ぜったいち","5級から","","","","常用漢字表","校正不要"
"先祖伝来","せんぞでんらい","6級から","","","","国語辞典(JMdict)｜四字熟語","校正不要"
"千円","せんえん","6級から","","","","常用漢字表","校正不要"
"千軍万馬","せんぐんばんば","6級から","","","","国語辞典(JMdict)｜四字熟語","校正不要"
"千言万語","せんげんばんご","6級から","","","","国語辞典(JMdict)｜四字熟語","校正不要"
"千姿万態","せんしばんたい","5級から","","","","国語辞典(JMdict)｜四字熟語","校正不要"
"千思万考","せんしばんこう","6級から","","","","国語辞典(JMdict)｜四字熟語","校正不要"
"千状万態","せんじょうばんたい","6級から","","","","国語辞典(JMdict)｜四字熟語","校正不要"
"千人力","せんにんりき","6級から","","","","常用漢字表","校正不要"
"千石船","せんごくぶね","6級から","","","","常用漢字表","校正不要"
"千草","ちぐさ","6級から","","ちぐさ / ちくさ","","常用漢字表","校正不要"
"千態万様","せんたいばんよう","6級から","","","","国語辞典(JMdict)｜四字熟語","校正不要"
"千変万化","せんぺんばんか","6級から","","","","国語辞典(JMdict)｜四字熟語","校正不要"
"千万無量","せんまんむりょう","6級から","","","","国語辞典(JMdict)｜四字熟語","校正不要"
"千里眼","せんりがん","6級から","","","","常用漢字表","校正不要"
"千両","せんりょう","6級から","","","","常用漢字表","校正不要"
"千両役者","せんりょうやくしゃ","6級から","","","","国語辞典(JMdict)｜四字熟語","校正不要"
"専横","せんおう","5級から","","","","常用漢字表","校正不要"
"泉水","せんすい","5級から","","","","常用漢字表","校正不要"
"浅学","せんがく","6級から","","","","常用漢字表","校正不要"
"船賃","ふなちん","5級から","","","","常用漢字表","校正不要"
"前額部","ぜんがくぶ","6級から","","","","常用漢字表","校正不要"
"前後不覚","ぜんごふかく","6級から","","","","国語辞典(JMdict)｜四字熟語","校正不要"
"善因善果","ぜんいんぜんか","5級から","","","","国語辞典(JMdict)｜四字熟語","校正不要"
"善男善女","ぜんなんぜんにょ","5級から","","","","常用漢字表","校正不要"
"全知全能","ぜんちぜんのう","6級から","","","","国語辞典(JMdict)｜四字熟語","校正不要"
"祖述","そじゅつ","6級から","","","","常用漢字表","校正不要"
"奏楽","そうがく","5級から","","","","常用漢字表","校正不要"
"層雲","そううん","5級から","","","","常用漢字表","校正不要"
"早業","はやわざ","6級から","","","","常用漢字表","校正不要"
"早耳","はやみみ","6級から","","","","常用漢字表","校正不要"
"巣箱","すばこ","6級から","","","","常用漢字表","校正不要"
"相思","そうし","6級から","","","","常用漢字表","校正不要"
"相宿","あいやど","6級から","","","","常用漢字表","校正不要"
"相乗効果","そうじょうこうか","6級から","","","","国語辞典(JMdict)｜四字熟語","校正不要"
"造花","ぞうか","6級から","","","","常用漢字表","校正不要"
"測候所","そっこうじょ","6級から","","","","常用漢字表","校正不要"
"足弱","あしよわ","6級から","","","","常用漢字表","校正不要"
"卒中","そっちゅう","6級から","","","","常用漢字表","校正不要"
"村里","むらざと","6級から","","","","常用漢字表","校正不要"
"多種多様","たしゅたよう","6級から","","","","国語辞典(JMdict)｜四字熟語","校正不要"
"対句","ついく","6級から","","","","常用漢字表","校正不要"
"対照的","たいしょうてき","6級から","","","","常用漢字表","校正不要"
"大音声","だいおんじょう","6級から","","","","常用漢字表","校正不要"
"大器晩成","たいきばんせい","5級から","","","","国語辞典(JMdict)｜四字熟語","校正不要"
"大阪府","おおさかふ","6級から","","","","常用漢字表（都道府県）","校正不要"
"大乗的","だいじょうてき","6級から","","","","常用漢字表","校正不要"
"大水","おおみず","6級から","","","","常用漢字表","校正不要"
"大同小異","だいどうしょうい","5級から","","","","国語辞典(JMdict)｜四字熟語","校正不要"
"大分県","おおいたけん","6級から","","","","常用漢字表（都道府県）","校正不要"
"大望","たいもう","6級から","","たいもう / たいぼう","","常用漢字表","校正不要"
"第一","だいいち","6級から","","","","常用漢字表","校正不要"
"第一位","だいいちい","6級から","","","","常用漢字表","校正不要"
"短刀","たんとう","6級から","","","","常用漢字表","校正不要"
"短刀直入","たんとうちょくにゅう","6級から","","","","国語辞典(JMdict)｜四字熟語","校正不要"
"暖流","だんりゅう","5級から","","","","常用漢字表","校正不要"
"談判","だんぱん","6級から","","","","常用漢字表","校正不要"
"築港","ちっこう","6級から","","ちっこう / ちくこう","","常用漢字表","校正不要"
"茶番劇","ちゃばんげき","5級から","","","","常用漢字表","校正不要"
"茶話会","さわかい","6級から","","さわかい / ちゃわかい","","常用漢字表","校正不要"
"中州","なかす","6級から","","","","常用漢字表","校正不要"
"中肉中背","ちゅうにくちゅうぜい","5級から","","","","国語辞典(JMdict)｜四字熟語","校正不要"
"中風","ちゅうふう","6級から","","ちゅうふう / ちゅうぶ / ちゅうぶう / ちゅうふ","","常用漢字表","校正不要"
"忠勤","ちゅうきん","5級から","","","","常用漢字表","校正不要"
"虫類","ちゅうるい","6級から","","","","常用漢字表","校正不要"
"貯水池","ちょすいち","6級から","","","","常用漢字表","校正不要"
"丁字路","ていじろ","6級から","","","","常用漢字表","校正不要"
"丁数","ちょうすう","6級から","","","","常用漢字表","校正不要"
"帳面","ちょうめん","6級から","","","","常用漢字表","校正不要"
"朝三暮四","ちょうさんぼし","5級から","","","","国語辞典(JMdict)｜四字熟語","校正不要"
"朝令暮改","ちょうれいぼかい","5級から","","","","国語辞典(JMdict)｜四字熟語","校正不要"
"鳥取県","とっとりけん","6級から","","","","常用漢字表（都道府県）","校正不要"
"直情径行","ちょくじょうけいこう","6級から","","","","常用漢字表","校正不要"
"直立不動","ちょくりつふどう","6級から","","","","国語辞典(JMdict)｜四字熟語","校正不要"
"痛飲","つういん","5級から","","","","常用漢字表","校正不要"
"低気圧","ていきあつ","6級から","","","","常用漢字表","校正不要"
"低級","ていきゅう","6級から","","","","常用漢字表","校正不要"
"低頭平身","ていとうへいしん","6級から","","","","国語辞典(JMdict)｜四字熟語","校正不要"
"定期便","ていきびん","6級から","","","","常用漢字表","校正不要"
"弟妹","ていまい","6級から","","","","常用漢字表","校正不要"
"敵方","てきがた","5級から","","","","常用漢字表","校正不要"
"鉄管","てっかん","6級から","","","","常用漢字表","校正不要"
"天地神明","てんちしんめい","6級から","","","","国語辞典(JMdict)｜四字熟語","校正不要"
"天地創造","てんちそうぞう","5級から","","","","国語辞典(JMdict)｜四字熟語","校正不要"
"天地万物","てんちばんぶつ","6級から","","","","国語辞典(JMdict)｜四字熟語","校正不要"
"天地無用","てんちむよう","6級から","","","","国語辞典(JMdict)｜四字熟語","校正不要"
"天長地久","てんちょうちきゅう","6級から","","","","国語辞典(JMdict)｜四字熟語","校正不要"
"天幕","てんまく","5級から","","","","常用漢字表","校正不要"
"田地","でんち","6級から","","でんち / でんじ","","常用漢字表","校正不要"
"電光石火","でんこうせっか","6級から","","","","国語辞典(JMdict)｜四字熟語","校正不要"
"登城","とじょう","6級から","","とじょう / とうじょう","","常用漢字表","校正不要"
"土蔵","どぞう","5級から","","","","常用漢字表","校正不要"
"党利党略","とうりとうりゃく","5級から","","","","国語辞典(JMdict)｜四字熟語","校正不要"
"刀創","とうそう","5級から","","","","常用漢字表","校正不要"
"東国","とうごく","6級から","","","","常用漢字表","校正不要"
"東西南北","とうざいなんぼく","6級から","","","","国語辞典(JMdict)｜四字熟語","校正不要"
"灯台守","とうだいもり","6級から","","","","常用漢字表","校正不要"
"灯明","とうみょう","6級から","","","","常用漢字表","校正不要"
"等身大","とうしんだい","6級から","","","","常用漢字表","校正不要"
"同化作用","どうかさよう","6級から","","","","国語辞典(JMdict)｜四字熟語","校正不要"
"同工異曲","どうこういきょく","5級から","","","","国語辞典(JMdict)｜四字熟語","校正不要"
"同窓","どうそう","5級から","","","","常用漢字表","校正不要"
"同文同種","どうぶんどうしゅ","6級から","","","","国語辞典(JMdict)｜四字熟語","校正不要"
"堂宇","どうう","5級から","","","","常用漢字表","校正不要"
"童歌","わらべうた","6級から","","","","常用漢字表","校正不要"
"銅器","どうき","6級から","","","","常用漢字表","校正不要"
"得手勝手","えてかって","6級から","","","","国語辞典(JMdict)｜四字熟語","校正不要"
"徳義","とくぎ","6級から","","","","常用漢字表","校正不要"
"徳用","とくよう","6級から","","","","常用漢字表","校正不要"
"独立独歩","どくりつどっぽ","6級から","","","","国語辞典(JMdict)｜四字熟語","校正不要"
"読点","とうてん","6級から","","","","常用漢字表","校正不要"
"栃木県","とちぎけん","6級から","","","","常用漢字表（都道府県）","校正不要"
"奈良県","ならけん","6級から","","","","常用漢字表（都道府県）","校正不要"
"内申書","ないしんしょ","6級から","","","","常用漢字表","校正不要"
"内裏","だいり","5級から","","","","常用漢字表","校正不要"
"縄張","なわばり","6級から","","","","常用漢字表","校正不要"
"南船北馬","なんせんほくば","6級から","","","","国語辞典(JMdict)｜四字熟語","校正不要"
"二者選一","にしゃせんいつ","6級から","","","","国語辞典(JMdict)｜四字熟語","校正不要"
"二重","にじゅう","6級から","","にじゅう / ふたえ","","常用漢字表","校正不要"
"二倍","にばい","6級から","","","","常用漢字表","校正不要"
"二番目","にばんめ","6級から","","","","常用漢字表","校正不要"
"二枚舌","にまいじた","5級から","","","","常用漢字表","校正不要"
"二律背反","にりつはいはん","5級から","","","","国語辞典(JMdict)｜四字熟語","校正不要"
"二六時中","にろくじちゅう","6級から","","","","国語辞典(JMdict)｜四字熟語","校正不要"
"肉芽","にくが","6級から","","","","常用漢字表","校正不要"
"日永","ひなが","6級から","","","","常用漢字表","校正不要"
"日射病","にっしゃびょう","5級から","","","","常用漢字表","校正不要"
"日新月歩","にっしんげっぽ","6級から","","","","国語辞典(JMdict)｜四字熟語","校正不要"
"日歩","ひぶ","6級から","","","","常用漢字表","校正不要"
"乳液","にゅうえき","5級から","","","","常用漢字表","校正不要"
"熱病","ねつびょう","6級から","","","","常用漢字表","校正不要"
"年子","としご","6級から","","","","常用漢字表","校正不要"
"年中行事","ねんちゅうぎょうじ","6級から","","ねんちゅうぎょうじ / ねんじゅうぎょうじ / ねんぢゅうぎょうじ","","国語辞典(JMdict)｜四字熟語","校正不要"
"年百年中","ねんびゃくねんじゅう","6級から","","","","国語辞典(JMdict)｜四字熟語","校正不要"
"農具","のうぐ","6級から","","","","常用漢字表","校正不要"
"馬子","まご","6級から","","","","常用漢字表","校正不要"
"馬耳東風","ばじとうふう","6級から","","","","国語辞典(JMdict)｜四字熟語","校正不要"
"馬小屋","うまごや","6級から","","","","常用漢字表","校正不要"
"俳味","はいみ","5級から","","","","常用漢字表","校正不要"
"拝礼","はいれい","5級から","","","","常用漢字表","校正不要"
"敗残","はいざん","6級から","","","","常用漢字表","校正不要"
"背泳","はいえい","5級から","","","","常用漢字表","校正不要"
"肺活量","はいかつりょう","5級から","","","","常用漢字表","校正不要"
"肺臓","はいぞう","5級から","","","","常用漢字表","校正不要"
"倍加","ばいか","6級から","","","","常用漢字表","校正不要"
"梅園","ばいえん","6級から","","ばいえん / うめぞの","","常用漢字表","校正不要"
"梅見","うめみ","6級から","","","","常用漢字表","校正不要"
"売上高","うりあげだか","6級から","","","","常用漢字表","校正不要"
"売品","ばいひん","6級から","","","","常用漢字表","校正不要"
"博愛主義","はくあいしゅぎ","6級から","","","","国語辞典(JMdict)｜四字熟語","校正不要"
"博学多才","はくがくたさい","6級から","","","","国語辞典(JMdict)｜四字熟語","校正不要"
"博士号","はくしごう","6級から","","はくしごう / はかせごう","","常用漢字表","校正不要"
"博徒","ばくと","6級から","","","","常用漢字表","校正不要"
"博覧強記","はくらんきょうき","5級から","","","","国語辞典(JMdict)｜四字熟語","校正不要"
"博労","ばくろう","6級から","","","","常用漢字表","校正不要"
"白河夜船","しらかわよふね","6級から","","しらかわよふね / しらかわよぶね","","国語辞典(JMdict)｜四字熟語","校正不要"
"白砂青松","はくしゃせいしょう","5級から","","はくしゃせいしょう / はくさせいしょう","","常用漢字表","校正不要"
"白川夜船","しらかわよふね","6級から","","しらかわよふね / しらかわよぶね","","国語辞典(JMdict)｜四字熟語","校正不要"
"麦秋","ばくしゅう","6級から","","ばくしゅう / むぎあき","","常用漢字表","校正不要"
"麦粉","むぎこ","6級から","","","","常用漢字表","校正不要"
"八日","ようか","6級から","","","","常用漢字表","校正不要"
"発起","ほっき","6級から","","ほっき / はっき","","常用漢字表","校正不要"
"発赤","ほっせき","6級から","","ほっせき / はっせき","","常用漢字表","校正不要"
"半官半民","はんかんはんみん","6級から","","","","国語辞典(JMdict)｜四字熟語","校正不要"
"半死半生","はんしはんしょう","6級から","","","","国語辞典(JMdict)｜四字熟語","校正不要"
"反射鏡","はんしゃきょう","5級から","","","","常用漢字表","校正不要"
"反物","たんもの","6級から","","","","常用漢字表","校正不要"
"反面教師","はんめんきょうし","6級から","","","","国語辞典(JMdict)｜四字熟語","校正不要"
"晩夏","ばんか","5級から","","","","常用漢字表","校正不要"
"皮相","ひそう","6級から","","","","常用漢字表","校正不要"
"費消","ひしょう","6級から","","","","常用漢字表","校正不要"
"備忘","びぼう","5級から","","","","常用漢字表","校正不要"
"鼻音","びおん","6級から","","","","常用漢字表","校正不要"
"鼻面","はなづら","6級から","","","","常用漢字表","校正不要"
"筆先","ふでさき","6級から","","","","常用漢字表","校正不要"
"筆力","ひつりょく","6級から","","","","常用漢字表","校正不要"
"百家争鳴","ひゃっかそうめい","6級から","","","","国語辞典(JMdict)｜四字熟語","校正不要"
"百科全書","ひゃっかぜんしょ","6級から","","","","常用漢字表","校正不要"
"百分率","ひゃくぶんりつ","6級から","","","","常用漢字表","校正不要"
"氷雨","ひさめ","6級から","","","","常用漢字表","校正不要"
"氷点","ひょうてん","6級から","","","","常用漢字表","校正不要"
"票決","ひょうけつ","6級から","","","","常用漢字表","校正不要"
"表門","おもてもん","6級から","","","","常用漢字表","校正不要"
"病根","びょうこん","6級から","","","","常用漢字表","校正不要"
"病巣","びょうそう","6級から","","","","常用漢字表","校正不要"
"品詞","ひんし","5級から","","","","常用漢字表","校正不要"
"不易","ふえき","6級から","","","","常用漢字表","校正不要"
"不漁","ふりょう","6級から","","","","常用漢字表","校正不要"
"不孝","ふこう","5級から","","ふこう / ふきょう","","常用漢字表","校正不要"
"不作法","ぶさほう","6級から","","","","常用漢字表","校正不要"
"不賛成","ふさんせい","6級から","","","","常用漢字表","校正不要"
"不精","ぶしょう","6級から","","","","常用漢字表","校正不要"
"不用心","ぶようじん","6級から","","ぶようじん / ふようじん","","常用漢字表","校正不要"
"富貴","ふうき","5級から","","ふうき / ふっき","","常用漢字表","校正不要"
"富強","ふきょう","6級から","","ふきょう / ふうきょう","","常用漢字表","校正不要"
"富山県","とやまけん","6級から","","","","常用漢字表（都道府県）","校正不要"
"布目","ぬのめ","6級から","","","","常用漢字表","校正不要"
"武者人形","むしゃにんぎょう","6級から","","","","常用漢字表","校正不要"
"風紀","ふうき","6級から","","","","常用漢字表","校正不要"
"風体","ふうてい","6級から","","ふうてい / ふうたい","","常用漢字表","校正不要"
"風聞","ふうぶん","6級から","","","","常用漢字表","校正不要"
"福岡県","ふくおかけん","6級から","","","","常用漢字表（都道府県）","校正不要"
"福徳","ふくとく","6級から","","","","常用漢字表","校正不要"
"腹案","ふくあん","5級から","","","","常用漢字表","校正不要"
"腹芸","はらげい","5級から","","","","常用漢字表","校正不要"
"腹背","ふくはい","5級から","","","","常用漢字表","校正不要"
"仏事","ぶつじ","6級から","","","","常用漢字表","校正不要"
"仏様","ほとけさま","6級から","","","","常用漢字表","校正不要"
"分銅","ふんどう","6級から","","ふんどう / ぶんどう / ふんどん","","常用漢字表","校正不要"
"文化祭","ぶんかさい","6級から","","","","常用漢字表","校正不要"
"兵卒","へいそつ","6級から","","","","常用漢字表","校正不要"
"平手","ひらて","6級から","","","","常用漢字表","校正不要"
"平生","へいぜい","6級から","","","","国語辞典(JMdict)｜対義語・熟語の構成で使う語","校正不要"
"平方根","へいほうこん","6級から","","","","常用漢字表","校正不要"
"米食","べいしょく","6級から","","","","常用漢字表","校正不要"
"米俵","こめだわら","5級から","","","","常用漢字表","校正不要"
"返礼","へんれい","6級から","","","","常用漢字表","校正不要"
"便法","べんぽう","6級から","","","","常用漢字表","校正不要"
"弁舌","べんぜつ","5級から","","","","常用漢字表","校正不要"
"墓参","はかまいり","6級から","","はかまいり / ぼさん","","常用漢字表","校正不要"
"暮春","ぼしゅん","5級から","","","","常用漢字表","校正不要"
"母君","ははぎみ","6級から","","","","常用漢字表","校正不要"
"母堂","ぼどう","6級から","","","","常用漢字表","校正不要"
"包容力","ほうようりょく","6級から","","","","常用漢字表","校正不要"
"宝玉","ほうぎょく","5級から","","","","常用漢字表","校正不要"
"宝船","たからぶね","5級から","","","","常用漢字表","校正不要"
"法会","ほうえ","6級から","","","","常用漢字表","校正不要"
"法主","ほっす","6級から","","ほっす / ほっしゅ / ほうしゅ","","常用漢字表","校正不要"
"法度","はっと","6級から","","","","常用漢字表","校正不要"
"豊年","ほうねん","6級から","","","","常用漢字表","校正不要"
"亡父","ぼうふ","5級から","","","","常用漢字表","校正不要"
"暴投","ぼうとう","6級から","","","","常用漢字表","校正不要"
"貿易商","ぼうえきしょう","6級から","","","","常用漢字表","校正不要"
"北進","ほくしん","6級から","","","","常用漢字表","校正不要"
"牧笛","ぼくてき","6級から","","","","常用漢字表","校正不要"
"牧羊","ぼくよう","6級から","","","","常用漢字表","校正不要"
"本末","ほんまつ","6級から","","","","常用漢字表","校正不要"
"末子","ばっし","6級から","","ばっし / まっし / すえこ","","常用漢字表","校正不要"
"末寺","まつじ","6級から","","","","常用漢字表","校正不要"
"末代","まつだい","6級から","","","","常用漢字表","校正不要"
"末弟","ばってい","6級から","","ばってい / まってい","","常用漢字表","校正不要"
"民主的","みんしゅてき","6級から","","","","常用漢字表","校正不要"
"無欲","むよく","5級から","","","","常用漢字表","校正不要"
"名勝","めいしょう","6級から","","","","常用漢字表","校正不要"
"名刀","めいとう","6級から","","","","常用漢字表","校正不要"
"鳴動","めいどう","6級から","","","","常用漢字表","校正不要"
"綿糸","めんし","6級から","","","","常用漢字表","校正不要"
"綿布","めんぷ","6級から","","","","常用漢字表","校正不要"
"綿羊","めんよう","6級から","","","","常用漢字表","校正不要"
"面長","おもなが","6級から","","","","常用漢字表","校正不要"
"毛細管","もうさいかん","6級から","","","","常用漢字表","校正不要"
"毛筆","もうひつ","6級から","","","","常用漢字表","校正不要"
"木石","ぼくせき","6級から","","","","常用漢字表","校正不要"
"目深","まぶか","6級から","","まぶか / めぶか","","常用漢字表","校正不要"
"目測","もくそく","6級から","","","","常用漢字表","校正不要"
"門口","かどぐち","6級から","","","","常用漢字表","校正不要"
"門松","かどまつ","6級から","","","","常用漢字表","校正不要"
"夜昼","よるひる","6級から","","","","常用漢字表","校正不要"
"夜風","よかぜ","6級から","","","","常用漢字表","校正不要"
"野犬","やけん","6級から","","やけん / のいぬ","","常用漢字表","校正不要"
"矢面","やおもて","6級から","","","","常用漢字表","校正不要"
"約半分","やくはんぶん","6級から","","","","常用漢字表","校正不要"
"油井","ゆせい","6級から","","","","常用漢字表","校正不要"
"優良児","ゆうりょうじ","5級から","","","","常用漢字表","校正不要"
"有象無象","うぞうむぞう","6級から","","","","常用漢字表","校正不要"
"遊山","ゆさん","6級から","","","","常用漢字表","校正不要"
"郵券","ゆうけん","5級から","","","","常用漢字表","校正不要"
"幼友達","おさなともだち","5級から","","","","常用漢字表","校正不要"
"洋弓","ようきゅう","6級から","","","","常用漢字表","校正不要"
"洋酒","ようしゅ","6級から","","","","常用漢字表","校正不要"
"葉桜","はざくら","6級から","","","","常用漢字表","校正不要"
"葉緑素","ようりょくそ","6級から","","","","常用漢字表","校正不要"
"翌春","よくしゅん","5級から","","","","常用漢字表","校正不要"
"落花","らっか","6級から","","","","常用漢字表","校正不要"
"落城","らくじょう","6級から","","","","常用漢字表","校正不要"
"落丁","らくちょう","6級から","","","","常用漢字表","校正不要"
"乱戦","らんせん","5級から","","","","常用漢字表","校正不要"
"乱打","らんだ","5級から","","","","常用漢字表","校正不要"
"里心","さとごころ","6級から","","","","常用漢字表","校正不要"
"里程","りてい","6級から","","","","常用漢字表","校正不要"
"律動","りつどう","5級から","","","","常用漢字表","校正不要"
"流罪","るざい","6級から","","","","常用漢字表","校正不要"
"良妻","りょうさい","6級から","","","","常用漢字表","校正不要"
"緑青","ろくしょう","6級から","","ろくしょう / りょくしょう","","常用漢字表","校正不要"
"輪番","りんばん","6級から","","","","常用漢字表","校正不要"
"令妹","れいまい","6級から","","","","常用漢字表","校正不要"
"老骨","ろうこつ","5級から","","","","常用漢字表","校正不要"
"老若","ろうにゃく","5級から","","ろうにゃく / ろうじゃく","","常用漢字表","校正不要"
"六大州","ろくだいしゅう","6級から","","","","常用漢字表","校正不要"
"六日","むいか","6級から","","","","常用漢字表","校正不要"
